order_details_id,order_id,order_date,order_time,item_id,menu_item_id,item_name,category,price
11,6,2023-01-01,"12:29:36 PM",101,101,Hamburger,American,12.95
26,11,2023-01-01,"1:02:59 PM",101,101,Hamburger,American,12.95
43,17,2023-01-01,"1:53:00 PM",101,101,Hamburger,American,12.95
63,24,2023-01-01,"2:23:01 PM",101,101,Hamburger,American,12.95
71,27,2023-01-01,"3:11:17 PM",101,101,Hamburger,American,12.95
83,33,2023-01-01,"3:54:08 PM",101,101,Hamburger,American,12.95
90,36,2023-01-01,"4:54:09 PM",101,101,Hamburger,American,12.95
123,51,2023-01-01,"6:48:28 PM",101,101,Hamburger,American,12.95
145,61,2023-01-01,"8:08:43 PM",101,101,Hamburger,American,12.95
147,62,2023-01-01,"8:50:16 PM",101,101,Hamburger,American,12.95
161,69,2023-01-01,"10:12:13 PM",101,101,Hamburger,American,12.95
178,77,2023-01-02,"12:22:46 PM",101,101,Hamburger,American,12.95
212,91,2023-01-02,"3:14:43 PM",101,101,Hamburger,American,12.95
215,92,2023-01-02,"3:17:02 PM",101,101,Hamburger,American,12.95
239,102,2023-01-02,"5:54:04 PM",101,101,Hamburger,American,12.95
242,104,2023-01-02,"6:02:12 PM",101,101,Hamburger,American,12.95
288,121,2023-01-02,"7:38:48 PM",101,101,Hamburger,American,12.95
294,124,2023-01-02,"8:12:34 PM",101,101,Hamburger,American,12.95
313,133,2023-01-02,"10:00:17 PM",101,101,Hamburger,American,12.95
342,144,2023-01-03,"1:44:28 PM",101,101,Hamburger,American,12.95
396,167,2023-01-03,"5:00:49 PM",101,101,Hamburger,American,12.95
447,190,2023-01-03,"8:14:23 PM",101,101,Hamburger,American,12.95
458,194,2023-01-03,"9:21:24 PM",101,101,Hamburger,American,12.95
459,195,2023-01-03,"9:25:20 PM",101,101,Hamburger,American,12.95
488,208,2023-01-04,"12:12:05 PM",101,101,Hamburger,American,12.95
489,208,2023-01-04,"12:12:05 PM",101,101,Hamburger,American,12.95
503,216,2023-01-04,"2:31:56 PM",101,101,Hamburger,American,12.95
509,219,2023-01-04,"2:42:01 PM",101,101,Hamburger,American,12.95
527,225,2023-01-04,"4:41:48 PM",101,101,Hamburger,American,12.95
528,225,2023-01-04,"4:41:48 PM",101,101,Hamburger,American,12.95
531,227,2023-01-04,"5:24:39 PM",101,101,Hamburger,American,12.95
541,232,2023-01-04,"6:21:59 PM",101,101,Hamburger,American,12.95
564,245,2023-01-04,"8:28:41 PM",101,101,Hamburger,American,12.95
573,249,2023-01-04,"9:06:16 PM",101,101,Hamburger,American,12.95
579,254,2023-01-04,"10:22:13 PM",101,101,Hamburger,American,12.95
660,291,2023-01-05,"5:44:39 PM",101,101,Hamburger,American,12.95
667,294,2023-01-05,"6:16:35 PM",101,101,Hamburger,American,12.95
782,341,2023-01-06,"3:35:47 PM",101,101,Hamburger,American,12.95
809,353,2023-01-06,"5:59:48 PM",101,101,Hamburger,American,12.95
823,360,2023-01-06,"6:50:38 PM",101,101,Hamburger,American,12.95
828,362,2023-01-06,"7:13:36 PM",101,101,Hamburger,American,12.95
874,387,2023-01-07,"1:03:14 PM",101,101,Hamburger,American,12.95
881,388,2023-01-07,"1:04:56 PM",101,101,Hamburger,American,12.95
916,399,2023-01-07,"3:47:49 PM",101,101,Hamburger,American,12.95
925,403,2023-01-07,"4:26:10 PM",101,101,Hamburger,American,12.95
955,419,2023-01-07,"7:02:31 PM",101,101,Hamburger,American,12.95
961,421,2023-01-07,"7:21:58 PM",101,101,Hamburger,American,12.95
998,437,2023-01-08,"12:07:54 PM",101,101,Hamburger,American,12.95
1048,452,2023-01-08,"1:24:11 PM",101,101,Hamburger,American,12.95
1070,463,2023-01-08,"2:40:28 PM",101,101,Hamburger,American,12.95
1072,464,2023-01-08,"2:49:01 PM",101,101,Hamburger,American,12.95
1080,469,2023-01-08,"3:37:18 PM",101,101,Hamburger,American,12.95
1108,483,2023-01-08,"5:54:05 PM",101,101,Hamburger,American,12.95
1184,522,2023-01-09,"2:09:33 PM",101,101,Hamburger,American,12.95
1229,542,2023-01-09,"6:08:06 PM",101,101,Hamburger,American,12.95
1257,555,2023-01-09,"8:18:25 PM",101,101,Hamburger,American,12.95
1276,567,2023-01-10,"12:27:47 PM",101,101,Hamburger,American,12.95
1287,569,2023-01-10,"12:37:10 PM",101,101,Hamburger,American,12.95
1306,578,2023-01-10,"1:48:49 PM",101,101,Hamburger,American,12.95
1352,601,2023-01-10,"6:58:19 PM",101,101,Hamburger,American,12.95
1362,607,2023-01-10,"7:36:16 PM",101,101,Hamburger,American,12.95
1391,620,2023-01-10,"8:45:45 PM",101,101,Hamburger,American,12.95
1455,645,2023-01-11,"2:03:45 PM",101,101,Hamburger,American,12.95
1467,651,2023-01-11,"2:49:35 PM",101,101,Hamburger,American,12.95
1481,657,2023-01-11,"4:45:47 PM",101,101,Hamburger,American,12.95
1488,660,2023-01-11,"5:09:36 PM",101,101,Hamburger,American,12.95
1491,662,2023-01-11,"5:21:49 PM",101,101,Hamburger,American,12.95
1497,665,2023-01-11,"5:42:23 PM",101,101,Hamburger,American,12.95
1546,691,2023-01-12,"12:45:53 PM",101,101,Hamburger,American,12.95
1549,693,2023-01-12,"1:04:24 PM",101,101,Hamburger,American,12.95
1572,702,2023-01-12,"2:38:35 PM",101,101,Hamburger,American,12.95
1582,707,2023-01-12,"3:41:32 PM",101,101,Hamburger,American,12.95
1586,709,2023-01-12,"3:53:56 PM",101,101,Hamburger,American,12.95
1606,717,2023-01-12,"5:24:44 PM",101,101,Hamburger,American,12.95
1610,719,2023-01-12,"5:52:27 PM",101,101,Hamburger,American,12.95
1620,723,2023-01-12,"6:21:04 PM",101,101,Hamburger,American,12.95
1651,737,2023-01-13,"11:31:34 AM",101,101,Hamburger,American,12.95
1669,742,2023-01-13,"12:53:01 PM",101,101,Hamburger,American,12.95
1672,745,2023-01-13,"1:36:53 PM",101,101,Hamburger,American,12.95
1699,755,2023-01-13,"3:50:49 PM",101,101,Hamburger,American,12.95
1740,775,2023-01-13,"6:42:12 PM",101,101,Hamburger,American,12.95
1746,777,2023-01-13,"7:10:20 PM",101,101,Hamburger,American,12.95
1806,801,2023-01-14,"1:10:53 PM",101,101,Hamburger,American,12.95
1824,806,2023-01-14,"2:12:22 PM",101,101,Hamburger,American,12.95
1846,819,2023-01-14,"5:21:39 PM",101,101,Hamburger,American,12.95
1852,823,2023-01-14,"5:42:17 PM",101,101,Hamburger,American,12.95
1886,835,2023-01-14,"7:56:01 PM",101,101,Hamburger,American,12.95
1887,835,2023-01-14,"7:56:01 PM",101,101,Hamburger,American,12.95
1921,851,2023-01-15,"12:20:22 PM",101,101,Hamburger,American,12.95
2000,889,2023-01-15,"5:27:51 PM",101,101,Hamburger,American,12.95
2007,895,2023-01-15,"6:18:11 PM",101,101,Hamburger,American,12.95
2025,904,2023-01-15,"8:07:01 PM",101,101,Hamburger,American,12.95
2027,905,2023-01-15,"8:12:06 PM",101,101,Hamburger,American,12.95
2035,909,2023-01-16,"11:19:25 AM",101,101,Hamburger,American,12.95
2041,911,2023-01-16,"11:36:00 AM",101,101,Hamburger,American,12.95
2046,915,2023-01-16,"12:20:22 PM",101,101,Hamburger,American,12.95
2061,920,2023-01-16,"1:16:55 PM",101,101,Hamburger,American,12.95
2092,931,2023-01-16,"3:27:24 PM",101,101,Hamburger,American,12.95
2115,942,2023-01-16,"5:18:37 PM",101,101,Hamburger,American,12.95
2119,945,2023-01-16,"5:58:38 PM",101,101,Hamburger,American,12.95
2142,953,2023-01-16,"7:12:08 PM",101,101,Hamburger,American,12.95
2159,961,2023-01-16,"7:42:20 PM",101,101,Hamburger,American,12.95
2193,978,2023-01-17,"12:24:36 PM",101,101,Hamburger,American,12.95
2211,981,2023-01-17,"1:56:46 PM",101,101,Hamburger,American,12.95
2222,987,2023-01-17,"2:41:14 PM",101,101,Hamburger,American,12.95
2231,993,2023-01-17,"4:16:59 PM",101,101,Hamburger,American,12.95
2249,1002,2023-01-17,"5:29:41 PM",101,101,Hamburger,American,12.95
2255,1005,2023-01-17,"5:49:51 PM",101,101,Hamburger,American,12.95
2281,1018,2023-01-17,"8:38:50 PM",101,101,Hamburger,American,12.95
2287,1020,2023-01-17,"9:04:20 PM",101,101,Hamburger,American,12.95
2288,1020,2023-01-17,"9:04:20 PM",101,101,Hamburger,American,12.95
2291,1021,2023-01-17,"9:11:31 PM",101,101,Hamburger,American,12.95
2297,1024,2023-01-17,"9:21:23 PM",101,101,Hamburger,American,12.95
2314,1032,2023-01-18,"11:45:13 AM",101,101,Hamburger,American,12.95
2316,1034,2023-01-18,"12:07:59 PM",101,101,Hamburger,American,12.95
2354,1047,2023-01-18,"2:50:37 PM",101,101,Hamburger,American,12.95
2358,1049,2023-01-18,"2:57:48 PM",101,101,Hamburger,American,12.95
2366,1054,2023-01-18,"3:56:04 PM",101,101,Hamburger,American,12.95
2369,1056,2023-01-18,"4:12:18 PM",101,101,Hamburger,American,12.95
2375,1059,2023-01-18,"4:30:14 PM",101,101,Hamburger,American,12.95
2389,1065,2023-01-18,"5:48:16 PM",101,101,Hamburger,American,12.95
2405,1070,2023-01-18,"6:21:27 PM",101,101,Hamburger,American,12.95
2438,1086,2023-01-19,"11:57:17 AM",101,101,Hamburger,American,12.95
2450,1090,2023-01-19,"12:14:24 PM",101,101,Hamburger,American,12.95
2458,1092,2023-01-19,"12:23:38 PM",101,101,Hamburger,American,12.95
2482,1097,2023-01-19,"1:02:07 PM",101,101,Hamburger,American,12.95
2536,1123,2023-01-19,"6:21:36 PM",101,101,Hamburger,American,12.95
2650,1170,2023-01-20,"4:37:24 PM",101,101,Hamburger,American,12.95
2673,1182,2023-01-20,"6:33:48 PM",101,101,Hamburger,American,12.95
2685,1189,2023-01-20,"7:40:47 PM",101,101,Hamburger,American,12.95
2737,1214,2023-01-21,"2:00:05 PM",101,101,Hamburger,American,12.95
2749,1216,2023-01-21,"2:08:29 PM",101,101,Hamburger,American,12.95
2807,1241,2023-01-21,"6:43:02 PM",101,101,Hamburger,American,12.95
2816,1244,2023-01-21,"7:24:32 PM",101,101,Hamburger,American,12.95
2848,1259,2023-01-22,"12:22:47 PM",101,101,Hamburger,American,12.95
2858,1265,2023-01-22,"12:59:26 PM",101,101,Hamburger,American,12.95
2869,1266,2023-01-22,"12:59:51 PM",101,101,Hamburger,American,12.95
2883,1274,2023-01-22,"1:24:14 PM",101,101,Hamburger,American,12.95
2884,1274,2023-01-22,"1:24:14 PM",101,101,Hamburger,American,12.95
2900,1278,2023-01-22,"2:07:34 PM",101,101,Hamburger,American,12.95
2922,1289,2023-01-22,"5:11:54 PM",101,101,Hamburger,American,12.95
2924,1290,2023-01-22,"5:17:19 PM",101,101,Hamburger,American,12.95
2954,1301,2023-01-22,"6:42:08 PM",101,101,Hamburger,American,12.95
3014,1328,2023-01-23,"12:29:42 PM",101,101,Hamburger,American,12.95
3050,1347,2023-01-23,"3:32:59 PM",101,101,Hamburger,American,12.95
3063,1353,2023-01-23,"4:21:26 PM",101,101,Hamburger,American,12.95
3077,1362,2023-01-23,"5:46:43 PM",101,101,Hamburger,American,12.95
3083,1364,2023-01-23,"5:50:42 PM",101,101,Hamburger,American,12.95
3093,1368,2023-01-23,"6:22:01 PM",101,101,Hamburger,American,12.95
3099,1371,2023-01-23,"6:54:00 PM",101,101,Hamburger,American,12.95
3106,1375,2023-01-23,"7:12:48 PM",101,101,Hamburger,American,12.95
3107,1375,2023-01-23,"7:12:48 PM",101,101,Hamburger,American,12.95
3114,1378,2023-01-23,"7:23:24 PM",101,101,Hamburger,American,12.95
3133,1386,2023-01-23,"9:01:24 PM",101,101,Hamburger,American,12.95
3147,1393,2023-01-24,"12:43:03 PM",101,101,Hamburger,American,12.95
3171,1405,2023-01-24,"3:00:13 PM",101,101,Hamburger,American,12.95
3246,1437,2023-01-24,"7:47:50 PM",101,101,Hamburger,American,12.95
3272,1450,2023-01-24,"9:23:08 PM",101,101,Hamburger,American,12.95
3273,1450,2023-01-24,"9:23:08 PM",101,101,Hamburger,American,12.95
3289,1456,2023-01-25,"1:35:14 PM",101,101,Hamburger,American,12.95
3290,1457,2023-01-25,"1:35:53 PM",101,101,Hamburger,American,12.95
3314,1464,2023-01-25,"2:43:49 PM",101,101,Hamburger,American,12.95
3319,1467,2023-01-25,"2:50:29 PM",101,101,Hamburger,American,12.95
3320,1468,2023-01-25,"3:05:16 PM",101,101,Hamburger,American,12.95
3324,1470,2023-01-25,"3:29:05 PM",101,101,Hamburger,American,12.95
3340,1476,2023-01-25,"5:05:06 PM",101,101,Hamburger,American,12.95
3371,1492,2023-01-25,"8:46:56 PM",101,101,Hamburger,American,12.95
3456,1533,2023-01-26,"4:08:02 PM",101,101,Hamburger,American,12.95
3461,1535,2023-01-26,"4:38:21 PM",101,101,Hamburger,American,12.95
3518,1565,2023-01-27,"1:21:20 PM",101,101,Hamburger,American,12.95
3530,1569,2023-01-27,"1:38:50 PM",101,101,Hamburger,American,12.95
3544,1571,2023-01-27,"2:32:25 PM",101,101,Hamburger,American,12.95
3549,1574,2023-01-27,"3:32:22 PM",101,101,Hamburger,American,12.95
3649,1619,2023-01-28,"11:36:34 AM",101,101,Hamburger,American,12.95
3660,1627,2023-01-28,"12:09:40 PM",101,101,Hamburger,American,12.95
3681,1637,2023-01-28,"1:21:08 PM",101,101,Hamburger,American,12.95
3688,1639,2023-01-28,"1:37:57 PM",101,101,Hamburger,American,12.95
3706,1644,2023-01-28,"3:01:14 PM",101,101,Hamburger,American,12.95
3707,1644,2023-01-28,"3:01:14 PM",101,101,Hamburger,American,12.95
3710,1646,2023-01-28,"3:28:30 PM",101,101,Hamburger,American,12.95
3719,1650,2023-01-28,"4:35:45 PM",101,101,Hamburger,American,12.95
3730,1655,2023-01-28,"6:15:14 PM",101,101,Hamburger,American,12.95
3737,1657,2023-01-28,"6:24:14 PM",101,101,Hamburger,American,12.95
3766,1671,2023-01-29,"11:55:01 AM",101,101,Hamburger,American,12.95
3780,1681,2023-01-29,"1:23:39 PM",101,101,Hamburger,American,12.95
3782,1682,2023-01-29,"1:27:10 PM",101,101,Hamburger,American,12.95
3785,1684,2023-01-29,"1:33:16 PM",101,101,Hamburger,American,12.95
3791,1685,2023-01-29,"1:36:52 PM",101,101,Hamburger,American,12.95
3819,1696,2023-01-29,"3:26:55 PM",101,101,Hamburger,American,12.95
3830,1703,2023-01-29,"5:47:55 PM",101,101,Hamburger,American,12.95
3842,1709,2023-01-29,"6:55:40 PM",101,101,Hamburger,American,12.95
3867,1721,2023-01-29,"8:38:52 PM",101,101,Hamburger,American,12.95
3885,1732,2023-01-30,"12:20:46 PM",101,101,Hamburger,American,12.95
3889,1734,2023-01-30,"12:36:42 PM",101,101,Hamburger,American,12.95
3907,1738,2023-01-30,"1:46:49 PM",101,101,Hamburger,American,12.95
3911,1739,2023-01-30,"1:49:56 PM",101,101,Hamburger,American,12.95
3912,1739,2023-01-30,"1:49:56 PM",101,101,Hamburger,American,12.95
3917,1744,2023-01-30,"2:26:51 PM",101,101,Hamburger,American,12.95
3931,1750,2023-01-30,"4:12:42 PM",101,101,Hamburger,American,12.95
3939,1754,2023-01-30,"5:11:32 PM",101,101,Hamburger,American,12.95
3988,1781,2023-01-30,"9:05:03 PM",101,101,Hamburger,American,12.95
3990,1782,2023-01-30,"9:05:29 PM",101,101,Hamburger,American,12.95
4021,1795,2023-01-31,"1:21:53 PM",101,101,Hamburger,American,12.95
4022,1795,2023-01-31,"1:21:53 PM",101,101,Hamburger,American,12.95
4091,1819,2023-01-31,"6:06:26 PM",101,101,Hamburger,American,12.95
4133,1837,2023-01-31,"8:56:35 PM",101,101,Hamburger,American,12.95
4197,1865,2023-02-01,"2:09:37 PM",101,101,Hamburger,American,12.95
4225,1876,2023-02-01,"3:56:21 PM",101,101,Hamburger,American,12.95
4258,1889,2023-02-01,"5:03:26 PM",101,101,Hamburger,American,12.95
4284,1901,2023-02-01,"5:47:51 PM",101,101,Hamburger,American,12.95
4293,1905,2023-02-01,"6:14:34 PM",101,101,Hamburger,American,12.95
4298,1908,2023-02-01,"6:28:56 PM",101,101,Hamburger,American,12.95
4300,1910,2023-02-01,"6:57:06 PM",101,101,Hamburger,American,12.95
4308,1916,2023-02-01,"7:27:59 PM",101,101,Hamburger,American,12.95
4316,1920,2023-02-01,"8:04:38 PM",101,101,Hamburger,American,12.95
4323,1923,2023-02-01,"8:34:14 PM",101,101,Hamburger,American,12.95
4325,1924,2023-02-01,"8:40:02 PM",101,101,Hamburger,American,12.95
4335,1928,2023-02-01,"9:57:20 PM",101,101,Hamburger,American,12.95
4374,1947,2023-02-02,"1:12:14 PM",101,101,Hamburger,American,12.95
4379,1949,2023-02-02,"1:14:06 PM",101,101,Hamburger,American,12.95
4432,1970,2023-02-02,"5:30:16 PM",101,101,Hamburger,American,12.95
4462,1986,2023-02-02,"8:07:17 PM",101,101,Hamburger,American,12.95
4472,1989,2023-02-02,"9:15:17 PM",101,101,Hamburger,American,12.95
4484,1995,2023-02-02,"10:19:33 PM",101,101,Hamburger,American,12.95
4503,2000,2023-02-03,"12:14:27 PM",101,101,Hamburger,American,12.95
4533,2007,2023-02-03,"12:37:21 PM",101,101,Hamburger,American,12.95
4552,2016,2023-02-03,"1:47:00 PM",101,101,Hamburger,American,12.95
4555,2017,2023-02-03,"1:51:56 PM",101,101,Hamburger,American,12.95
4587,2033,2023-02-03,"5:13:15 PM",101,101,Hamburger,American,12.95
4594,2036,2023-02-03,"5:17:29 PM",101,101,Hamburger,American,12.95
4602,2042,2023-02-03,"6:01:43 PM",101,101,Hamburger,American,12.95
4615,2049,2023-02-03,"7:00:24 PM",101,101,Hamburger,American,12.95
4652,2064,2023-02-04,"12:26:39 PM",101,101,Hamburger,American,12.95
4670,2073,2023-02-04,"1:35:51 PM",101,101,Hamburger,American,12.95
4694,2076,2023-02-04,"2:11:44 PM",101,101,Hamburger,American,12.95
4697,2078,2023-02-04,"2:49:29 PM",101,101,Hamburger,American,12.95
4713,2087,2023-02-04,"4:39:18 PM",101,101,Hamburger,American,12.95
4717,2090,2023-02-04,"5:17:07 PM",101,101,Hamburger,American,12.95
4729,2095,2023-02-04,"5:49:55 PM",101,101,Hamburger,American,12.95
4748,2103,2023-02-04,"7:38:28 PM",101,101,Hamburger,American,12.95
4768,2111,2023-02-04,"9:28:44 PM",101,101,Hamburger,American,12.95
4772,2112,2023-02-04,"10:07:51 PM",101,101,Hamburger,American,12.95
4797,2126,2023-02-05,"1:31:29 PM",101,101,Hamburger,American,12.95
4798,2126,2023-02-05,"1:31:29 PM",101,101,Hamburger,American,12.95
4841,2142,2023-02-05,"5:36:09 PM",101,101,Hamburger,American,12.95
4861,2151,2023-02-05,"6:22:28 PM",101,101,Hamburger,American,12.95
4867,2154,2023-02-05,"6:55:27 PM",101,101,Hamburger,American,12.95
4883,2161,2023-02-05,"8:10:24 PM",101,101,Hamburger,American,12.95
4927,2183,2023-02-06,"12:25:17 PM",101,101,Hamburger,American,12.95
4983,2203,2023-02-06,"4:11:41 PM",101,101,Hamburger,American,12.95
4988,2205,2023-02-06,"4:39:28 PM",101,101,Hamburger,American,12.95
5011,2217,2023-02-06,"6:21:44 PM",101,101,Hamburger,American,12.95
5023,2222,2023-02-06,"6:51:55 PM",101,101,Hamburger,American,12.95
5040,2232,2023-02-06,"8:50:02 PM",101,101,Hamburger,American,12.95
5068,2243,2023-02-07,"12:22:59 PM",101,101,Hamburger,American,12.95
5083,2253,2023-02-07,"2:54:01 PM",101,101,Hamburger,American,12.95
5084,2254,2023-02-07,"3:00:58 PM",101,101,Hamburger,American,12.95
5105,2260,2023-02-07,"3:43:28 PM",101,101,Hamburger,American,12.95
5116,2265,2023-02-07,"5:05:42 PM",101,101,Hamburger,American,12.95
5177,2293,2023-02-07,"9:14:52 PM",101,101,Hamburger,American,12.95
5209,2309,2023-02-08,"1:06:36 PM",101,101,Hamburger,American,12.95
5233,2317,2023-02-08,"2:49:35 PM",101,101,Hamburger,American,12.95
5246,2323,2023-02-08,"4:07:18 PM",101,101,Hamburger,American,12.95
5284,2341,2023-02-08,"7:07:53 PM",101,101,Hamburger,American,12.95
5294,2346,2023-02-08,"8:25:39 PM",101,101,Hamburger,American,12.95
5301,2348,2023-02-08,"8:58:36 PM",101,101,Hamburger,American,12.95
5333,2364,2023-02-09,"12:52:36 PM",101,101,Hamburger,American,12.95
5373,2375,2023-02-09,"3:14:42 PM",101,101,Hamburger,American,12.95
5376,2376,2023-02-09,"3:25:59 PM",101,101,Hamburger,American,12.95
5392,2382,2023-02-09,"5:09:34 PM",101,101,Hamburger,American,12.95
5402,2387,2023-02-09,"5:38:39 PM",101,101,Hamburger,American,12.95
5416,2394,2023-02-09,"6:14:43 PM",101,101,Hamburger,American,12.95
5451,2409,2023-02-10,"11:28:16 AM",101,101,Hamburger,American,12.95
5460,2413,2023-02-10,"12:10:19 PM",101,101,Hamburger,American,12.95
5521,2442,2023-02-10,"4:49:38 PM",101,101,Hamburger,American,12.95
5564,2462,2023-02-10,"8:18:10 PM",101,101,Hamburger,American,12.95
5565,2462,2023-02-10,"8:18:10 PM",101,101,Hamburger,American,12.95
5595,2479,2023-02-11,"12:35:27 PM",101,101,Hamburger,American,12.95
5615,2488,2023-02-11,"1:43:20 PM",101,101,Hamburger,American,12.95
5627,2492,2023-02-11,"2:20:32 PM",101,101,Hamburger,American,12.95
5705,2527,2023-02-11,"7:53:46 PM",101,101,Hamburger,American,12.95
5720,2533,2023-02-11,"9:34:53 PM",101,101,Hamburger,American,12.95
5737,2544,2023-02-12,"12:03:27 PM",101,101,Hamburger,American,12.95
5742,2547,2023-02-12,"12:45:49 PM",101,101,Hamburger,American,12.95
5743,2547,2023-02-12,"12:45:49 PM",101,101,Hamburger,American,12.95
5754,2548,2023-02-12,"12:48:03 PM",101,101,Hamburger,American,12.95
5755,2548,2023-02-12,"12:48:03 PM",101,101,Hamburger,American,12.95
5764,2552,2023-02-12,"1:47:03 PM",101,101,Hamburger,American,12.95
5767,2555,2023-02-12,"2:00:00 PM",101,101,Hamburger,American,12.95
5794,2568,2023-02-12,"3:53:33 PM",101,101,Hamburger,American,12.95
5831,2586,2023-02-12,"7:04:06 PM",101,101,Hamburger,American,12.95
5836,2588,2023-02-12,"8:01:13 PM",101,101,Hamburger,American,12.95
5873,2603,2023-02-13,"12:22:43 PM",101,101,Hamburger,American,12.95
5874,2604,2023-02-13,"12:33:36 PM",101,101,Hamburger,American,12.95
5878,2606,2023-02-13,"12:56:00 PM",101,101,Hamburger,American,12.95
5882,2609,2023-02-13,"1:12:42 PM",101,101,Hamburger,American,12.95
5888,2612,2023-02-13,"1:43:11 PM",101,101,Hamburger,American,12.95
5908,2617,2023-02-13,"2:38:42 PM",101,101,Hamburger,American,12.95
5952,2637,2023-02-13,"6:17:35 PM",101,101,Hamburger,American,12.95
5958,2640,2023-02-13,"7:21:23 PM",101,101,Hamburger,American,12.95
5976,2648,2023-02-13,"8:48:10 PM",101,101,Hamburger,American,12.95
6011,2665,2023-02-13,"10:41:26 PM",101,101,Hamburger,American,12.95
6027,2675,2023-02-14,"2:41:49 PM",101,101,Hamburger,American,12.95
6046,2678,2023-02-14,"3:47:53 PM",101,101,Hamburger,American,12.95
6058,2688,2023-02-14,"5:43:28 PM",101,101,Hamburger,American,12.95
6061,2690,2023-02-14,"5:49:26 PM",101,101,Hamburger,American,12.95
6073,2695,2023-02-14,"6:15:16 PM",101,101,Hamburger,American,12.95
6132,2716,2023-02-14,"9:33:46 PM",101,101,Hamburger,American,12.95
6133,2716,2023-02-14,"9:33:46 PM",101,101,Hamburger,American,12.95
6138,2718,2023-02-14,"10:16:39 PM",101,101,Hamburger,American,12.95
6144,2720,2023-02-14,"10:29:54 PM",101,101,Hamburger,American,12.95
6146,2722,2023-02-14,"10:52:37 PM",101,101,Hamburger,American,12.95
6153,2725,2023-02-15,"11:52:00 AM",101,101,Hamburger,American,12.95
6185,2736,2023-02-15,"3:11:36 PM",101,101,Hamburger,American,12.95
6228,2756,2023-02-15,"5:50:18 PM",101,101,Hamburger,American,12.95
6260,2772,2023-02-15,"9:02:21 PM",101,101,Hamburger,American,12.95
6268,2774,2023-02-15,"9:02:44 PM",101,101,Hamburger,American,12.95
6338,2802,2023-02-16,"4:01:31 PM",101,101,Hamburger,American,12.95
6371,2816,2023-02-16,"6:21:37 PM",101,101,Hamburger,American,12.95
6401,2830,2023-02-17,"11:51:54 AM",101,101,Hamburger,American,12.95
6408,2834,2023-02-17,"12:43:07 PM",101,101,Hamburger,American,12.95
6419,2843,2023-02-17,"1:36:33 PM",101,101,Hamburger,American,12.95
6478,2867,2023-02-17,"5:36:38 PM",101,101,Hamburger,American,12.95
6479,2867,2023-02-17,"5:36:38 PM",101,101,Hamburger,American,12.95
6513,2883,2023-02-17,"9:51:06 PM",101,101,Hamburger,American,12.95
6518,2885,2023-02-17,"10:20:14 PM",101,101,Hamburger,American,12.95
6521,2887,2023-02-17,"10:25:41 PM",101,101,Hamburger,American,12.95
6538,2895,2023-02-18,"12:06:59 PM",101,101,Hamburger,American,12.95
6606,2921,2023-02-18,"5:13:58 PM",101,101,Hamburger,American,12.95
6637,2933,2023-02-18,"6:50:39 PM",101,101,Hamburger,American,12.95
6650,2937,2023-02-18,"7:57:16 PM",101,101,Hamburger,American,12.95
6654,2939,2023-02-18,"8:08:11 PM",101,101,Hamburger,American,12.95
6710,2961,2023-02-19,"1:13:54 PM",101,101,Hamburger,American,12.95
6737,2969,2023-02-19,"2:10:09 PM",101,101,Hamburger,American,12.95
6739,2971,2023-02-19,"2:32:56 PM",101,101,Hamburger,American,12.95
6756,2981,2023-02-19,"5:21:47 PM",101,101,Hamburger,American,12.95
6771,2989,2023-02-19,"6:11:40 PM",101,101,Hamburger,American,12.95
6779,2994,2023-02-19,"6:58:08 PM",101,101,Hamburger,American,12.95
6794,3001,2023-02-19,"8:34:39 PM",101,101,Hamburger,American,12.95
6828,3015,2023-02-20,"12:59:05 PM",101,101,Hamburger,American,12.95
6839,3019,2023-02-20,"1:15:28 PM",101,101,Hamburger,American,12.95
6848,3024,2023-02-20,"1:35:59 PM",101,101,Hamburger,American,12.95
6867,3031,2023-02-20,"2:06:14 PM",101,101,Hamburger,American,12.95
6882,3037,2023-02-20,"3:16:15 PM",101,101,Hamburger,American,12.95
6890,3041,2023-02-20,"4:25:39 PM",101,101,Hamburger,American,12.95
6904,3047,2023-02-20,"5:42:09 PM",101,101,Hamburger,American,12.95
6965,3074,2023-02-20,"9:39:19 PM",101,101,Hamburger,American,12.95
6981,3082,2023-02-21,"12:37:30 PM",101,101,Hamburger,American,12.95
6982,3082,2023-02-21,"12:37:30 PM",101,101,Hamburger,American,12.95
7015,3095,2023-02-21,"3:11:34 PM",101,101,Hamburger,American,12.95
7024,3097,2023-02-21,"3:25:30 PM",101,101,Hamburger,American,12.95
7038,3103,2023-02-21,"4:37:19 PM",101,101,Hamburger,American,12.95
7046,3108,2023-02-21,"5:28:57 PM",101,101,Hamburger,American,12.95
7070,3120,2023-02-21,"7:21:02 PM",101,101,Hamburger,American,12.95
7092,3132,2023-02-21,"10:55:11 PM",101,101,Hamburger,American,12.95
7100,3135,2023-02-22,"12:00:54 PM",101,101,Hamburger,American,12.95
7110,3138,2023-02-22,"1:02:28 PM",101,101,Hamburger,American,12.95
7131,3145,2023-02-22,"3:41:07 PM",101,101,Hamburger,American,12.95
7184,3169,2023-02-22,"9:50:42 PM",101,101,Hamburger,American,12.95
7192,3172,2023-02-23,"11:52:30 AM",101,101,Hamburger,American,12.95
7206,3179,2023-02-23,"12:41:52 PM",101,101,Hamburger,American,12.95
7222,3187,2023-02-23,"1:27:18 PM",101,101,Hamburger,American,12.95
7291,3212,2023-02-23,"6:33:38 PM",101,101,Hamburger,American,12.95
7337,3234,2023-02-24,"12:34:37 PM",101,101,Hamburger,American,12.95
7338,3234,2023-02-24,"12:34:37 PM",101,101,Hamburger,American,12.95
7348,3236,2023-02-24,"12:50:51 PM",101,101,Hamburger,American,12.95
7375,3250,2023-02-24,"4:09:29 PM",101,101,Hamburger,American,12.95
7400,3261,2023-02-24,"5:50:57 PM",101,101,Hamburger,American,12.95
7407,3263,2023-02-24,"6:11:03 PM",101,101,Hamburger,American,12.95
7438,3279,2023-02-24,"9:35:05 PM",101,101,Hamburger,American,12.95
7451,3285,2023-02-25,"11:47:42 AM",101,101,Hamburger,American,12.95
7456,3287,2023-02-25,"12:00:21 PM",101,101,Hamburger,American,12.95
7487,3296,2023-02-25,"12:45:11 PM",101,101,Hamburger,American,12.95
7516,3310,2023-02-25,"3:39:00 PM",101,101,Hamburger,American,12.95
7566,3333,2023-02-25,"7:44:04 PM",101,101,Hamburger,American,12.95
7608,3355,2023-02-26,"1:04:26 PM",101,101,Hamburger,American,12.95
7629,3363,2023-02-26,"1:52:23 PM",101,101,Hamburger,American,12.95
7704,3392,2023-02-26,"6:49:00 PM",101,101,Hamburger,American,12.95
7731,3403,2023-02-27,"11:57:25 AM",101,101,Hamburger,American,12.95
7747,3412,2023-02-27,"12:40:41 PM",101,101,Hamburger,American,12.95
7831,3444,2023-02-27,"5:57:03 PM",101,101,Hamburger,American,12.95
7850,3450,2023-02-27,"6:45:28 PM",101,101,Hamburger,American,12.95
7863,3455,2023-02-27,"7:06:41 PM",101,101,Hamburger,American,12.95
7866,3456,2023-02-27,"7:09:27 PM",101,101,Hamburger,American,12.95
7874,3460,2023-02-27,"7:14:07 PM",101,101,Hamburger,American,12.95
7897,3473,2023-02-28,"11:49:43 AM",101,101,Hamburger,American,12.95
7926,3482,2023-02-28,"1:05:32 PM",101,101,Hamburger,American,12.95
7940,3489,2023-02-28,"3:08:43 PM",101,101,Hamburger,American,12.95
7941,3490,2023-02-28,"3:26:21 PM",101,101,Hamburger,American,12.95
7966,3500,2023-02-28,"5:41:37 PM",101,101,Hamburger,American,12.95
7981,3505,2023-02-28,"6:35:20 PM",101,101,Hamburger,American,12.95
7988,3508,2023-02-28,"6:58:46 PM",101,101,Hamburger,American,12.95
8003,3512,2023-02-28,"7:39:15 PM",101,101,Hamburger,American,12.95
8054,3534,2023-03-01,"12:33:49 PM",101,101,Hamburger,American,12.95
8103,3556,2023-03-01,"5:52:21 PM",101,101,Hamburger,American,12.95
8152,3583,2023-03-02,"12:07:16 PM",101,101,Hamburger,American,12.95
8169,3586,2023-03-02,"12:34:55 PM",101,101,Hamburger,American,12.95
8174,3589,2023-03-02,"12:46:49 PM",101,101,Hamburger,American,12.95
8215,3608,2023-03-02,"3:50:46 PM",101,101,Hamburger,American,12.95
8219,3609,2023-03-02,"3:53:54 PM",101,101,Hamburger,American,12.95
8230,3615,2023-03-02,"5:13:08 PM",101,101,Hamburger,American,12.95
8235,3617,2023-03-02,"5:31:32 PM",101,101,Hamburger,American,12.95
8254,3625,2023-03-02,"6:29:22 PM",101,101,Hamburger,American,12.95
8262,3628,2023-03-02,"7:01:00 PM",101,101,Hamburger,American,12.95
8318,3654,2023-03-03,"1:38:34 PM",101,101,Hamburger,American,12.95
8353,3661,2023-03-03,"3:05:02 PM",101,101,Hamburger,American,12.95
8363,3665,2023-03-03,"4:32:20 PM",101,101,Hamburger,American,12.95
8366,3666,2023-03-03,"4:43:44 PM",101,101,Hamburger,American,12.95
8398,3680,2023-03-03,"7:10:38 PM",101,101,Hamburger,American,12.95
8412,3688,2023-03-03,"8:46:18 PM",101,101,Hamburger,American,12.95
8419,3691,2023-03-04,"11:23:00 AM",101,101,Hamburger,American,12.95
8445,3702,2023-03-04,"12:53:29 PM",101,101,Hamburger,American,12.95
8453,3703,2023-03-04,"12:59:51 PM",101,101,Hamburger,American,12.95
8467,3710,2023-03-04,"1:48:40 PM",101,101,Hamburger,American,12.95
8479,3713,2023-03-04,"2:45:20 PM",101,101,Hamburger,American,12.95
8512,3729,2023-03-04,"5:52:09 PM",101,101,Hamburger,American,12.95
8523,3733,2023-03-04,"6:19:59 PM",101,101,Hamburger,American,12.95
8524,3733,2023-03-04,"6:19:59 PM",101,101,Hamburger,American,12.95
8550,3745,2023-03-04,"8:30:11 PM",101,101,Hamburger,American,12.95
8554,3747,2023-03-04,"8:48:13 PM",101,101,Hamburger,American,12.95
8556,3748,2023-03-04,"8:59:07 PM",101,101,Hamburger,American,12.95
8573,3755,2023-03-05,"12:20:34 PM",101,101,Hamburger,American,12.95
8574,3756,2023-03-05,"12:30:24 PM",101,101,Hamburger,American,12.95
8581,3760,2023-03-05,"12:49:45 PM",101,101,Hamburger,American,12.95
8656,3793,2023-03-05,"5:04:01 PM",101,101,Hamburger,American,12.95
8692,3808,2023-03-05,"6:39:12 PM",101,101,Hamburger,American,12.95
8732,3828,2023-03-06,"12:48:55 PM",101,101,Hamburger,American,12.95
8742,3829,2023-03-06,"1:05:46 PM",101,101,Hamburger,American,12.95
8755,3838,2023-03-06,"2:47:21 PM",101,101,Hamburger,American,12.95
8761,3842,2023-03-06,"3:41:03 PM",101,101,Hamburger,American,12.95
8763,3843,2023-03-06,"3:46:23 PM",101,101,Hamburger,American,12.95
8819,3867,2023-03-06,"8:10:12 PM",101,101,Hamburger,American,12.95
8822,3868,2023-03-06,"8:18:30 PM",101,101,Hamburger,American,12.95
8823,3869,2023-03-06,"8:29:18 PM",101,101,Hamburger,American,12.95
8848,3880,2023-03-07,"11:38:08 AM",101,101,Hamburger,American,12.95
8868,3887,2023-03-07,"12:24:10 PM",101,101,Hamburger,American,12.95
8869,3887,2023-03-07,"12:24:10 PM",101,101,Hamburger,American,12.95
8880,3892,2023-03-07,"3:00:38 PM",101,101,Hamburger,American,12.95
8908,3903,2023-03-07,"5:18:44 PM",101,101,Hamburger,American,12.95
8922,3911,2023-03-07,"6:41:26 PM",101,101,Hamburger,American,12.95
8927,3913,2023-03-07,"6:45:53 PM",101,101,Hamburger,American,12.95
8931,3914,2023-03-07,"7:08:43 PM",101,101,Hamburger,American,12.95
8965,3928,2023-03-07,"9:01:55 PM",101,101,Hamburger,American,12.95
8971,3931,2023-03-07,"9:23:14 PM",101,101,Hamburger,American,12.95
8976,3934,2023-03-07,"10:31:24 PM",101,101,Hamburger,American,12.95
9002,3942,2023-03-08,"12:34:14 PM",101,101,Hamburger,American,12.95
9022,3952,2023-03-08,"2:14:42 PM",101,101,Hamburger,American,12.95
9040,3965,2023-03-08,"4:26:39 PM",101,101,Hamburger,American,12.95
9045,3967,2023-03-08,"4:48:23 PM",101,101,Hamburger,American,12.95
9058,3972,2023-03-08,"5:29:55 PM",101,101,Hamburger,American,12.95
9064,3974,2023-03-08,"5:41:34 PM",101,101,Hamburger,American,12.95
9090,3987,2023-03-08,"6:33:21 PM",101,101,Hamburger,American,12.95
9091,3987,2023-03-08,"6:33:21 PM",101,101,Hamburger,American,12.95
9102,3992,2023-03-08,"8:14:02 PM",101,101,Hamburger,American,12.95
9106,3993,2023-03-08,"8:29:17 PM",101,101,Hamburger,American,12.95
9111,3996,2023-03-08,"8:51:13 PM",101,101,Hamburger,American,12.95
9113,3997,2023-03-08,"8:55:45 PM",101,101,Hamburger,American,12.95
9119,4000,2023-03-09,"11:34:01 AM",101,101,Hamburger,American,12.95
9136,4007,2023-03-09,"1:03:46 PM",101,101,Hamburger,American,12.95
9139,4009,2023-03-09,"1:06:54 PM",101,101,Hamburger,American,12.95
9140,4009,2023-03-09,"1:06:54 PM",101,101,Hamburger,American,12.95
9150,4013,2023-03-09,"1:31:53 PM",101,101,Hamburger,American,12.95
9152,4014,2023-03-09,"1:39:39 PM",101,101,Hamburger,American,12.95
9164,4015,2023-03-09,"2:05:48 PM",101,101,Hamburger,American,12.95
9216,4037,2023-03-09,"6:01:34 PM",101,101,Hamburger,American,12.95
9228,4043,2023-03-09,"6:37:57 PM",101,101,Hamburger,American,12.95
9244,4051,2023-03-09,"8:28:51 PM",101,101,Hamburger,American,12.95
9259,4057,2023-03-10,"11:28:54 AM",101,101,Hamburger,American,12.95
9303,4076,2023-03-10,"1:43:55 PM",101,101,Hamburger,American,12.95
9318,4079,2023-03-10,"2:36:45 PM",101,101,Hamburger,American,12.95
9322,4082,2023-03-10,"2:53:14 PM",101,101,Hamburger,American,12.95
9370,4105,2023-03-10,"7:30:41 PM",101,101,Hamburger,American,12.95
9378,4108,2023-03-10,"8:20:38 PM",101,101,Hamburger,American,12.95
9426,4125,2023-03-11,"1:00:09 PM",101,101,Hamburger,American,12.95
9434,4131,2023-03-11,"1:45:13 PM",101,101,Hamburger,American,12.95
9435,4131,2023-03-11,"1:45:13 PM",101,101,Hamburger,American,12.95
9519,4170,2023-03-11,"8:01:57 PM",101,101,Hamburger,American,12.95
9538,4181,2023-03-12,"12:08:19 PM",101,101,Hamburger,American,12.95
9549,4186,2023-03-12,"12:38:05 PM",101,101,Hamburger,American,12.95
9563,4189,2023-03-12,"1:15:42 PM",101,101,Hamburger,American,12.95
9569,4191,2023-03-12,"1:55:19 PM",101,101,Hamburger,American,12.95
9576,4195,2023-03-12,"2:47:42 PM",101,101,Hamburger,American,12.95
9613,4211,2023-03-12,"5:34:27 PM",101,101,Hamburger,American,12.95
9619,4214,2023-03-12,"6:09:43 PM",101,101,Hamburger,American,12.95
9628,4219,2023-03-12,"6:45:21 PM",101,101,Hamburger,American,12.95
9686,4242,2023-03-13,"1:15:50 PM",101,101,Hamburger,American,12.95
9718,4257,2023-03-13,"5:15:09 PM",101,101,Hamburger,American,12.95
9726,4261,2023-03-13,"5:39:14 PM",101,101,Hamburger,American,12.95
9740,4266,2023-03-13,"5:54:30 PM",101,101,Hamburger,American,12.95
9769,4278,2023-03-13,"7:32:04 PM",101,101,Hamburger,American,12.95
9779,4284,2023-03-13,"8:01:36 PM",101,101,Hamburger,American,12.95
9804,4294,2023-03-13,"9:14:47 PM",101,101,Hamburger,American,12.95
9811,4297,2023-03-13,"10:06:21 PM",101,101,Hamburger,American,12.95
9818,4300,2023-03-14,"12:28:34 PM",101,101,Hamburger,American,12.95
9819,4300,2023-03-14,"12:28:34 PM",101,101,Hamburger,American,12.95
9827,4305,2023-03-14,"1:09:20 PM",101,101,Hamburger,American,12.95
9894,4332,2023-03-14,"6:02:55 PM",101,101,Hamburger,American,12.95
9930,4351,2023-03-14,"9:05:17 PM",101,101,Hamburger,American,12.95
9940,4356,2023-03-15,"11:48:27 AM",101,101,Hamburger,American,12.95
9944,4357,2023-03-15,"11:49:01 AM",101,101,Hamburger,American,12.95
9979,4368,2023-03-15,"2:29:45 PM",101,101,Hamburger,American,12.95
9991,4374,2023-03-15,"3:48:11 PM",101,101,Hamburger,American,12.95
10017,4384,2023-03-15,"4:57:07 PM",101,101,Hamburger,American,12.95
10031,4390,2023-03-15,"6:28:49 PM",101,101,Hamburger,American,12.95
10046,4396,2023-03-15,"7:37:36 PM",101,101,Hamburger,American,12.95
10049,4397,2023-03-15,"7:49:03 PM",101,101,Hamburger,American,12.95
10050,4397,2023-03-15,"7:49:03 PM",101,101,Hamburger,American,12.95
10092,4422,2023-03-16,"1:14:57 PM",101,101,Hamburger,American,12.95
10133,4438,2023-03-16,"4:30:22 PM",101,101,Hamburger,American,12.95
10139,4440,2023-03-16,"4:47:41 PM",101,101,Hamburger,American,12.95
10156,4447,2023-03-16,"5:46:16 PM",101,101,Hamburger,American,12.95
10170,4455,2023-03-16,"6:30:50 PM",101,101,Hamburger,American,12.95
10212,4474,2023-03-17,"12:33:23 PM",101,101,Hamburger,American,12.95
10216,4477,2023-03-17,"1:03:10 PM",101,101,Hamburger,American,12.95
10234,4480,2023-03-17,"1:41:29 PM",101,101,Hamburger,American,12.95
10251,4484,2023-03-17,"2:22:39 PM",101,101,Hamburger,American,12.95
10269,4492,2023-03-17,"3:48:20 PM",101,101,Hamburger,American,12.95
10277,4496,2023-03-17,"4:15:33 PM",101,101,Hamburger,American,12.95
10286,4500,2023-03-17,"4:45:03 PM",101,101,Hamburger,American,12.95
10297,4505,2023-03-17,"5:17:44 PM",101,101,Hamburger,American,12.95
10303,4507,2023-03-17,"5:25:02 PM",101,101,Hamburger,American,12.95
10327,4517,2023-03-17,"7:00:53 PM",101,101,Hamburger,American,12.95
10353,4529,2023-03-17,"7:53:48 PM",101,101,Hamburger,American,12.95
10356,4531,2023-03-17,"8:12:16 PM",101,101,Hamburger,American,12.95
10372,4538,2023-03-17,"9:31:30 PM",101,101,Hamburger,American,12.95
10396,4550,2023-03-18,"12:45:18 PM",101,101,Hamburger,American,12.95
10398,4551,2023-03-18,"12:48:02 PM",101,101,Hamburger,American,12.95
10419,4561,2023-03-18,"1:37:16 PM",101,101,Hamburger,American,12.95
10433,4568,2023-03-18,"4:19:49 PM",101,101,Hamburger,American,12.95
10435,4569,2023-03-18,"4:27:52 PM",101,101,Hamburger,American,12.95
10439,4572,2023-03-18,"5:23:10 PM",101,101,Hamburger,American,12.95
10452,4578,2023-03-18,"5:59:02 PM",101,101,Hamburger,American,12.95
10476,4590,2023-03-18,"8:03:05 PM",101,101,Hamburger,American,12.95
10495,4602,2023-03-18,"10:28:11 PM",101,101,Hamburger,American,12.95
10498,4603,2023-03-19,"11:24:09 AM",101,101,Hamburger,American,12.95
10532,4617,2023-03-19,"1:14:22 PM",101,101,Hamburger,American,12.95
10547,4623,2023-03-19,"2:41:44 PM",101,101,Hamburger,American,12.95
10548,4623,2023-03-19,"2:41:44 PM",101,101,Hamburger,American,12.95
10561,4625,2023-03-19,"3:42:30 PM",101,101,Hamburger,American,12.95
10573,4630,2023-03-19,"4:51:19 PM",101,101,Hamburger,American,12.95
10609,4645,2023-03-19,"7:21:02 PM",101,101,Hamburger,American,12.95
10623,4651,2023-03-19,"7:55:20 PM",101,101,Hamburger,American,12.95
10649,4664,2023-03-20,"12:24:44 PM",101,101,Hamburger,American,12.95
10659,4666,2023-03-20,"12:40:13 PM",101,101,Hamburger,American,12.95
10682,4673,2023-03-20,"1:18:11 PM",101,101,Hamburger,American,12.95
10696,4683,2023-03-20,"3:03:44 PM",101,101,Hamburger,American,12.95
10755,4711,2023-03-20,"7:52:39 PM",101,101,Hamburger,American,12.95
10759,4712,2023-03-20,"7:56:47 PM",101,101,Hamburger,American,12.95
10779,4723,2023-03-20,"9:52:10 PM",101,101,Hamburger,American,12.95
10783,4724,2023-03-20,"10:09:09 PM",101,101,Hamburger,American,12.95
10789,4727,2023-03-21,"11:31:39 AM",101,101,Hamburger,American,12.95
10797,4730,2023-03-21,"12:40:30 PM",101,101,Hamburger,American,12.95
10802,4732,2023-03-21,"1:02:15 PM",101,101,Hamburger,American,12.95
10903,4772,2023-03-21,"7:53:41 PM",101,101,Hamburger,American,12.95
10960,4801,2023-03-22,"5:08:48 PM",101,101,Hamburger,American,12.95
10991,4815,2023-03-22,"8:52:46 PM",101,101,Hamburger,American,12.95
11009,4825,2023-03-23,"11:48:12 AM",101,101,Hamburger,American,12.95
11015,4828,2023-03-23,"12:10:12 PM",101,101,Hamburger,American,12.95
11016,4829,2023-03-23,"12:14:01 PM",101,101,Hamburger,American,12.95
11027,4836,2023-03-23,"12:57:49 PM",101,101,Hamburger,American,12.95
11040,4837,2023-03-23,"1:04:56 PM",101,101,Hamburger,American,12.95
11042,4838,2023-03-23,"1:14:04 PM",101,101,Hamburger,American,12.95
11043,4838,2023-03-23,"1:14:04 PM",101,101,Hamburger,American,12.95
11072,4850,2023-03-23,"4:30:47 PM",101,101,Hamburger,American,12.95
11083,4857,2023-03-23,"5:10:42 PM",101,101,Hamburger,American,12.95
11094,4861,2023-03-23,"5:59:40 PM",101,101,Hamburger,American,12.95
11144,4889,2023-03-24,"12:21:23 PM",101,101,Hamburger,American,12.95
11177,4903,2023-03-24,"3:57:20 PM",101,101,Hamburger,American,12.95
11201,4915,2023-03-24,"5:08:31 PM",101,101,Hamburger,American,12.95
11205,4918,2023-03-24,"5:33:38 PM",101,101,Hamburger,American,12.95
11233,4931,2023-03-24,"8:01:03 PM",101,101,Hamburger,American,12.95
11237,4933,2023-03-24,"8:32:57 PM",101,101,Hamburger,American,12.95
11259,4942,2023-03-25,"11:37:54 AM",101,101,Hamburger,American,12.95
11332,4977,2023-03-25,"6:20:35 PM",101,101,Hamburger,American,12.95
11335,4978,2023-03-25,"6:35:12 PM",101,101,Hamburger,American,12.95
11338,4979,2023-03-25,"6:57:01 PM",101,101,Hamburger,American,12.95
11363,4991,2023-03-25,"9:09:19 PM",101,101,Hamburger,American,12.95
11380,5002,2023-03-26,"11:46:28 AM",101,101,Hamburger,American,12.95
11396,5011,2023-03-26,"12:55:44 PM",101,101,Hamburger,American,12.95
11423,5019,2023-03-26,"2:12:31 PM",101,101,Hamburger,American,12.95
11428,5021,2023-03-26,"2:23:00 PM",101,101,Hamburger,American,12.95
11471,5042,2023-03-26,"5:50:15 PM",101,101,Hamburger,American,12.95
11477,5047,2023-03-26,"6:23:08 PM",101,101,Hamburger,American,12.95
11494,5056,2023-03-26,"8:01:53 PM",101,101,Hamburger,American,12.95
11577,5091,2023-03-27,"4:25:42 PM",101,101,Hamburger,American,12.95
11594,5098,2023-03-27,"5:41:05 PM",101,101,Hamburger,American,12.95
11595,5099,2023-03-27,"5:45:15 PM",101,101,Hamburger,American,12.95
11650,5121,2023-03-27,"8:03:34 PM",101,101,Hamburger,American,12.95
11655,5123,2023-03-27,"8:28:06 PM",101,101,Hamburger,American,12.95
11665,5127,2023-03-27,"9:43:10 PM",101,101,Hamburger,American,12.95
11679,5136,2023-03-28,"12:37:40 PM",101,101,Hamburger,American,12.95
11699,5141,2023-03-28,"12:57:51 PM",101,101,Hamburger,American,12.95
11702,5142,2023-03-28,"1:35:21 PM",101,101,Hamburger,American,12.95
11720,5151,2023-03-28,"3:08:24 PM",101,101,Hamburger,American,12.95
11732,5156,2023-03-28,"4:07:33 PM",101,101,Hamburger,American,12.95
11738,5158,2023-03-28,"4:16:37 PM",101,101,Hamburger,American,12.95
11759,5167,2023-03-28,"5:55:48 PM",101,101,Hamburger,American,12.95
11826,5200,2023-03-29,"12:32:07 PM",101,101,Hamburger,American,12.95
11893,5221,2023-03-29,"4:50:56 PM",101,101,Hamburger,American,12.95
11916,5231,2023-03-29,"6:42:15 PM",101,101,Hamburger,American,12.95
11938,5244,2023-03-29,"8:26:29 PM",101,101,Hamburger,American,12.95
11946,5248,2023-03-30,"11:15:48 AM",101,101,Hamburger,American,12.95
11960,5254,2023-03-30,"12:18:47 PM",101,101,Hamburger,American,12.95
11971,5261,2023-03-30,"1:09:48 PM",101,101,Hamburger,American,12.95
11976,5264,2023-03-30,"1:24:35 PM",101,101,Hamburger,American,12.95
11995,5268,2023-03-30,"2:27:07 PM",101,101,Hamburger,American,12.95
11998,5270,2023-03-30,"3:12:32 PM",101,101,Hamburger,American,12.95
12000,5271,2023-03-30,"3:23:57 PM",101,101,Hamburger,American,12.95
12001,5272,2023-03-30,"3:39:12 PM",101,101,Hamburger,American,12.95
12033,5286,2023-03-30,"5:49:12 PM",101,101,Hamburger,American,12.95
12060,5302,2023-03-30,"9:15:23 PM",101,101,Hamburger,American,12.95
12092,5316,2023-03-31,"12:59:45 PM",101,101,Hamburger,American,12.95
12094,5317,2023-03-31,"1:04:13 PM",101,101,Hamburger,American,12.95
12108,5320,2023-03-31,"1:22:56 PM",101,101,Hamburger,American,12.95
12112,5321,2023-03-31,"1:29:47 PM",101,101,Hamburger,American,12.95
12136,5330,2023-03-31,"2:48:47 PM",101,101,Hamburger,American,12.95
12139,5331,2023-03-31,"2:50:38 PM",101,101,Hamburger,American,12.95
12151,5336,2023-03-31,"3:32:39 PM",101,101,Hamburger,American,12.95
12158,5339,2023-03-31,"4:12:55 PM",101,101,Hamburger,American,12.95
12199,5358,2023-03-31,"7:07:27 PM",101,101,Hamburger,American,12.95
12208,5362,2023-03-31,"7:59:23 PM",101,101,Hamburger,American,12.95
12226,5368,2023-03-31,"9:58:47 PM",101,101,Hamburger,American,12.95
27,11,2023-01-01,"1:02:59 PM",102,102,Cheeseburger,American,13.95
28,11,2023-01-01,"1:02:59 PM",102,102,Cheeseburger,American,13.95
30,12,2023-01-01,"1:04:41 PM",102,102,Cheeseburger,American,13.95
31,12,2023-01-01,"1:04:41 PM",102,102,Cheeseburger,American,13.95
193,82,2023-01-02,"12:45:51 PM",102,102,Cheeseburger,American,13.95
235,101,2023-01-02,"5:51:33 PM",102,102,Cheeseburger,American,13.95
251,107,2023-01-02,"6:25:09 PM",102,102,Cheeseburger,American,13.95
266,111,2023-01-02,"6:38:01 PM",102,102,Cheeseburger,American,13.95
271,113,2023-01-02,"6:50:21 PM",102,102,Cheeseburger,American,13.95
325,138,2023-01-03,"11:44:50 AM",102,102,Cheeseburger,American,13.95
334,143,2023-01-03,"1:41:36 PM",102,102,Cheeseburger,American,13.95
344,144,2023-01-03,"1:44:28 PM",102,102,Cheeseburger,American,13.95
355,146,2023-01-03,"2:22:10 PM",102,102,Cheeseburger,American,13.95
392,164,2023-01-03,"4:56:33 PM",102,102,Cheeseburger,American,13.95
409,173,2023-01-03,"5:35:30 PM",102,102,Cheeseburger,American,13.95
413,174,2023-01-03,"5:37:49 PM",102,102,Cheeseburger,American,13.95
414,174,2023-01-03,"5:37:49 PM",102,102,Cheeseburger,American,13.95
417,176,2023-01-03,"5:51:57 PM",102,102,Cheeseburger,American,13.95
451,191,2023-01-03,"8:24:50 PM",102,102,Cheeseburger,American,13.95
456,193,2023-01-03,"8:55:47 PM",102,102,Cheeseburger,American,13.95
475,202,2023-01-03,"10:50:29 PM",102,102,Cheeseburger,American,13.95
476,203,2023-01-04,"11:30:48 AM",102,102,Cheeseburger,American,13.95
481,205,2023-01-04,"11:43:54 AM",102,102,Cheeseburger,American,13.95
493,209,2023-01-04,"12:29:17 PM",102,102,Cheeseburger,American,13.95
538,231,2023-01-04,"6:04:18 PM",102,102,Cheeseburger,American,13.95
547,235,2023-01-04,"6:51:30 PM",102,102,Cheeseburger,American,13.95
587,257,2023-01-05,"11:59:04 AM",102,102,Cheeseburger,American,13.95
594,262,2023-01-05,"12:42:01 PM",102,102,Cheeseburger,American,13.95
612,271,2023-01-05,"2:22:19 PM",102,102,Cheeseburger,American,13.95
634,279,2023-01-05,"4:07:03 PM",102,102,Cheeseburger,American,13.95
670,295,2023-01-05,"6:20:12 PM",102,102,Cheeseburger,American,13.95
675,298,2023-01-05,"7:10:36 PM",102,102,Cheeseburger,American,13.95
676,298,2023-01-05,"7:10:36 PM",102,102,Cheeseburger,American,13.95
721,317,2023-01-06,"12:31:00 PM",102,102,Cheeseburger,American,13.95
733,320,2023-01-06,"12:46:40 PM",102,102,Cheeseburger,American,13.95
736,322,2023-01-06,"1:02:13 PM",102,102,Cheeseburger,American,13.95
744,326,2023-01-06,"1:10:13 PM",102,102,Cheeseburger,American,13.95
810,353,2023-01-06,"5:59:48 PM",102,102,Cheeseburger,American,13.95
817,357,2023-01-06,"6:27:58 PM",102,102,Cheeseburger,American,13.95
861,380,2023-01-07,"12:32:10 PM",102,102,Cheeseburger,American,13.95
890,392,2023-01-07,"1:36:47 PM",102,102,Cheeseburger,American,13.95
917,399,2023-01-07,"3:47:49 PM",102,102,Cheeseburger,American,13.95
933,407,2023-01-07,"4:56:42 PM",102,102,Cheeseburger,American,13.95
950,415,2023-01-07,"6:16:23 PM",102,102,Cheeseburger,American,13.95
1021,443,2023-01-08,"12:34:20 PM",102,102,Cheeseburger,American,13.95
1051,453,2023-01-08,"1:27:14 PM",102,102,Cheeseburger,American,13.95
1058,457,2023-01-08,"1:59:04 PM",102,102,Cheeseburger,American,13.95
1067,461,2023-01-08,"2:21:19 PM",102,102,Cheeseburger,American,13.95
1114,485,2023-01-08,"6:07:31 PM",102,102,Cheeseburger,American,13.95
1147,501,2023-01-08,"9:51:31 PM",102,102,Cheeseburger,American,13.95
1158,508,2023-01-09,"12:13:32 PM",102,102,Cheeseburger,American,13.95
1159,508,2023-01-09,"12:13:32 PM",102,102,Cheeseburger,American,13.95
1199,526,2023-01-09,"3:10:13 PM",102,102,Cheeseburger,American,13.95
1205,529,2023-01-09,"3:31:01 PM",102,102,Cheeseburger,American,13.95
1325,588,2023-01-10,"4:33:36 PM",102,102,Cheeseburger,American,13.95
1336,593,2023-01-10,"5:48:57 PM",102,102,Cheeseburger,American,13.95
1343,597,2023-01-10,"6:32:36 PM",102,102,Cheeseburger,American,13.95
1382,615,2023-01-10,"8:14:03 PM",102,102,Cheeseburger,American,13.95
1392,620,2023-01-10,"8:45:45 PM",102,102,Cheeseburger,American,13.95
1401,623,2023-01-10,"9:21:21 PM",102,102,Cheeseburger,American,13.95
1403,624,2023-01-10,"9:22:44 PM",102,102,Cheeseburger,American,13.95
1427,635,2023-01-11,"12:18:31 PM",102,102,Cheeseburger,American,13.95
1441,640,2023-01-11,"1:28:08 PM",102,102,Cheeseburger,American,13.95
1449,642,2023-01-11,"1:40:00 PM",102,102,Cheeseburger,American,13.95
1462,649,2023-01-11,"2:29:23 PM",102,102,Cheeseburger,American,13.95
1547,692,2023-01-12,"12:53:37 PM",102,102,Cheeseburger,American,13.95
1580,706,2023-01-12,"3:39:04 PM",102,102,Cheeseburger,American,13.95
1608,718,2023-01-12,"5:46:30 PM",102,102,Cheeseburger,American,13.95
1641,733,2023-01-12,"7:57:36 PM",102,102,Cheeseburger,American,13.95
1655,740,2023-01-13,"12:29:51 PM",102,102,Cheeseburger,American,13.95
1673,745,2023-01-13,"1:36:53 PM",102,102,Cheeseburger,American,13.95
1711,760,2023-01-13,"4:27:40 PM",102,102,Cheeseburger,American,13.95
1721,765,2023-01-13,"5:11:41 PM",102,102,Cheeseburger,American,13.95
1733,771,2023-01-13,"5:59:32 PM",102,102,Cheeseburger,American,13.95
1771,787,2023-01-14,"11:45:30 AM",102,102,Cheeseburger,American,13.95
1832,813,2023-01-14,"4:09:29 PM",102,102,Cheeseburger,American,13.95
1853,823,2023-01-14,"5:42:17 PM",102,102,Cheeseburger,American,13.95
1855,824,2023-01-14,"5:53:41 PM",102,102,Cheeseburger,American,13.95
1910,846,2023-01-14,"10:16:24 PM",102,102,Cheeseburger,American,13.95
1968,875,2023-01-15,"3:23:21 PM",102,102,Cheeseburger,American,13.95
1973,878,2023-01-15,"4:05:58 PM",102,102,Cheeseburger,American,13.95
1979,881,2023-01-15,"4:40:04 PM",102,102,Cheeseburger,American,13.95
1984,883,2023-01-15,"4:56:05 PM",102,102,Cheeseburger,American,13.95
2010,896,2023-01-15,"6:27:28 PM",102,102,Cheeseburger,American,13.95
2077,927,2023-01-16,"1:59:21 PM",102,102,Cheeseburger,American,13.95
2086,928,2023-01-16,"2:14:40 PM",102,102,Cheeseburger,American,13.95
2123,946,2023-01-16,"6:00:48 PM",102,102,Cheeseburger,American,13.95
2127,947,2023-01-16,"6:13:15 PM",102,102,Cheeseburger,American,13.95
2136,950,2023-01-16,"6:57:56 PM",102,102,Cheeseburger,American,13.95
2146,955,2023-01-16,"7:24:16 PM",102,102,Cheeseburger,American,13.95
2156,959,2023-01-16,"7:34:00 PM",102,102,Cheeseburger,American,13.95
2163,963,2023-01-16,"8:06:41 PM",102,102,Cheeseburger,American,13.95
2205,980,2023-01-17,"12:58:36 PM",102,102,Cheeseburger,American,13.95
2232,994,2023-01-17,"4:19:42 PM",102,102,Cheeseburger,American,13.95
2236,995,2023-01-17,"4:57:30 PM",102,102,Cheeseburger,American,13.95
2251,1003,2023-01-17,"5:31:16 PM",102,102,Cheeseburger,American,13.95
2252,1003,2023-01-17,"5:31:16 PM",102,102,Cheeseburger,American,13.95
2277,1016,2023-01-17,"7:44:36 PM",102,102,Cheeseburger,American,13.95
2280,1017,2023-01-17,"8:13:32 PM",102,102,Cheeseburger,American,13.95
2282,1018,2023-01-17,"8:38:50 PM",102,102,Cheeseburger,American,13.95
2292,1021,2023-01-17,"9:11:31 PM",102,102,Cheeseburger,American,13.95
2301,1026,2023-01-17,"9:55:05 PM",102,102,Cheeseburger,American,13.95
2315,1033,2023-01-18,"11:54:13 AM",102,102,Cheeseburger,American,13.95
2324,1035,2023-01-18,"12:13:15 PM",102,102,Cheeseburger,American,13.95
2352,1045,2023-01-18,"2:22:14 PM",102,102,Cheeseburger,American,13.95
2360,1051,2023-01-18,"3:08:45 PM",102,102,Cheeseburger,American,13.95
2363,1053,2023-01-18,"3:43:17 PM",102,102,Cheeseburger,American,13.95
2374,1058,2023-01-18,"4:30:09 PM",102,102,Cheeseburger,American,13.95
2390,1065,2023-01-18,"5:48:16 PM",102,102,Cheeseburger,American,13.95
2393,1066,2023-01-18,"6:10:50 PM",102,102,Cheeseburger,American,13.95
2397,1067,2023-01-18,"6:13:43 PM",102,102,Cheeseburger,American,13.95
2451,1090,2023-01-19,"12:14:24 PM",102,102,Cheeseburger,American,13.95
2459,1092,2023-01-19,"12:23:38 PM",102,102,Cheeseburger,American,13.95
2468,1095,2023-01-19,"12:47:24 PM",102,102,Cheeseburger,American,13.95
2492,1101,2023-01-19,"1:36:26 PM",102,102,Cheeseburger,American,13.95
2495,1104,2023-01-19,"2:39:45 PM",102,102,Cheeseburger,American,13.95
2524,1117,2023-01-19,"5:13:25 PM",102,102,Cheeseburger,American,13.95
2546,1128,2023-01-19,"6:59:54 PM",102,102,Cheeseburger,American,13.95
2548,1129,2023-01-19,"7:00:20 PM",102,102,Cheeseburger,American,13.95
2555,1132,2023-01-19,"7:51:37 PM",102,102,Cheeseburger,American,13.95
2597,1150,2023-01-20,"12:39:05 PM",102,102,Cheeseburger,American,13.95
2629,1158,2023-01-20,"1:17:45 PM",102,102,Cheeseburger,American,13.95
2630,1158,2023-01-20,"1:17:45 PM",102,102,Cheeseburger,American,13.95
2632,1159,2023-01-20,"2:06:41 PM",102,102,Cheeseburger,American,13.95
2633,1160,2023-01-20,"2:14:54 PM",102,102,Cheeseburger,American,13.95
2639,1163,2023-01-20,"2:47:28 PM",102,102,Cheeseburger,American,13.95
2672,1181,2023-01-20,"6:17:53 PM",102,102,Cheeseburger,American,13.95
2677,1183,2023-01-20,"6:51:30 PM",102,102,Cheeseburger,American,13.95
2691,1193,2023-01-20,"8:26:22 PM",102,102,Cheeseburger,American,13.95
2697,1195,2023-01-20,"8:39:52 PM",102,102,Cheeseburger,American,13.95
2716,1206,2023-01-21,"12:38:38 PM",102,102,Cheeseburger,American,13.95
2731,1210,2023-01-21,"1:20:41 PM",102,102,Cheeseburger,American,13.95
2738,1214,2023-01-21,"2:00:05 PM",102,102,Cheeseburger,American,13.95
2750,1217,2023-01-21,"2:26:35 PM",102,102,Cheeseburger,American,13.95
2781,1231,2023-01-21,"4:45:04 PM",102,102,Cheeseburger,American,13.95
2787,1233,2023-01-21,"5:11:27 PM",102,102,Cheeseburger,American,13.95
2803,1239,2023-01-21,"6:22:29 PM",102,102,Cheeseburger,American,13.95
2835,1252,2023-01-21,"9:32:07 PM",102,102,Cheeseburger,American,13.95
2847,1258,2023-01-22,"12:18:53 PM",102,102,Cheeseburger,American,13.95
2885,1274,2023-01-22,"1:24:14 PM",102,102,Cheeseburger,American,13.95
2914,1284,2023-01-22,"3:53:38 PM",102,102,Cheeseburger,American,13.95
2937,1295,2023-01-22,"5:44:59 PM",102,102,Cheeseburger,American,13.95
2938,1295,2023-01-22,"5:44:59 PM",102,102,Cheeseburger,American,13.95
2971,1310,2023-01-22,"8:19:33 PM",102,102,Cheeseburger,American,13.95
2994,1322,2023-01-23,"11:28:28 AM",102,102,Cheeseburger,American,13.95
3043,1342,2023-01-23,"2:17:05 PM",102,102,Cheeseburger,American,13.95
3056,1350,2023-01-23,"4:05:24 PM",102,102,Cheeseburger,American,13.95
3072,1358,2023-01-23,"5:24:07 PM",102,102,Cheeseburger,American,13.95
3122,1381,2023-01-23,"8:08:54 PM",102,102,Cheeseburger,American,13.95
3138,1388,2023-01-23,"10:04:12 PM",102,102,Cheeseburger,American,13.95
3172,1405,2023-01-24,"3:00:13 PM",102,102,Cheeseburger,American,13.95
3193,1416,2023-01-24,"5:18:39 PM",102,102,Cheeseburger,American,13.95
3215,1425,2023-01-24,"6:50:51 PM",102,102,Cheeseburger,American,13.95
3228,1430,2023-01-24,"7:39:56 PM",102,102,Cheeseburger,American,13.95
3232,1432,2023-01-24,"7:41:52 PM",102,102,Cheeseburger,American,13.95
3263,1445,2023-01-24,"8:29:40 PM",102,102,Cheeseburger,American,13.95
3300,1458,2023-01-25,"1:46:05 PM",102,102,Cheeseburger,American,13.95
3328,1471,2023-01-25,"4:07:00 PM",102,102,Cheeseburger,American,13.95
3357,1484,2023-01-25,"6:57:43 PM",102,102,Cheeseburger,American,13.95
3392,1501,2023-01-26,"12:03:55 PM",102,102,Cheeseburger,American,13.95
3400,1504,2023-01-26,"12:44:38 PM",102,102,Cheeseburger,American,13.95
3401,1504,2023-01-26,"12:44:38 PM",102,102,Cheeseburger,American,13.95
3410,1505,2023-01-26,"12:47:34 PM",102,102,Cheeseburger,American,13.95
3416,1509,2023-01-26,"1:08:25 PM",102,102,Cheeseburger,American,13.95
3434,1520,2023-01-26,"2:25:20 PM",102,102,Cheeseburger,American,13.95
3519,1565,2023-01-27,"1:21:20 PM",102,102,Cheeseburger,American,13.95
3526,1568,2023-01-27,"1:38:46 PM",102,102,Cheeseburger,American,13.95
3543,1570,2023-01-27,"1:49:25 PM",102,102,Cheeseburger,American,13.95
3565,1582,2023-01-27,"4:34:55 PM",102,102,Cheeseburger,American,13.95
3590,1591,2023-01-27,"6:00:16 PM",102,102,Cheeseburger,American,13.95
3657,1624,2023-01-28,"11:55:46 AM",102,102,Cheeseburger,American,13.95
3699,1642,2023-01-28,"2:26:49 PM",102,102,Cheeseburger,American,13.95
3703,1643,2023-01-28,"2:46:45 PM",102,102,Cheeseburger,American,13.95
3720,1650,2023-01-28,"4:35:45 PM",102,102,Cheeseburger,American,13.95
3767,1671,2023-01-29,"11:55:01 AM",102,102,Cheeseburger,American,13.95
3781,1681,2023-01-29,"1:23:39 PM",102,102,Cheeseburger,American,13.95
3792,1685,2023-01-29,"1:36:52 PM",102,102,Cheeseburger,American,13.95
3816,1694,2023-01-29,"2:39:52 PM",102,102,Cheeseburger,American,13.95
3845,1710,2023-01-29,"6:58:20 PM",102,102,Cheeseburger,American,13.95
3849,1712,2023-01-29,"7:23:49 PM",102,102,Cheeseburger,American,13.95
3860,1718,2023-01-29,"8:15:51 PM",102,102,Cheeseburger,American,13.95
3891,1734,2023-01-30,"12:36:42 PM",102,102,Cheeseburger,American,13.95
3902,1735,2023-01-30,"12:59:38 PM",102,102,Cheeseburger,American,13.95
3927,1748,2023-01-30,"3:32:57 PM",102,102,Cheeseburger,American,13.95
3933,1751,2023-01-30,"4:49:58 PM",102,102,Cheeseburger,American,13.95
3937,1753,2023-01-30,"4:53:40 PM",102,102,Cheeseburger,American,13.95
3964,1767,2023-01-30,"7:03:49 PM",102,102,Cheeseburger,American,13.95
3999,1786,2023-01-30,"9:20:25 PM",102,102,Cheeseburger,American,13.95
4010,1791,2023-01-30,"10:46:02 PM",102,102,Cheeseburger,American,13.95
4020,1794,2023-01-31,"11:56:54 AM",102,102,Cheeseburger,American,13.95
4032,1796,2023-01-31,"1:31:47 PM",102,102,Cheeseburger,American,13.95
4043,1801,2023-01-31,"2:37:52 PM",102,102,Cheeseburger,American,13.95
4094,1820,2023-01-31,"6:13:57 PM",102,102,Cheeseburger,American,13.95
4101,1823,2023-01-31,"6:19:33 PM",102,102,Cheeseburger,American,13.95
4117,1829,2023-01-31,"7:15:50 PM",102,102,Cheeseburger,American,13.95
4124,1833,2023-01-31,"8:11:10 PM",102,102,Cheeseburger,American,13.95
4128,1835,2023-01-31,"8:28:11 PM",102,102,Cheeseburger,American,13.95
4167,1851,2023-02-01,"11:49:01 AM",102,102,Cheeseburger,American,13.95
4193,1862,2023-02-01,"1:27:02 PM",102,102,Cheeseburger,American,13.95
4220,1873,2023-02-01,"3:09:20 PM",102,102,Cheeseburger,American,13.95
4239,1882,2023-02-01,"4:18:31 PM",102,102,Cheeseburger,American,13.95
4242,1884,2023-02-01,"4:34:15 PM",102,102,Cheeseburger,American,13.95
4251,1887,2023-02-01,"4:48:06 PM",102,102,Cheeseburger,American,13.95
4263,1891,2023-02-01,"5:11:07 PM",102,102,Cheeseburger,American,13.95
4266,1892,2023-02-01,"5:11:28 PM",102,102,Cheeseburger,American,13.95
4276,1896,2023-02-01,"5:28:49 PM",102,102,Cheeseburger,American,13.95
4294,1905,2023-02-01,"6:14:34 PM",102,102,Cheeseburger,American,13.95
4301,1911,2023-02-01,"7:01:15 PM",102,102,Cheeseburger,American,13.95
4304,1913,2023-02-01,"7:04:46 PM",102,102,Cheeseburger,American,13.95
4314,1918,2023-02-01,"7:50:54 PM",102,102,Cheeseburger,American,13.95
4336,1929,2023-02-01,"10:08:01 PM",102,102,Cheeseburger,American,13.95
4343,1932,2023-02-01,"10:29:35 PM",102,102,Cheeseburger,American,13.95
4345,1933,2023-02-02,"11:17:08 AM",102,102,Cheeseburger,American,13.95
4349,1934,2023-02-02,"11:24:45 AM",102,102,Cheeseburger,American,13.95
4366,1946,2023-02-02,"1:01:49 PM",102,102,Cheeseburger,American,13.95
4367,1946,2023-02-02,"1:01:49 PM",102,102,Cheeseburger,American,13.95
4409,1962,2023-02-02,"3:32:15 PM",102,102,Cheeseburger,American,13.95
4469,1988,2023-02-02,"8:46:01 PM",102,102,Cheeseburger,American,13.95
4480,1994,2023-02-02,"10:08:10 PM",102,102,Cheeseburger,American,13.95
4525,2005,2023-02-03,"12:32:02 PM",102,102,Cheeseburger,American,13.95
4563,2021,2023-02-03,"2:25:13 PM",102,102,Cheeseburger,American,13.95
4573,2025,2023-02-03,"4:11:01 PM",102,102,Cheeseburger,American,13.95
4583,2031,2023-02-03,"4:51:05 PM",102,102,Cheeseburger,American,13.95
4616,2049,2023-02-03,"7:00:24 PM",102,102,Cheeseburger,American,13.95
4623,2051,2023-02-03,"7:51:00 PM",102,102,Cheeseburger,American,13.95
4683,2075,2023-02-04,"2:03:04 PM",102,102,Cheeseburger,American,13.95
4700,2080,2023-02-04,"2:58:48 PM",102,102,Cheeseburger,American,13.95
4730,2095,2023-02-04,"5:49:55 PM",102,102,Cheeseburger,American,13.95
4750,2103,2023-02-04,"7:38:28 PM",102,102,Cheeseburger,American,13.95
4760,2108,2023-02-04,"9:05:07 PM",102,102,Cheeseburger,American,13.95
4764,2109,2023-02-04,"9:13:14 PM",102,102,Cheeseburger,American,13.95
4782,2118,2023-02-05,"12:24:57 PM",102,102,Cheeseburger,American,13.95
4830,2136,2023-02-05,"2:54:49 PM",102,102,Cheeseburger,American,13.95
4834,2137,2023-02-05,"3:00:15 PM",102,102,Cheeseburger,American,13.95
4847,2144,2023-02-05,"5:48:08 PM",102,102,Cheeseburger,American,13.95
4879,2159,2023-02-05,"7:55:12 PM",102,102,Cheeseburger,American,13.95
4890,2165,2023-02-05,"8:29:51 PM",102,102,Cheeseburger,American,13.95
4919,2182,2023-02-06,"12:22:30 PM",102,102,Cheeseburger,American,13.95
4966,2194,2023-02-06,"1:22:11 PM",102,102,Cheeseburger,American,13.95
4974,2198,2023-02-06,"2:13:09 PM",102,102,Cheeseburger,American,13.95
4991,2206,2023-02-06,"4:59:29 PM",102,102,Cheeseburger,American,13.95
5029,2226,2023-02-06,"7:29:57 PM",102,102,Cheeseburger,American,13.95
5035,2229,2023-02-06,"8:16:54 PM",102,102,Cheeseburger,American,13.95
5053,2237,2023-02-06,"9:37:09 PM",102,102,Cheeseburger,American,13.95
5064,2242,2023-02-07,"11:57:32 AM",102,102,Cheeseburger,American,13.95
5072,2246,2023-02-07,"12:52:30 PM",102,102,Cheeseburger,American,13.95
5112,2263,2023-02-07,"4:42:45 PM",102,102,Cheeseburger,American,13.95
5158,2284,2023-02-07,"7:35:53 PM",102,102,Cheeseburger,American,13.95
5165,2289,2023-02-07,"8:29:43 PM",102,102,Cheeseburger,American,13.95
5170,2291,2023-02-07,"8:55:05 PM",102,102,Cheeseburger,American,13.95
5171,2291,2023-02-07,"8:55:05 PM",102,102,Cheeseburger,American,13.95
5181,2296,2023-02-07,"9:24:01 PM",102,102,Cheeseburger,American,13.95
5194,2301,2023-02-07,"10:10:57 PM",102,102,Cheeseburger,American,13.95
5210,2309,2023-02-08,"1:06:36 PM",102,102,Cheeseburger,American,13.95
5253,2327,2023-02-08,"4:58:21 PM",102,102,Cheeseburger,American,13.95
5255,2328,2023-02-08,"5:02:47 PM",102,102,Cheeseburger,American,13.95
5295,2346,2023-02-08,"8:25:39 PM",102,102,Cheeseburger,American,13.95
5320,2358,2023-02-09,"12:13:41 PM",102,102,Cheeseburger,American,13.95
5323,2360,2023-02-09,"12:19:47 PM",102,102,Cheeseburger,American,13.95
5350,2369,2023-02-09,"2:00:19 PM",102,102,Cheeseburger,American,13.95
5388,2381,2023-02-09,"4:49:40 PM",102,102,Cheeseburger,American,13.95
5389,2381,2023-02-09,"4:49:40 PM",102,102,Cheeseburger,American,13.95
5419,2395,2023-02-09,"6:33:38 PM",102,102,Cheeseburger,American,13.95
5424,2397,2023-02-09,"6:35:19 PM",102,102,Cheeseburger,American,13.95
5434,2401,2023-02-09,"7:33:50 PM",102,102,Cheeseburger,American,13.95
5474,2422,2023-02-10,"12:58:32 PM",102,102,Cheeseburger,American,13.95
5493,2431,2023-02-10,"2:06:28 PM",102,102,Cheeseburger,American,13.95
5505,2433,2023-02-10,"2:23:45 PM",102,102,Cheeseburger,American,13.95
5524,2443,2023-02-10,"4:54:05 PM",102,102,Cheeseburger,American,13.95
5578,2471,2023-02-11,"11:48:07 AM",102,102,Cheeseburger,American,13.95
5579,2471,2023-02-11,"11:48:07 AM",102,102,Cheeseburger,American,13.95
5610,2486,2023-02-11,"1:30:45 PM",102,102,Cheeseburger,American,13.95
5630,2494,2023-02-11,"2:41:21 PM",102,102,Cheeseburger,American,13.95
5678,2516,2023-02-11,"6:50:33 PM",102,102,Cheeseburger,American,13.95
5708,2528,2023-02-11,"7:54:40 PM",102,102,Cheeseburger,American,13.95
5725,2537,2023-02-12,"11:17:06 AM",102,102,Cheeseburger,American,13.95
5793,2567,2023-02-12,"3:38:37 PM",102,102,Cheeseburger,American,13.95
5796,2569,2023-02-12,"3:53:59 PM",102,102,Cheeseburger,American,13.95
5837,2588,2023-02-12,"8:01:13 PM",102,102,Cheeseburger,American,13.95
5865,2602,2023-02-13,"12:10:01 PM",102,102,Cheeseburger,American,13.95
5879,2606,2023-02-13,"12:56:00 PM",102,102,Cheeseburger,American,13.95
5891,2612,2023-02-13,"1:43:11 PM",102,102,Cheeseburger,American,13.95
5924,2626,2023-02-13,"4:49:57 PM",102,102,Cheeseburger,American,13.95
5969,2645,2023-02-13,"8:26:18 PM",102,102,Cheeseburger,American,13.95
5978,2648,2023-02-13,"8:48:10 PM",102,102,Cheeseburger,American,13.95
5982,2650,2023-02-13,"8:55:07 PM",102,102,Cheeseburger,American,13.95
5986,2651,2023-02-13,"8:59:54 PM",102,102,Cheeseburger,American,13.95
6000,2659,2023-02-13,"10:00:43 PM",102,102,Cheeseburger,American,13.95
6002,2660,2023-02-13,"10:02:38 PM",102,102,Cheeseburger,American,13.95
6003,2661,2023-02-13,"10:09:27 PM",102,102,Cheeseburger,American,13.95
6028,2675,2023-02-14,"2:41:49 PM",102,102,Cheeseburger,American,13.95
6043,2677,2023-02-14,"3:27:42 PM",102,102,Cheeseburger,American,13.95
6048,2680,2023-02-14,"4:10:21 PM",102,102,Cheeseburger,American,13.95
6074,2695,2023-02-14,"6:15:16 PM",102,102,Cheeseburger,American,13.95
6107,2708,2023-02-14,"7:40:04 PM",102,102,Cheeseburger,American,13.95
6142,2719,2023-02-14,"10:22:46 PM",102,102,Cheeseburger,American,13.95
6150,2724,2023-02-15,"11:48:59 AM",102,102,Cheeseburger,American,13.95
6190,2738,2023-02-15,"3:57:57 PM",102,102,Cheeseburger,American,13.95
6202,2746,2023-02-15,"5:10:49 PM",102,102,Cheeseburger,American,13.95
6225,2755,2023-02-15,"5:49:17 PM",102,102,Cheeseburger,American,13.95
6229,2756,2023-02-15,"5:50:18 PM",102,102,Cheeseburger,American,13.95
6233,2759,2023-02-15,"6:04:36 PM",102,102,Cheeseburger,American,13.95
6309,2788,2023-02-16,"12:39:37 PM",102,102,Cheeseburger,American,13.95
6315,2790,2023-02-16,"12:46:47 PM",102,102,Cheeseburger,American,13.95
6353,2809,2023-02-16,"5:47:25 PM",102,102,Cheeseburger,American,13.95
6398,2829,2023-02-17,"11:41:17 AM",102,102,Cheeseburger,American,13.95
6406,2832,2023-02-17,"12:05:10 PM",102,102,Cheeseburger,American,13.95
6502,2879,2023-02-17,"8:04:09 PM",102,102,Cheeseburger,American,13.95
6510,2882,2023-02-17,"9:30:31 PM",102,102,Cheeseburger,American,13.95
6522,2887,2023-02-17,"10:25:41 PM",102,102,Cheeseburger,American,13.95
6535,2893,2023-02-18,"11:55:10 AM",102,102,Cheeseburger,American,13.95
6539,2895,2023-02-18,"12:06:59 PM",102,102,Cheeseburger,American,13.95
6540,2895,2023-02-18,"12:06:59 PM",102,102,Cheeseburger,American,13.95
6566,2905,2023-02-18,"1:32:59 PM",102,102,Cheeseburger,American,13.95
6584,2912,2023-02-18,"3:39:02 PM",102,102,Cheeseburger,American,13.95
6598,2918,2023-02-18,"4:59:11 PM",102,102,Cheeseburger,American,13.95
6599,2918,2023-02-18,"4:59:11 PM",102,102,Cheeseburger,American,13.95
6622,2927,2023-02-18,"6:09:39 PM",102,102,Cheeseburger,American,13.95
6641,2934,2023-02-18,"7:00:00 PM",102,102,Cheeseburger,American,13.95
6665,2943,2023-02-18,"8:41:00 PM",102,102,Cheeseburger,American,13.95
6722,2963,2023-02-19,"1:22:56 PM",102,102,Cheeseburger,American,13.95
6726,2964,2023-02-19,"1:27:47 PM",102,102,Cheeseburger,American,13.95
6757,2982,2023-02-19,"5:24:23 PM",102,102,Cheeseburger,American,13.95
6765,2987,2023-02-19,"5:41:19 PM",102,102,Cheeseburger,American,13.95
6776,2992,2023-02-19,"6:38:54 PM",102,102,Cheeseburger,American,13.95
6792,3000,2023-02-19,"7:57:23 PM",102,102,Cheeseburger,American,13.95
6811,3008,2023-02-20,"12:09:54 PM",102,102,Cheeseburger,American,13.95
6816,3010,2023-02-20,"12:26:16 PM",102,102,Cheeseburger,American,13.95
6843,3022,2023-02-20,"1:24:12 PM",102,102,Cheeseburger,American,13.95
6850,3026,2023-02-20,"1:38:14 PM",102,102,Cheeseburger,American,13.95
6859,3029,2023-02-20,"1:55:24 PM",102,102,Cheeseburger,American,13.95
6863,3030,2023-02-20,"1:59:16 PM",102,102,Cheeseburger,American,13.95
6898,3043,2023-02-20,"4:46:25 PM",102,102,Cheeseburger,American,13.95
6900,3044,2023-02-20,"5:10:25 PM",102,102,Cheeseburger,American,13.95
6901,3045,2023-02-20,"5:27:46 PM",102,102,Cheeseburger,American,13.95
6912,3050,2023-02-20,"5:54:22 PM",102,102,Cheeseburger,American,13.95
6933,3059,2023-02-20,"7:26:34 PM",102,102,Cheeseburger,American,13.95
6934,3060,2023-02-20,"7:36:58 PM",102,102,Cheeseburger,American,13.95
6936,3061,2023-02-20,"7:42:12 PM",102,102,Cheeseburger,American,13.95
6943,3065,2023-02-20,"8:12:13 PM",102,102,Cheeseburger,American,13.95
6948,3067,2023-02-20,"8:22:25 PM",102,102,Cheeseburger,American,13.95
6966,3074,2023-02-20,"9:39:19 PM",102,102,Cheeseburger,American,13.95
6993,3084,2023-02-21,"12:44:07 PM",102,102,Cheeseburger,American,13.95
7050,3109,2023-02-21,"5:30:27 PM",102,102,Cheeseburger,American,13.95
7062,3114,2023-02-21,"6:13:49 PM",102,102,Cheeseburger,American,13.95
7083,3126,2023-02-21,"8:35:12 PM",102,102,Cheeseburger,American,13.95
7093,3132,2023-02-21,"10:55:11 PM",102,102,Cheeseburger,American,13.95
7101,3136,2023-02-22,"12:39:19 PM",102,102,Cheeseburger,American,13.95
7111,3138,2023-02-22,"1:02:28 PM",102,102,Cheeseburger,American,13.95
7121,3142,2023-02-22,"2:17:17 PM",102,102,Cheeseburger,American,13.95
7158,3156,2023-02-22,"6:57:53 PM",102,102,Cheeseburger,American,13.95
7160,3157,2023-02-22,"7:34:23 PM",102,102,Cheeseburger,American,13.95
7166,3160,2023-02-22,"7:51:29 PM",102,102,Cheeseburger,American,13.95
7178,3166,2023-02-22,"9:12:20 PM",102,102,Cheeseburger,American,13.95
7194,3173,2023-02-23,"11:54:41 AM",102,102,Cheeseburger,American,13.95
7201,3176,2023-02-23,"12:21:42 PM",102,102,Cheeseburger,American,13.95
7211,3181,2023-02-23,"12:51:43 PM",102,102,Cheeseburger,American,13.95
7219,3186,2023-02-23,"1:22:54 PM",102,102,Cheeseburger,American,13.95
7223,3187,2023-02-23,"1:27:18 PM",102,102,Cheeseburger,American,13.95
7235,3189,2023-02-23,"1:59:04 PM",102,102,Cheeseburger,American,13.95
7274,3205,2023-02-23,"5:31:33 PM",102,102,Cheeseburger,American,13.95
7293,3213,2023-02-23,"6:37:54 PM",102,102,Cheeseburger,American,13.95
7300,3217,2023-02-23,"7:56:16 PM",102,102,Cheeseburger,American,13.95
7340,3234,2023-02-24,"12:34:37 PM",102,102,Cheeseburger,American,13.95
7341,3234,2023-02-24,"12:34:37 PM",102,102,Cheeseburger,American,13.95
7352,3237,2023-02-24,"12:51:26 PM",102,102,Cheeseburger,American,13.95
7404,3262,2023-02-24,"6:05:09 PM",102,102,Cheeseburger,American,13.95
7434,3278,2023-02-24,"9:03:42 PM",102,102,Cheeseburger,American,13.95
7440,3280,2023-02-24,"9:48:31 PM",102,102,Cheeseburger,American,13.95
7458,3288,2023-02-25,"12:00:55 PM",102,102,Cheeseburger,American,13.95
7461,3289,2023-02-25,"12:22:27 PM",102,102,Cheeseburger,American,13.95
7569,3335,2023-02-25,"8:03:38 PM",102,102,Cheeseburger,American,13.95
7586,3344,2023-02-25,"9:26:35 PM",102,102,Cheeseburger,American,13.95
7624,3360,2023-02-26,"1:44:24 PM",102,102,Cheeseburger,American,13.95
7630,3363,2023-02-26,"1:52:23 PM",102,102,Cheeseburger,American,13.95
7631,3363,2023-02-26,"1:52:23 PM",102,102,Cheeseburger,American,13.95
7689,3386,2023-02-26,"5:50:20 PM",102,102,Cheeseburger,American,13.95
7700,3391,2023-02-26,"6:37:03 PM",102,102,Cheeseburger,American,13.95
7716,3398,2023-02-26,"7:49:51 PM",102,102,Cheeseburger,American,13.95
7738,3406,2023-02-27,"12:09:32 PM",102,102,Cheeseburger,American,13.95
7741,3408,2023-02-27,"12:28:49 PM",102,102,Cheeseburger,American,13.95
7762,3417,2023-02-27,"1:05:16 PM",102,102,Cheeseburger,American,13.95
7770,3419,2023-02-27,"1:36:13 PM",102,102,Cheeseburger,American,13.95
7793,3427,2023-02-27,"3:54:13 PM",102,102,Cheeseburger,American,13.95
7802,3431,2023-02-27,"4:27:45 PM",102,102,Cheeseburger,American,13.95
7832,3444,2023-02-27,"5:57:03 PM",102,102,Cheeseburger,American,13.95
7851,3450,2023-02-27,"6:45:28 PM",102,102,Cheeseburger,American,13.95
7872,3459,2023-02-27,"7:11:44 PM",102,102,Cheeseburger,American,13.95
7875,3460,2023-02-27,"7:14:07 PM",102,102,Cheeseburger,American,13.95
7883,3464,2023-02-27,"8:15:36 PM",102,102,Cheeseburger,American,13.95
7899,3473,2023-02-28,"11:49:43 AM",102,102,Cheeseburger,American,13.95
7989,3508,2023-02-28,"6:58:46 PM",102,102,Cheeseburger,American,13.95
7995,3510,2023-02-28,"7:21:12 PM",102,102,Cheeseburger,American,13.95
7996,3510,2023-02-28,"7:21:12 PM",102,102,Cheeseburger,American,13.95
8004,3512,2023-02-28,"7:39:15 PM",102,102,Cheeseburger,American,13.95
8018,3518,2023-02-28,"8:40:24 PM",102,102,Cheeseburger,American,13.95
8033,3525,2023-02-28,"9:21:02 PM",102,102,Cheeseburger,American,13.95
8055,3534,2023-03-01,"12:33:49 PM",102,102,Cheeseburger,American,13.95
8059,3537,2023-03-01,"12:52:52 PM",102,102,Cheeseburger,American,13.95
8068,3539,2023-03-01,"2:08:51 PM",102,102,Cheeseburger,American,13.95
8122,3566,2023-03-01,"7:14:27 PM",102,102,Cheeseburger,American,13.95
8134,3573,2023-03-01,"8:07:52 PM",102,102,Cheeseburger,American,13.95
8145,3578,2023-03-01,"10:23:48 PM",102,102,Cheeseburger,American,13.95
8154,3583,2023-03-02,"12:07:16 PM",102,102,Cheeseburger,American,13.95
8175,3589,2023-03-02,"12:46:49 PM",102,102,Cheeseburger,American,13.95
8189,3593,2023-03-02,"1:15:28 PM",102,102,Cheeseburger,American,13.95
8195,3595,2023-03-02,"1:33:21 PM",102,102,Cheeseburger,American,13.95
8207,3604,2023-03-02,"3:27:26 PM",102,102,Cheeseburger,American,13.95
8231,3615,2023-03-02,"5:13:08 PM",102,102,Cheeseburger,American,13.95
8233,3616,2023-03-02,"5:19:07 PM",102,102,Cheeseburger,American,13.95
8286,3638,2023-03-03,"11:26:02 AM",102,102,Cheeseburger,American,13.95
8287,3639,2023-03-03,"11:31:41 AM",102,102,Cheeseburger,American,13.95
8299,3645,2023-03-03,"12:57:06 PM",102,102,Cheeseburger,American,13.95
8320,3654,2023-03-03,"1:38:34 PM",102,102,Cheeseburger,American,13.95
8321,3654,2023-03-03,"1:38:34 PM",102,102,Cheeseburger,American,13.95
8339,3659,2023-03-03,"2:03:25 PM",102,102,Cheeseburger,American,13.95
8400,3682,2023-03-03,"7:46:03 PM",102,102,Cheeseburger,American,13.95
8468,3710,2023-03-04,"1:48:40 PM",102,102,Cheeseburger,American,13.95
8469,3710,2023-03-04,"1:48:40 PM",102,102,Cheeseburger,American,13.95
8480,3713,2023-03-04,"2:45:20 PM",102,102,Cheeseburger,American,13.95
8489,3717,2023-03-04,"3:38:29 PM",102,102,Cheeseburger,American,13.95
8502,3725,2023-03-04,"4:56:16 PM",102,102,Cheeseburger,American,13.95
8535,3736,2023-03-04,"6:27:05 PM",102,102,Cheeseburger,American,13.95
8538,3737,2023-03-04,"6:27:40 PM",102,102,Cheeseburger,American,13.95
8551,3745,2023-03-04,"8:30:11 PM",102,102,Cheeseburger,American,13.95
8557,3748,2023-03-04,"8:59:07 PM",102,102,Cheeseburger,American,13.95
8578,3757,2023-03-05,"12:33:09 PM",102,102,Cheeseburger,American,13.95
8587,3765,2023-03-05,"1:21:27 PM",102,102,Cheeseburger,American,13.95
8592,3766,2023-03-05,"1:23:49 PM",102,102,Cheeseburger,American,13.95
8640,3785,2023-03-05,"3:42:22 PM",102,102,Cheeseburger,American,13.95
8664,3796,2023-03-05,"5:19:11 PM",102,102,Cheeseburger,American,13.95
8668,3798,2023-03-05,"5:24:03 PM",102,102,Cheeseburger,American,13.95
8672,3799,2023-03-05,"5:25:14 PM",102,102,Cheeseburger,American,13.95
8687,3806,2023-03-05,"6:30:10 PM",102,102,Cheeseburger,American,13.95
8705,3816,2023-03-06,"12:05:44 PM",102,102,Cheeseburger,American,13.95
8728,3826,2023-03-06,"12:39:33 PM",102,102,Cheeseburger,American,13.95
8747,3833,2023-03-06,"1:29:45 PM",102,102,Cheeseburger,American,13.95
8787,3855,2023-03-06,"6:08:43 PM",102,102,Cheeseburger,American,13.95
8826,3870,2023-03-06,"8:34:43 PM",102,102,Cheeseburger,American,13.95
8861,3886,2023-03-07,"12:23:20 PM",102,102,Cheeseburger,American,13.95
8881,3892,2023-03-07,"3:00:38 PM",102,102,Cheeseburger,American,13.95
8895,3899,2023-03-07,"4:21:06 PM",102,102,Cheeseburger,American,13.95
8917,3907,2023-03-07,"6:06:44 PM",102,102,Cheeseburger,American,13.95
9016,3949,2023-03-08,"1:33:30 PM",102,102,Cheeseburger,American,13.95
9026,3956,2023-03-08,"2:53:46 PM",102,102,Cheeseburger,American,13.95
9029,3959,2023-03-08,"3:18:05 PM",102,102,Cheeseburger,American,13.95
9141,4010,2023-03-09,"1:07:43 PM",102,102,Cheeseburger,American,13.95
9153,4014,2023-03-09,"1:39:39 PM",102,102,Cheeseburger,American,13.95
9195,4028,2023-03-09,"5:04:08 PM",102,102,Cheeseburger,American,13.95
9212,4036,2023-03-09,"5:56:04 PM",102,102,Cheeseburger,American,13.95
9226,4042,2023-03-09,"6:37:43 PM",102,102,Cheeseburger,American,13.95
9233,4046,2023-03-09,"7:19:40 PM",102,102,Cheeseburger,American,13.95
9269,4061,2023-03-10,"12:27:06 PM",102,102,Cheeseburger,American,13.95
9294,4072,2023-03-10,"1:19:51 PM",102,102,Cheeseburger,American,13.95
9340,4090,2023-03-10,"4:43:06 PM",102,102,Cheeseburger,American,13.95
9382,4109,2023-03-10,"8:45:34 PM",102,102,Cheeseburger,American,13.95
9413,4123,2023-03-11,"12:53:38 PM",102,102,Cheeseburger,American,13.95
9432,4130,2023-03-11,"1:22:05 PM",102,102,Cheeseburger,American,13.95
9448,4135,2023-03-11,"2:25:34 PM",102,102,Cheeseburger,American,13.95
9475,4149,2023-03-11,"4:43:33 PM",102,102,Cheeseburger,American,13.95
9491,4156,2023-03-11,"5:18:27 PM",102,102,Cheeseburger,American,13.95
9498,4161,2023-03-11,"6:24:12 PM",102,102,Cheeseburger,American,13.95
9516,4168,2023-03-11,"7:25:05 PM",102,102,Cheeseburger,American,13.95
9518,4169,2023-03-11,"7:52:29 PM",102,102,Cheeseburger,American,13.95
9533,4178,2023-03-12,"11:37:02 AM",102,102,Cheeseburger,American,13.95
9539,4182,2023-03-12,"12:13:53 PM",102,102,Cheeseburger,American,13.95
9551,4186,2023-03-12,"12:38:05 PM",102,102,Cheeseburger,American,13.95
9599,4206,2023-03-12,"4:28:16 PM",102,102,Cheeseburger,American,13.95
9611,4210,2023-03-12,"5:14:55 PM",102,102,Cheeseburger,American,13.95
9673,4236,2023-03-13,"12:46:50 PM",102,102,Cheeseburger,American,13.95
9691,4245,2023-03-13,"1:35:44 PM",102,102,Cheeseburger,American,13.95
9744,4267,2023-03-13,"6:07:56 PM",102,102,Cheeseburger,American,13.95
9812,4297,2023-03-13,"10:06:21 PM",102,102,Cheeseburger,American,13.95
9824,4303,2023-03-14,"12:49:45 PM",102,102,Cheeseburger,American,13.95
9828,4305,2023-03-14,"1:09:20 PM",102,102,Cheeseburger,American,13.95
9841,4306,2023-03-14,"1:16:23 PM",102,102,Cheeseburger,American,13.95
9856,4312,2023-03-14,"2:29:59 PM",102,102,Cheeseburger,American,13.95
9889,4330,2023-03-14,"5:50:48 PM",102,102,Cheeseburger,American,13.95
9918,4345,2023-03-14,"8:18:21 PM",102,102,Cheeseburger,American,13.95
9921,4346,2023-03-14,"8:20:18 PM",102,102,Cheeseburger,American,13.95
9926,4350,2023-03-14,"9:02:43 PM",102,102,Cheeseburger,American,13.95
9941,4356,2023-03-15,"11:48:27 AM",102,102,Cheeseburger,American,13.95
9978,4367,2023-03-15,"2:18:34 PM",102,102,Cheeseburger,American,13.95
10033,4391,2023-03-15,"6:35:20 PM",102,102,Cheeseburger,American,13.95
10079,4415,2023-03-16,"12:26:22 PM",102,102,Cheeseburger,American,13.95
10121,4429,2023-03-16,"2:07:00 PM",102,102,Cheeseburger,American,13.95
10136,4439,2023-03-16,"4:47:29 PM",102,102,Cheeseburger,American,13.95
10145,4442,2023-03-16,"5:04:37 PM",102,102,Cheeseburger,American,13.95
10168,4454,2023-03-16,"6:29:04 PM",102,102,Cheeseburger,American,13.95
10194,4466,2023-03-16,"7:51:03 PM",102,102,Cheeseburger,American,13.95
10236,4482,2023-03-17,"1:57:38 PM",102,102,Cheeseburger,American,13.95
10257,4487,2023-03-17,"2:41:19 PM",102,102,Cheeseburger,American,13.95
10267,4491,2023-03-17,"3:38:00 PM",102,102,Cheeseburger,American,13.95
10318,4513,2023-03-17,"6:20:51 PM",102,102,Cheeseburger,American,13.95
10358,4532,2023-03-17,"8:24:54 PM",102,102,Cheeseburger,American,13.95
10379,4541,2023-03-18,"11:34:26 AM",102,102,Cheeseburger,American,13.95
10415,4559,2023-03-18,"1:26:03 PM",102,102,Cheeseburger,American,13.95
10441,4573,2023-03-18,"5:24:44 PM",102,102,Cheeseburger,American,13.95
10447,4576,2023-03-18,"5:30:49 PM",102,102,Cheeseburger,American,13.95
10515,4611,2023-03-19,"12:26:04 PM",102,102,Cheeseburger,American,13.95
10565,4626,2023-03-19,"3:45:01 PM",102,102,Cheeseburger,American,13.95
10597,4641,2023-03-19,"6:37:11 PM",102,102,Cheeseburger,American,13.95
10599,4642,2023-03-19,"7:05:06 PM",102,102,Cheeseburger,American,13.95
10616,4647,2023-03-19,"7:36:47 PM",102,102,Cheeseburger,American,13.95
10660,4666,2023-03-20,"12:40:13 PM",102,102,Cheeseburger,American,13.95
10661,4667,2023-03-20,"12:52:56 PM",102,102,Cheeseburger,American,13.95
10670,4669,2023-03-20,"12:55:55 PM",102,102,Cheeseburger,American,13.95
10691,4679,2023-03-20,"2:03:43 PM",102,102,Cheeseburger,American,13.95
10701,4686,2023-03-20,"3:58:56 PM",102,102,Cheeseburger,American,13.95
10721,4696,2023-03-20,"6:10:14 PM",102,102,Cheeseburger,American,13.95
10740,4705,2023-03-20,"7:07:12 PM",102,102,Cheeseburger,American,13.95
10750,4709,2023-03-20,"7:34:01 PM",102,102,Cheeseburger,American,13.95
10787,4726,2023-03-20,"10:28:53 PM",102,102,Cheeseburger,American,13.95
10805,4732,2023-03-21,"1:02:15 PM",102,102,Cheeseburger,American,13.95
10806,4732,2023-03-21,"1:02:15 PM",102,102,Cheeseburger,American,13.95
10815,4733,2023-03-21,"1:08:31 PM",102,102,Cheeseburger,American,13.95
10827,4740,2023-03-21,"2:06:07 PM",102,102,Cheeseburger,American,13.95
10842,4746,2023-03-21,"2:31:37 PM",102,102,Cheeseburger,American,13.95
10843,4746,2023-03-21,"2:31:37 PM",102,102,Cheeseburger,American,13.95
10846,4747,2023-03-21,"2:38:22 PM",102,102,Cheeseburger,American,13.95
10870,4760,2023-03-21,"5:26:32 PM",102,102,Cheeseburger,American,13.95
10911,4776,2023-03-21,"8:15:27 PM",102,102,Cheeseburger,American,13.95
10944,4793,2023-03-22,"2:56:38 PM",102,102,Cheeseburger,American,13.95
10946,4794,2023-03-22,"3:54:26 PM",102,102,Cheeseburger,American,13.95
10957,4799,2023-03-22,"4:32:35 PM",102,102,Cheeseburger,American,13.95
11018,4830,2023-03-23,"12:40:25 PM",102,102,Cheeseburger,American,13.95
11044,4838,2023-03-23,"1:14:04 PM",102,102,Cheeseburger,American,13.95
11112,4871,2023-03-23,"7:54:00 PM",102,102,Cheeseburger,American,13.95
11123,4877,2023-03-23,"10:05:32 PM",102,102,Cheeseburger,American,13.95
11134,4882,2023-03-24,"11:20:32 AM",102,102,Cheeseburger,American,13.95
11146,4891,2023-03-24,"12:26:41 PM",102,102,Cheeseburger,American,13.95
11185,4907,2023-03-24,"4:28:16 PM",102,102,Cheeseburger,American,13.95
11241,4935,2023-03-24,"8:56:05 PM",102,102,Cheeseburger,American,13.95
11275,4951,2023-03-25,"12:41:13 PM",102,102,Cheeseburger,American,13.95
11279,4952,2023-03-25,"12:43:12 PM",102,102,Cheeseburger,American,13.95
11299,4964,2023-03-25,"3:42:29 PM",102,102,Cheeseburger,American,13.95
11325,4973,2023-03-25,"5:49:01 PM",102,102,Cheeseburger,American,13.95
11327,4974,2023-03-25,"5:59:15 PM",102,102,Cheeseburger,American,13.95
11333,4977,2023-03-25,"6:20:35 PM",102,102,Cheeseburger,American,13.95
11358,4988,2023-03-25,"8:44:56 PM",102,102,Cheeseburger,American,13.95
11361,4989,2023-03-25,"8:54:18 PM",102,102,Cheeseburger,American,13.95
11402,5013,2023-03-26,"1:14:23 PM",102,102,Cheeseburger,American,13.95
11412,5017,2023-03-26,"1:58:44 PM",102,102,Cheeseburger,American,13.95
11427,5020,2023-03-26,"2:15:57 PM",102,102,Cheeseburger,American,13.95
11430,5022,2023-03-26,"2:23:37 PM",102,102,Cheeseburger,American,13.95
11434,5023,2023-03-26,"2:37:13 PM",102,102,Cheeseburger,American,13.95
11459,5036,2023-03-26,"5:10:08 PM",102,102,Cheeseburger,American,13.95
11476,5046,2023-03-26,"6:17:36 PM",102,102,Cheeseburger,American,13.95
11487,5051,2023-03-26,"6:49:21 PM",102,102,Cheeseburger,American,13.95
11516,5066,2023-03-27,"12:20:59 PM",102,102,Cheeseburger,American,13.95
11544,5077,2023-03-27,"1:21:18 PM",102,102,Cheeseburger,American,13.95
11553,5080,2023-03-27,"1:43:35 PM",102,102,Cheeseburger,American,13.95
11584,5094,2023-03-27,"5:00:09 PM",102,102,Cheeseburger,American,13.95
11644,5119,2023-03-27,"7:50:43 PM",102,102,Cheeseburger,American,13.95
11680,5136,2023-03-28,"12:37:40 PM",102,102,Cheeseburger,American,13.95
11686,5137,2023-03-28,"12:40:38 PM",102,102,Cheeseburger,American,13.95
11742,5160,2023-03-28,"4:53:33 PM",102,102,Cheeseburger,American,13.95
11766,5171,2023-03-28,"6:43:40 PM",102,102,Cheeseburger,American,13.95
11776,5176,2023-03-28,"7:28:49 PM",102,102,Cheeseburger,American,13.95
11798,5187,2023-03-28,"8:39:16 PM",102,102,Cheeseburger,American,13.95
11827,5200,2023-03-29,"12:32:07 PM",102,102,Cheeseburger,American,13.95
11852,5203,2023-03-29,"1:45:56 PM",102,102,Cheeseburger,American,13.95
11855,5204,2023-03-29,"1:50:34 PM",102,102,Cheeseburger,American,13.95
11871,5213,2023-03-29,"3:11:52 PM",102,102,Cheeseburger,American,13.95
11889,5219,2023-03-29,"4:23:18 PM",102,102,Cheeseburger,American,13.95
11894,5221,2023-03-29,"4:50:56 PM",102,102,Cheeseburger,American,13.95
11895,5221,2023-03-29,"4:50:56 PM",102,102,Cheeseburger,American,13.95
11898,5223,2023-03-29,"4:59:08 PM",102,102,Cheeseburger,American,13.95
11918,5232,2023-03-29,"6:52:20 PM",102,102,Cheeseburger,American,13.95
11933,5241,2023-03-29,"7:53:21 PM",102,102,Cheeseburger,American,13.95
11943,5247,2023-03-30,"10:50:46 AM",102,102,Cheeseburger,American,13.95
11985,5266,2023-03-30,"1:53:43 PM",102,102,Cheeseburger,American,13.95
12006,5275,2023-03-30,"4:00:53 PM",102,102,Cheeseburger,American,13.95
12024,5282,2023-03-30,"5:01:37 PM",102,102,Cheeseburger,American,13.95
12027,5284,2023-03-30,"5:11:39 PM",102,102,Cheeseburger,American,13.95
12031,5285,2023-03-30,"5:34:44 PM",102,102,Cheeseburger,American,13.95
12047,5293,2023-03-30,"6:45:13 PM",102,102,Cheeseburger,American,13.95
12080,5312,2023-03-31,"12:06:28 PM",102,102,Cheeseburger,American,13.95
12096,5317,2023-03-31,"1:04:13 PM",102,102,Cheeseburger,American,13.95
12097,5317,2023-03-31,"1:04:13 PM",102,102,Cheeseburger,American,13.95
12137,5330,2023-03-31,"2:48:47 PM",102,102,Cheeseburger,American,13.95
12172,5346,2023-03-31,"5:30:58 PM",102,102,Cheeseburger,American,13.95
12193,5354,2023-03-31,"6:50:19 PM",102,102,Cheeseburger,American,13.95
74,28,2023-01-01,"3:35:46 PM",103,103,"Hot Dog",American,9
105,43,2023-01-01,"5:38:34 PM",103,103,"Hot Dog",American,9
243,104,2023-01-02,"6:02:12 PM",103,103,"Hot Dog",American,9
452,191,2023-01-03,"8:24:50 PM",103,103,"Hot Dog",American,9
457,193,2023-01-03,"8:55:47 PM",103,103,"Hot Dog",American,9
468,198,2023-01-03,"9:55:42 PM",103,103,"Hot Dog",American,9
469,199,2023-01-03,"10:10:38 PM",103,103,"Hot Dog",American,9
482,205,2023-01-04,"11:43:54 AM",103,103,"Hot Dog",American,9
490,208,2023-01-04,"12:12:05 PM",103,103,"Hot Dog",American,9
523,224,2023-01-04,"4:39:58 PM",103,103,"Hot Dog",American,9
544,234,2023-01-04,"6:36:09 PM",103,103,"Hot Dog",American,9
566,246,2023-01-04,"8:30:48 PM",103,103,"Hot Dog",American,9
588,257,2023-01-05,"11:59:04 AM",103,103,"Hot Dog",American,9
597,265,2023-01-05,"1:04:42 PM",103,103,"Hot Dog",American,9
607,269,2023-01-05,"1:49:34 PM",103,103,"Hot Dog",American,9
613,271,2023-01-05,"2:22:19 PM",103,103,"Hot Dog",American,9
635,279,2023-01-05,"4:07:03 PM",103,103,"Hot Dog",American,9
661,291,2023-01-05,"5:44:39 PM",103,103,"Hot Dog",American,9
677,298,2023-01-05,"7:10:36 PM",103,103,"Hot Dog",American,9
710,312,2023-01-06,"12:05:21 PM",103,103,"Hot Dog",American,9
751,330,2023-01-06,"1:27:11 PM",103,103,"Hot Dog",American,9
768,333,2023-01-06,"2:16:36 PM",103,103,"Hot Dog",American,9
814,355,2023-01-06,"6:14:45 PM",103,103,"Hot Dog",American,9
816,356,2023-01-06,"6:16:05 PM",103,103,"Hot Dog",American,9
851,374,2023-01-07,"11:55:59 AM",103,103,"Hot Dog",American,9
882,388,2023-01-07,"1:04:56 PM",103,103,"Hot Dog",American,9
930,406,2023-01-07,"4:50:49 PM",103,103,"Hot Dog",American,9
981,431,2023-01-08,"11:17:13 AM",103,103,"Hot Dog",American,9
1000,439,2023-01-08,"12:13:08 PM",103,103,"Hot Dog",American,9
1004,440,2023-01-08,"12:16:34 PM",103,103,"Hot Dog",American,9
1059,457,2023-01-08,"1:59:04 PM",103,103,"Hot Dog",American,9
1099,478,2023-01-08,"5:35:56 PM",103,103,"Hot Dog",American,9
1251,552,2023-01-09,"7:31:25 PM",103,103,"Hot Dog",American,9
1255,554,2023-01-09,"8:15:51 PM",103,103,"Hot Dog",American,9
1268,562,2023-01-09,"10:04:05 PM",103,103,"Hot Dog",American,9
1288,569,2023-01-10,"12:37:10 PM",103,103,"Hot Dog",American,9
1302,576,2023-01-10,"1:44:22 PM",103,103,"Hot Dog",American,9
1471,652,2023-01-11,"4:03:38 PM",103,103,"Hot Dog",American,9
1591,711,2023-01-12,"4:21:10 PM",103,103,"Hot Dog",American,9
1779,792,2023-01-14,"12:37:48 PM",103,103,"Hot Dog",American,9
1818,802,2023-01-14,"1:23:47 PM",103,103,"Hot Dog",American,9
1864,827,2023-01-14,"6:09:48 PM",103,103,"Hot Dog",American,9
1895,838,2023-01-14,"8:33:57 PM",103,103,"Hot Dog",American,9
1938,859,2023-01-15,"1:05:13 PM",103,103,"Hot Dog",American,9
1963,871,2023-01-15,"2:45:22 PM",103,103,"Hot Dog",American,9
2078,927,2023-01-16,"1:59:21 PM",103,103,"Hot Dog",American,9
2143,953,2023-01-16,"7:12:08 PM",103,103,"Hot Dog",American,9
2180,971,2023-01-16,"9:46:20 PM",103,103,"Hot Dog",American,9
2265,1010,2023-01-17,"7:15:11 PM",103,103,"Hot Dog",American,9
2420,1077,2023-01-18,"8:13:25 PM",103,103,"Hot Dog",American,9
2487,1100,2023-01-19,"1:34:27 PM",103,103,"Hot Dog",American,9
2500,1105,2023-01-19,"3:13:54 PM",103,103,"Hot Dog",American,9
2510,1112,2023-01-19,"4:46:00 PM",103,103,"Hot Dog",American,9
2610,1152,2023-01-20,"12:44:23 PM",103,103,"Hot Dog",American,9
2704,1199,2023-01-20,"10:10:20 PM",103,103,"Hot Dog",American,9
2705,1200,2023-01-20,"10:14:41 PM",103,103,"Hot Dog",American,9
2804,1240,2023-01-21,"6:40:50 PM",103,103,"Hot Dog",American,9
2820,1245,2023-01-21,"7:26:35 PM",103,103,"Hot Dog",American,9
2886,1274,2023-01-22,"1:24:14 PM",103,103,"Hot Dog",American,9
2921,1288,2023-01-22,"5:10:07 PM",103,103,"Hot Dog",American,9
2940,1296,2023-01-22,"5:46:53 PM",103,103,"Hot Dog",American,9
3011,1326,2023-01-23,"12:00:54 PM",103,103,"Hot Dog",American,9
3039,1341,2023-01-23,"2:15:37 PM",103,103,"Hot Dog",American,9
3254,1442,2023-01-24,"8:21:20 PM",103,103,"Hot Dog",American,9
3265,1446,2023-01-24,"8:40:47 PM",103,103,"Hot Dog",American,9
3350,1481,2023-01-25,"6:12:26 PM",103,103,"Hot Dog",American,9
3354,1483,2023-01-25,"6:39:10 PM",103,103,"Hot Dog",American,9
3435,1520,2023-01-26,"2:25:20 PM",103,103,"Hot Dog",American,9
3469,1538,2023-01-26,"5:06:36 PM",103,103,"Hot Dog",American,9
3510,1561,2023-01-27,"12:56:35 PM",103,103,"Hot Dog",American,9
3569,1583,2023-01-27,"5:01:03 PM",103,103,"Hot Dog",American,9
3585,1590,2023-01-27,"5:56:16 PM",103,103,"Hot Dog",American,9
3704,1643,2023-01-28,"2:46:45 PM",103,103,"Hot Dog",American,9
3746,1661,2023-01-28,"7:05:34 PM",103,103,"Hot Dog",American,9
3832,1704,2023-01-29,"6:15:40 PM",103,103,"Hot Dog",American,9
3892,1734,2023-01-30,"12:36:42 PM",103,103,"Hot Dog",American,9
3905,1737,2023-01-30,"1:41:21 PM",103,103,"Hot Dog",American,9
3913,1740,2023-01-30,"2:14:17 PM",103,103,"Hot Dog",American,9
3940,1754,2023-01-30,"5:11:32 PM",103,103,"Hot Dog",American,9
3968,1768,2023-01-30,"7:28:42 PM",103,103,"Hot Dog",American,9
3971,1770,2023-01-30,"7:31:17 PM",103,103,"Hot Dog",American,9
4078,1814,2023-01-31,"5:24:47 PM",103,103,"Hot Dog",American,9
4097,1821,2023-01-31,"6:14:53 PM",103,103,"Hot Dog",American,9
4198,1865,2023-02-01,"2:09:37 PM",103,103,"Hot Dog",American,9
4280,1898,2023-02-01,"5:34:26 PM",103,103,"Hot Dog",American,9
4281,1899,2023-02-01,"5:35:39 PM",103,103,"Hot Dog",American,9
4368,1946,2023-02-02,"1:01:49 PM",103,103,"Hot Dog",American,9
4391,1957,2023-02-02,"2:50:01 PM",103,103,"Hot Dog",American,9
4448,1977,2023-02-02,"6:27:37 PM",103,103,"Hot Dog",American,9
4452,1981,2023-02-02,"7:10:40 PM",103,103,"Hot Dog",American,9
4467,1987,2023-02-02,"8:09:54 PM",103,103,"Hot Dog",American,9
4478,1992,2023-02-02,"9:48:32 PM",103,103,"Hot Dog",American,9
4526,2005,2023-02-03,"12:32:02 PM",103,103,"Hot Dog",American,9
4529,2006,2023-02-03,"12:35:28 PM",103,103,"Hot Dog",American,9
4541,2011,2023-02-03,"1:01:28 PM",103,103,"Hot Dog",American,9
4653,2064,2023-02-04,"12:26:39 PM",103,103,"Hot Dog",American,9
4769,2111,2023-02-04,"9:28:44 PM",103,103,"Hot Dog",American,9
4773,2113,2023-02-04,"10:16:08 PM",103,103,"Hot Dog",American,9
4889,2164,2023-02-05,"8:23:49 PM",103,103,"Hot Dog",American,9
4934,2185,2023-02-06,"12:54:25 PM",103,103,"Hot Dog",American,9
4954,2189,2023-02-06,"1:14:59 PM",103,103,"Hot Dog",American,9
5075,2248,2023-02-07,"1:22:06 PM",103,103,"Hot Dog",American,9
5121,2267,2023-02-07,"5:22:30 PM",103,103,"Hot Dog",American,9
5140,2276,2023-02-07,"6:44:16 PM",103,103,"Hot Dog",American,9
5154,2283,2023-02-07,"7:34:04 PM",103,103,"Hot Dog",American,9
5197,2303,2023-02-08,"12:10:20 PM",103,103,"Hot Dog",American,9
5211,2309,2023-02-08,"1:06:36 PM",103,103,"Hot Dog",American,9
5242,2322,2023-02-08,"3:46:13 PM",103,103,"Hot Dog",American,9
5264,2332,2023-02-08,"5:53:01 PM",103,103,"Hot Dog",American,9
5386,2380,2023-02-09,"4:22:26 PM",103,103,"Hot Dog",American,9
5411,2392,2023-02-09,"6:05:44 PM",103,103,"Hot Dog",American,9
5587,2474,2023-02-11,"12:02:54 PM",103,103,"Hot Dog",American,9
5591,2477,2023-02-11,"12:20:06 PM",103,103,"Hot Dog",American,9
5611,2486,2023-02-11,"1:30:45 PM",103,103,"Hot Dog",American,9
5674,2515,2023-02-11,"6:46:12 PM",103,103,"Hot Dog",American,9
5736,2543,2023-02-12,"12:00:00 PM",103,103,"Hot Dog",American,9
5779,2561,2023-02-12,"2:28:55 PM",103,103,"Hot Dog",American,9
5788,2565,2023-02-12,"3:04:49 PM",103,103,"Hot Dog",American,9
5853,2596,2023-02-13,"11:27:46 AM",103,103,"Hot Dog",American,9
5866,2602,2023-02-13,"12:10:01 PM",103,103,"Hot Dog",American,9
5867,2602,2023-02-13,"12:10:01 PM",103,103,"Hot Dog",American,9
5953,2638,2023-02-13,"6:27:27 PM",103,103,"Hot Dog",American,9
6053,2684,2023-02-14,"5:02:18 PM",103,103,"Hot Dog",American,9
6115,2710,2023-02-14,"8:00:00 PM",103,103,"Hot Dog",American,9
6155,2725,2023-02-15,"11:52:00 AM",103,103,"Hot Dog",American,9
6170,2728,2023-02-15,"12:12:02 PM",103,103,"Hot Dog",American,9
6192,2740,2023-02-15,"4:32:41 PM",103,103,"Hot Dog",American,9
6273,2776,2023-02-15,"9:44:18 PM",103,103,"Hot Dog",American,9
6298,2786,2023-02-16,"12:18:19 PM",103,103,"Hot Dog",American,9
6318,2793,2023-02-16,"1:12:48 PM",103,103,"Hot Dog",American,9
6329,2798,2023-02-16,"2:39:07 PM",103,103,"Hot Dog",American,9
6334,2800,2023-02-16,"3:46:10 PM",103,103,"Hot Dog",American,9
6385,2824,2023-02-16,"7:55:28 PM",103,103,"Hot Dog",American,9
6415,2841,2023-02-17,"1:25:44 PM",103,103,"Hot Dog",American,9
6442,2851,2023-02-17,"2:23:26 PM",103,103,"Hot Dog",American,9
6464,2858,2023-02-17,"4:52:53 PM",103,103,"Hot Dog",American,9
6524,2889,2023-02-18,"11:22:20 AM",103,103,"Hot Dog",American,9
6844,3022,2023-02-20,"1:24:12 PM",103,103,"Hot Dog",American,9
6946,3066,2023-02-20,"8:12:43 PM",103,103,"Hot Dog",American,9
7084,3127,2023-02-21,"8:40:10 PM",103,103,"Hot Dog",American,9
7112,3138,2023-02-22,"1:02:28 PM",103,103,"Hot Dog",American,9
7179,3167,2023-02-22,"9:13:36 PM",103,103,"Hot Dog",American,9
7236,3189,2023-02-23,"1:59:04 PM",103,103,"Hot Dog",American,9
7250,3195,2023-02-23,"4:24:11 PM",103,103,"Hot Dog",American,9
7301,3217,2023-02-23,"7:56:16 PM",103,103,"Hot Dog",American,9
7322,3227,2023-02-24,"11:57:44 AM",103,103,"Hot Dog",American,9
7483,3293,2023-02-25,"12:41:42 PM",103,103,"Hot Dog",American,9
7501,3304,2023-02-25,"1:36:09 PM",103,103,"Hot Dog",American,9
7560,3330,2023-02-25,"6:58:00 PM",103,103,"Hot Dog",American,9
7572,3337,2023-02-25,"8:15:01 PM",103,103,"Hot Dog",American,9
7679,3382,2023-02-26,"5:24:43 PM",103,103,"Hot Dog",American,9
7717,3398,2023-02-26,"7:49:51 PM",103,103,"Hot Dog",American,9
7742,3409,2023-02-27,"12:29:39 PM",103,103,"Hot Dog",American,9
7771,3419,2023-02-27,"1:36:13 PM",103,103,"Hot Dog",American,9
7821,3440,2023-02-27,"5:38:36 PM",103,103,"Hot Dog",American,9
7947,3493,2023-02-28,"4:30:08 PM",103,103,"Hot Dog",American,9
7972,3502,2023-02-28,"6:02:19 PM",103,103,"Hot Dog",American,9
8149,3581,2023-03-02,"11:52:25 AM",103,103,"Hot Dog",American,9
8165,3584,2023-03-02,"12:30:47 PM",103,103,"Hot Dog",American,9
8303,3648,2023-03-03,"1:05:06 PM",103,103,"Hot Dog",American,9
8322,3654,2023-03-03,"1:38:34 PM",103,103,"Hot Dog",American,9
8358,3663,2023-03-03,"3:47:14 PM",103,103,"Hot Dog",American,9
8368,3667,2023-03-03,"4:46:19 PM",103,103,"Hot Dog",American,9
8386,3675,2023-03-03,"6:18:27 PM",103,103,"Hot Dog",American,9
8414,3689,2023-03-03,"9:41:41 PM",103,103,"Hot Dog",American,9
8423,3692,2023-03-04,"11:31:04 AM",103,103,"Hot Dog",American,9
8484,3715,2023-03-04,"2:51:20 PM",103,103,"Hot Dog",American,9
8507,3727,2023-03-04,"5:16:34 PM",103,103,"Hot Dog",American,9
8508,3728,2023-03-04,"5:30:38 PM",103,103,"Hot Dog",American,9
8518,3730,2023-03-04,"5:55:40 PM",103,103,"Hot Dog",American,9
8555,3747,2023-03-04,"8:48:13 PM",103,103,"Hot Dog",American,9
8673,3799,2023-03-05,"5:25:14 PM",103,103,"Hot Dog",American,9
8715,3821,2023-03-06,"12:29:52 PM",103,103,"Hot Dog",American,9
8724,3823,2023-03-06,"12:31:40 PM",103,103,"Hot Dog",American,9
8765,3844,2023-03-06,"3:59:29 PM",103,103,"Hot Dog",American,9
8776,3851,2023-03-06,"5:15:19 PM",103,103,"Hot Dog",American,9
8802,3861,2023-03-06,"7:15:15 PM",103,103,"Hot Dog",American,9
8882,3892,2023-03-07,"3:00:38 PM",103,103,"Hot Dog",American,9
8891,3896,2023-03-07,"4:09:05 PM",103,103,"Hot Dog",American,9
8894,3898,2023-03-07,"4:15:17 PM",103,103,"Hot Dog",American,9
8978,3935,2023-03-07,"10:42:37 PM",103,103,"Hot Dog",American,9
9003,3943,2023-03-08,"12:37:23 PM",103,103,"Hot Dog",American,9
9004,3944,2023-03-08,"12:58:48 PM",103,103,"Hot Dog",American,9
9055,3971,2023-03-08,"5:13:18 PM",103,103,"Hot Dog",American,9
9107,3993,2023-03-08,"8:29:17 PM",103,103,"Hot Dog",American,9
9116,3999,2023-03-08,"9:47:00 PM",103,103,"Hot Dog",American,9
9146,4012,2023-03-09,"1:17:54 PM",103,103,"Hot Dog",American,9
9187,4025,2023-03-09,"4:38:56 PM",103,103,"Hot Dog",American,9
9213,4036,2023-03-09,"5:56:04 PM",103,103,"Hot Dog",American,9
9235,4047,2023-03-09,"7:41:26 PM",103,103,"Hot Dog",American,9
9265,4060,2023-03-10,"12:25:20 PM",103,103,"Hot Dog",American,9
9287,4068,2023-03-10,"12:56:40 PM",103,103,"Hot Dog",American,9
9414,4123,2023-03-11,"12:53:38 PM",103,103,"Hot Dog",American,9
9487,4154,2023-03-11,"5:11:37 PM",103,103,"Hot Dog",American,9
9513,4167,2023-03-11,"6:46:52 PM",103,103,"Hot Dog",American,9
9561,4187,2023-03-12,"12:44:27 PM",103,103,"Hot Dog",American,9
9695,4246,2023-03-13,"2:29:34 PM",103,103,"Hot Dog",American,9
9719,4257,2023-03-13,"5:15:09 PM",103,103,"Hot Dog",American,9
9813,4297,2023-03-13,"10:06:21 PM",103,103,"Hot Dog",American,9
9866,4317,2023-03-14,"3:50:39 PM",103,103,"Hot Dog",American,9
10012,4382,2023-03-15,"4:33:38 PM",103,103,"Hot Dog",American,9
10019,4385,2023-03-15,"5:13:38 PM",103,103,"Hot Dog",American,9
10103,4423,2023-03-16,"1:25:45 PM",103,103,"Hot Dog",American,9
10142,4441,2023-03-16,"4:57:19 PM",103,103,"Hot Dog",American,9
10191,4464,2023-03-16,"7:28:38 PM",103,103,"Hot Dog",American,9
10225,4479,2023-03-17,"1:33:20 PM",103,103,"Hot Dog",American,9
10255,4486,2023-03-17,"2:32:42 PM",103,103,"Hot Dog",American,9
10328,4518,2023-03-17,"7:06:28 PM",103,103,"Hot Dog",American,9
10499,4603,2023-03-19,"11:24:09 AM",103,103,"Hot Dog",American,9
10509,4608,2023-03-19,"11:45:56 AM",103,103,"Hot Dog",American,9
10537,4619,2023-03-19,"1:21:51 PM",103,103,"Hot Dog",American,9
10562,4625,2023-03-19,"3:42:30 PM",103,103,"Hot Dog",American,9
10589,4637,2023-03-19,"6:04:27 PM",103,103,"Hot Dog",American,9
10629,4653,2023-03-19,"8:16:45 PM",103,103,"Hot Dog",American,9
10653,4665,2023-03-20,"12:39:39 PM",103,103,"Hot Dog",American,9
10733,4702,2023-03-20,"6:54:47 PM",103,103,"Hot Dog",American,9
10770,4719,2023-03-20,"9:21:56 PM",103,103,"Hot Dog",American,9
10792,4728,2023-03-21,"11:48:59 AM",103,103,"Hot Dog",American,9
10801,4731,2023-03-21,"12:50:12 PM",103,103,"Hot Dog",American,9
10970,4806,2023-03-22,"6:14:21 PM",103,103,"Hot Dog",American,9
10976,4808,2023-03-22,"6:57:35 PM",103,103,"Hot Dog",American,9
11021,4831,2023-03-23,"12:46:10 PM",103,103,"Hot Dog",American,9
11024,4834,2023-03-23,"12:51:24 PM",103,103,"Hot Dog",American,9
11045,4838,2023-03-23,"1:14:04 PM",103,103,"Hot Dog",American,9
11051,4840,2023-03-23,"1:42:58 PM",103,103,"Hot Dog",American,9
11089,4859,2023-03-23,"5:30:36 PM",103,103,"Hot Dog",American,9
11106,4868,2023-03-23,"7:39:40 PM",103,103,"Hot Dog",American,9
11147,4891,2023-03-24,"12:26:41 PM",103,103,"Hot Dog",American,9
11162,4894,2023-03-24,"12:54:29 PM",103,103,"Hot Dog",American,9
11192,4911,2023-03-24,"4:50:08 PM",103,103,"Hot Dog",American,9
11264,4944,2023-03-25,"11:53:50 AM",103,103,"Hot Dog",American,9
11355,4987,2023-03-25,"8:34:13 PM",103,103,"Hot Dog",American,9
11393,5009,2023-03-26,"12:45:57 PM",103,103,"Hot Dog",American,9
11438,5026,2023-03-26,"3:16:07 PM",103,103,"Hot Dog",American,9
11478,5047,2023-03-26,"6:23:08 PM",103,103,"Hot Dog",American,9
11513,5064,2023-03-27,"11:58:27 AM",103,103,"Hot Dog",American,9
11570,5088,2023-03-27,"4:12:26 PM",103,103,"Hot Dog",American,9
11572,5089,2023-03-27,"4:12:46 PM",103,103,"Hot Dog",American,9
11805,5189,2023-03-28,"8:48:40 PM",103,103,"Hot Dog",American,9
11809,5190,2023-03-28,"10:27:17 PM",103,103,"Hot Dog",American,9
11820,5197,2023-03-29,"12:07:16 PM",103,103,"Hot Dog",American,9
11844,5202,2023-03-29,"1:00:19 PM",103,103,"Hot Dog",American,9
11862,5208,2023-03-29,"2:15:37 PM",103,103,"Hot Dog",American,9
11913,5230,2023-03-29,"6:37:13 PM",103,103,"Hot Dog",American,9
11944,5247,2023-03-30,"10:50:46 AM",103,103,"Hot Dog",American,9
11984,5265,2023-03-30,"1:29:48 PM",103,103,"Hot Dog",American,9
11996,5269,2023-03-30,"3:05:00 PM",103,103,"Hot Dog",American,9
12044,5292,2023-03-30,"6:36:47 PM",103,103,"Hot Dog",American,9
12068,5305,2023-03-30,"9:34:09 PM",103,103,"Hot Dog",American,9
12071,5307,2023-03-30,"9:44:36 PM",103,103,"Hot Dog",American,9
12098,5317,2023-03-31,"1:04:13 PM",103,103,"Hot Dog",American,9
12105,5318,2023-03-31,"1:11:16 PM",103,103,"Hot Dog",American,9
12109,5320,2023-03-31,"1:22:56 PM",103,103,"Hot Dog",American,9
12170,5345,2023-03-31,"5:30:29 PM",103,103,"Hot Dog",American,9
12181,5350,2023-03-31,"5:54:10 PM",103,103,"Hot Dog",American,9
12206,5361,2023-03-31,"7:40:42 PM",103,103,"Hot Dog",American,9
12215,5364,2023-03-31,"8:16:14 PM",103,103,"Hot Dog",American,9
32,12,2023-01-01,"1:04:41 PM",104,104,"Veggie Burger",American,10.5
112,46,2023-01-01,"6:25:51 PM",104,104,"Veggie Burger",American,10.5
117,48,2023-01-01,"6:26:42 PM",104,104,"Veggie Burger",American,10.5
143,60,2023-01-01,"8:05:16 PM",104,104,"Veggie Burger",American,10.5
213,91,2023-01-02,"3:14:43 PM",104,104,"Veggie Burger",American,10.5
308,131,2023-01-02,"9:33:10 PM",104,104,"Veggie Burger",American,10.5
345,144,2023-01-03,"1:44:28 PM",104,104,"Veggie Burger",American,10.5
370,155,2023-01-03,"3:28:59 PM",104,104,"Veggie Burger",American,10.5
472,201,2023-01-03,"10:29:59 PM",104,104,"Veggie Burger",American,10.5
565,245,2023-01-04,"8:28:41 PM",104,104,"Veggie Burger",American,10.5
614,271,2023-01-05,"2:22:19 PM",104,104,"Veggie Burger",American,10.5
734,320,2023-01-06,"12:46:40 PM",104,104,"Veggie Burger",American,10.5
737,322,2023-01-06,"1:02:13 PM",104,104,"Veggie Burger",American,10.5
847,373,2023-01-07,"11:45:18 AM",104,104,"Veggie Burger",American,10.5
876,387,2023-01-07,"1:03:14 PM",104,104,"Veggie Burger",American,10.5
899,394,2023-01-07,"2:02:18 PM",104,104,"Veggie Burger",American,10.5
928,404,2023-01-07,"4:39:27 PM",104,104,"Veggie Burger",American,10.5
953,418,2023-01-07,"6:40:11 PM",104,104,"Veggie Burger",American,10.5
963,421,2023-01-07,"7:21:58 PM",104,104,"Veggie Burger",American,10.5
1128,492,2023-01-08,"7:06:21 PM",104,104,"Veggie Burger",American,10.5
1157,507,2023-01-09,"12:06:03 PM",104,104,"Veggie Burger",American,10.5
1173,515,2023-01-09,"1:07:37 PM",104,104,"Veggie Burger",American,10.5
1231,543,2023-01-09,"6:23:59 PM",104,104,"Veggie Burger",American,10.5
1386,617,2023-01-10,"8:27:26 PM",104,104,"Veggie Burger",American,10.5
1442,640,2023-01-11,"1:28:08 PM",104,104,"Veggie Burger",American,10.5
1472,652,2023-01-11,"4:03:38 PM",104,104,"Veggie Burger",American,10.5
1510,671,2023-01-11,"7:18:42 PM",104,104,"Veggie Burger",American,10.5
1515,674,2023-01-11,"7:33:05 PM",104,104,"Veggie Burger",American,10.5
1530,680,2023-01-11,"9:07:30 PM",104,104,"Veggie Burger",American,10.5
1534,683,2023-01-12,"11:39:08 AM",104,104,"Veggie Burger",American,10.5
1566,700,2023-01-12,"2:31:13 PM",104,104,"Veggie Burger",American,10.5
1646,735,2023-01-12,"8:35:34 PM",104,104,"Veggie Burger",American,10.5
1656,740,2023-01-13,"12:29:51 PM",104,104,"Veggie Burger",American,10.5
1701,756,2023-01-13,"3:55:11 PM",104,104,"Veggie Burger",American,10.5
1738,774,2023-01-13,"6:31:07 PM",104,104,"Veggie Burger",American,10.5
1861,826,2023-01-14,"6:06:14 PM",104,104,"Veggie Burger",American,10.5
1866,828,2023-01-14,"6:23:55 PM",104,104,"Veggie Burger",American,10.5
1876,831,2023-01-14,"6:38:20 PM",104,104,"Veggie Burger",American,10.5
1877,831,2023-01-14,"6:38:20 PM",104,104,"Veggie Burger",American,10.5
1882,834,2023-01-14,"7:25:16 PM",104,104,"Veggie Burger",American,10.5
2164,963,2023-01-16,"8:06:41 PM",104,104,"Veggie Burger",American,10.5
2250,1002,2023-01-17,"5:29:41 PM",104,104,"Veggie Burger",American,10.5
2272,1014,2023-01-17,"7:38:17 PM",104,104,"Veggie Burger",American,10.5
2333,1037,2023-01-18,"1:04:54 PM",104,104,"Veggie Burger",American,10.5
2391,1065,2023-01-18,"5:48:16 PM",104,104,"Veggie Burger",American,10.5
2448,1089,2023-01-19,"12:03:57 PM",104,104,"Veggie Burger",American,10.5
2467,1094,2023-01-19,"12:33:50 PM",104,104,"Veggie Burger",American,10.5
2470,1096,2023-01-19,"12:56:45 PM",104,104,"Veggie Burger",American,10.5
2496,1104,2023-01-19,"2:39:45 PM",104,104,"Veggie Burger",American,10.5
2587,1145,2023-01-20,"12:04:15 PM",104,104,"Veggie Burger",American,10.5
2598,1150,2023-01-20,"12:39:05 PM",104,104,"Veggie Burger",American,10.5
2760,1221,2023-01-21,"3:23:36 PM",104,104,"Veggie Burger",American,10.5
2799,1238,2023-01-21,"6:18:51 PM",104,104,"Veggie Burger",American,10.5
2808,1241,2023-01-21,"6:43:02 PM",104,104,"Veggie Burger",American,10.5
2851,1261,2023-01-22,"12:32:00 PM",104,104,"Veggie Burger",American,10.5
2870,1266,2023-01-22,"12:59:51 PM",104,104,"Veggie Burger",American,10.5
2880,1272,2023-01-22,"1:14:37 PM",104,104,"Veggie Burger",American,10.5
2887,1274,2023-01-22,"1:24:14 PM",104,104,"Veggie Burger",American,10.5
2910,1283,2023-01-22,"3:47:42 PM",104,104,"Veggie Burger",American,10.5
3131,1385,2023-01-23,"8:57:30 PM",104,104,"Veggie Burger",American,10.5
3151,1396,2023-01-24,"1:34:33 PM",104,104,"Veggie Burger",American,10.5
3222,1428,2023-01-24,"7:33:57 PM",104,104,"Veggie Burger",American,10.5
3342,1478,2023-01-25,"5:26:23 PM",104,104,"Veggie Burger",American,10.5
3468,1537,2023-01-26,"5:04:54 PM",104,104,"Veggie Burger",American,10.5
3593,1592,2023-01-27,"6:02:51 PM",104,104,"Veggie Burger",American,10.5
3598,1594,2023-01-27,"6:16:02 PM",104,104,"Veggie Burger",American,10.5
3646,1618,2023-01-28,"11:28:33 AM",104,104,"Veggie Burger",American,10.5
3689,1639,2023-01-28,"1:37:57 PM",104,104,"Veggie Burger",American,10.5
3761,1669,2023-01-29,"11:43:36 AM",104,104,"Veggie Burger",American,10.5
3776,1677,2023-01-29,"12:45:39 PM",104,104,"Veggie Burger",American,10.5
3829,1702,2023-01-29,"4:48:09 PM",104,104,"Veggie Burger",American,10.5
3869,1722,2023-01-29,"8:41:46 PM",104,104,"Veggie Burger",American,10.5
3893,1734,2023-01-30,"12:36:42 PM",104,104,"Veggie Burger",American,10.5
3906,1737,2023-01-30,"1:41:21 PM",104,104,"Veggie Burger",American,10.5
4024,1795,2023-01-31,"1:21:53 PM",104,104,"Veggie Burger",American,10.5
4040,1798,2023-01-31,"2:03:30 PM",104,104,"Veggie Burger",American,10.5
4183,1855,2023-02-01,"12:28:09 PM",104,104,"Veggie Burger",American,10.5
4319,1922,2023-02-01,"8:09:20 PM",104,104,"Veggie Burger",American,10.5
4388,1956,2023-02-02,"2:36:07 PM",104,104,"Veggie Burger",American,10.5
4392,1957,2023-02-02,"2:50:01 PM",104,104,"Veggie Burger",American,10.5
4470,1988,2023-02-02,"8:46:01 PM",104,104,"Veggie Burger",American,10.5
4567,2022,2023-02-03,"2:36:36 PM",104,104,"Veggie Burger",American,10.5
4634,2055,2023-02-03,"8:59:30 PM",104,104,"Veggie Burger",American,10.5
4648,2061,2023-02-04,"11:49:00 AM",104,104,"Veggie Burger",American,10.5
4707,2083,2023-02-04,"3:40:20 PM",104,104,"Veggie Burger",American,10.5
4799,2126,2023-02-05,"1:31:29 PM",104,104,"Veggie Burger",American,10.5
4928,2183,2023-02-06,"12:25:17 PM",104,104,"Veggie Burger",American,10.5
5050,2236,2023-02-06,"9:32:03 PM",104,104,"Veggie Burger",American,10.5
5069,2243,2023-02-07,"12:22:59 PM",104,104,"Veggie Burger",American,10.5
5130,2272,2023-02-07,"6:17:46 PM",104,104,"Veggie Burger",American,10.5
5186,2298,2023-02-07,"9:40:33 PM",104,104,"Veggie Burger",American,10.5
5212,2309,2023-02-08,"1:06:36 PM",104,104,"Veggie Burger",American,10.5
5266,2333,2023-02-08,"6:02:00 PM",104,104,"Veggie Burger",American,10.5
5363,2371,2023-02-09,"2:00:40 PM",104,104,"Veggie Burger",American,10.5
5403,2387,2023-02-09,"5:38:39 PM",104,104,"Veggie Burger",American,10.5
5412,2392,2023-02-09,"6:05:44 PM",104,104,"Veggie Burger",American,10.5
5530,2446,2023-02-10,"5:19:06 PM",104,104,"Veggie Burger",American,10.5
5560,2459,2023-02-10,"8:12:30 PM",104,104,"Veggie Burger",American,10.5
5620,2490,2023-02-11,"1:58:36 PM",104,104,"Veggie Burger",American,10.5
5629,2493,2023-02-11,"2:40:54 PM",104,104,"Veggie Burger",American,10.5
5652,2506,2023-02-11,"5:44:46 PM",104,104,"Veggie Burger",American,10.5
5656,2507,2023-02-11,"5:47:02 PM",104,104,"Veggie Burger",American,10.5
5818,2579,2023-02-12,"5:38:32 PM",104,104,"Veggie Burger",American,10.5
5857,2597,2023-02-13,"11:31:11 AM",104,104,"Veggie Burger",American,10.5
5861,2600,2023-02-13,"11:53:11 AM",104,104,"Veggie Burger",American,10.5
5914,2622,2023-02-13,"4:06:27 PM",104,104,"Veggie Burger",American,10.5
5983,2650,2023-02-13,"8:55:07 PM",104,104,"Veggie Burger",American,10.5
6082,2698,2023-02-14,"6:43:20 PM",104,104,"Veggie Burger",American,10.5
6178,2733,2023-02-15,"2:40:34 PM",104,104,"Veggie Burger",American,10.5
6207,2748,2023-02-15,"5:21:12 PM",104,104,"Veggie Burger",American,10.5
6209,2749,2023-02-15,"5:21:37 PM",104,104,"Veggie Burger",American,10.5
6231,2758,2023-02-15,"5:58:47 PM",104,104,"Veggie Burger",American,10.5
6299,2786,2023-02-16,"12:18:19 PM",104,104,"Veggie Burger",American,10.5
6383,2823,2023-02-16,"7:53:49 PM",104,104,"Veggie Burger",American,10.5
6399,2829,2023-02-17,"11:41:17 AM",104,104,"Veggie Burger",American,10.5
6461,2856,2023-02-17,"4:00:48 PM",104,104,"Veggie Burger",American,10.5
6469,2860,2023-02-17,"5:02:17 PM",104,104,"Veggie Burger",American,10.5
6503,2879,2023-02-17,"8:04:09 PM",104,104,"Veggie Burger",American,10.5
6507,2881,2023-02-17,"8:59:44 PM",104,104,"Veggie Burger",American,10.5
6613,2924,2023-02-18,"6:00:30 PM",104,104,"Veggie Burger",American,10.5
6624,2928,2023-02-18,"6:22:10 PM",104,104,"Veggie Burger",American,10.5
6626,2930,2023-02-18,"6:39:01 PM",104,104,"Veggie Burger",American,10.5
6651,2938,2023-02-18,"8:07:26 PM",104,104,"Veggie Burger",American,10.5
6738,2970,2023-02-19,"2:19:12 PM",104,104,"Veggie Burger",American,10.5
6775,2991,2023-02-19,"6:21:31 PM",104,104,"Veggie Burger",American,10.5
6786,2998,2023-02-19,"7:52:20 PM",104,104,"Veggie Burger",American,10.5
6802,3003,2023-02-19,"9:32:12 PM",104,104,"Veggie Burger",American,10.5
6807,3006,2023-02-20,"12:01:32 PM",104,104,"Veggie Burger",American,10.5
6819,3012,2023-02-20,"12:32:03 PM",104,104,"Veggie Burger",American,10.5
6833,3018,2023-02-20,"1:12:40 PM",104,104,"Veggie Burger",American,10.5
6868,3031,2023-02-20,"2:06:14 PM",104,104,"Veggie Burger",American,10.5
6881,3036,2023-02-20,"3:14:47 PM",104,104,"Veggie Burger",American,10.5
6884,3038,2023-02-20,"3:46:43 PM",104,104,"Veggie Burger",American,10.5
6891,3041,2023-02-20,"4:25:39 PM",104,104,"Veggie Burger",American,10.5
6922,3054,2023-02-20,"6:04:47 PM",104,104,"Veggie Burger",American,10.5
7017,3095,2023-02-21,"3:11:34 PM",104,104,"Veggie Burger",American,10.5
7113,3138,2023-02-22,"1:02:28 PM",104,104,"Veggie Burger",American,10.5
7197,3174,2023-02-23,"12:09:18 PM",104,104,"Veggie Burger",American,10.5
7203,3177,2023-02-23,"12:23:43 PM",104,104,"Veggie Burger",American,10.5
7262,3201,2023-02-23,"5:21:33 PM",104,104,"Veggie Burger",American,10.5
7266,3202,2023-02-23,"5:22:50 PM",104,104,"Veggie Burger",American,10.5
7388,3256,2023-02-24,"5:31:07 PM",104,104,"Veggie Burger",American,10.5
7453,3286,2023-02-25,"11:50:16 AM",104,104,"Veggie Burger",American,10.5
7459,3288,2023-02-25,"12:00:55 PM",104,104,"Veggie Burger",American,10.5
7492,3298,2023-02-25,"1:01:51 PM",104,104,"Veggie Burger",American,10.5
7497,3302,2023-02-25,"1:24:42 PM",104,104,"Veggie Burger",American,10.5
7577,3339,2023-02-25,"8:27:43 PM",104,104,"Veggie Burger",American,10.5
7641,3364,2023-02-26,"1:56:18 PM",104,104,"Veggie Burger",American,10.5
7642,3364,2023-02-26,"1:56:18 PM",104,104,"Veggie Burger",American,10.5
7654,3370,2023-02-26,"3:39:19 PM",104,104,"Veggie Burger",American,10.5
7670,3376,2023-02-26,"4:27:20 PM",104,104,"Veggie Burger",American,10.5
7724,3400,2023-02-26,"10:22:05 PM",104,104,"Veggie Burger",American,10.5
7752,3413,2023-02-27,"12:54:17 PM",104,104,"Veggie Burger",American,10.5
7900,3473,2023-02-28,"11:49:43 AM",104,104,"Veggie Burger",American,10.5
8008,3514,2023-02-28,"7:59:10 PM",104,104,"Veggie Burger",American,10.5
8025,3522,2023-02-28,"9:03:34 PM",104,104,"Veggie Burger",American,10.5
8034,3525,2023-02-28,"9:21:02 PM",104,104,"Veggie Burger",American,10.5
8099,3555,2023-03-01,"5:48:53 PM",104,104,"Veggie Burger",American,10.5
8176,3589,2023-03-02,"12:46:49 PM",104,104,"Veggie Burger",American,10.5
8250,3623,2023-03-02,"6:20:06 PM",104,104,"Veggie Burger",American,10.5
8417,3690,2023-03-03,"9:58:18 PM",104,104,"Veggie Burger",American,10.5
8457,3705,2023-03-04,"1:15:42 PM",104,104,"Veggie Burger",American,10.5
8493,3720,2023-03-04,"4:10:09 PM",104,104,"Veggie Burger",American,10.5
8748,3834,2023-03-06,"1:48:02 PM",104,104,"Veggie Burger",American,10.5
8754,3837,2023-03-06,"2:30:34 PM",104,104,"Veggie Burger",American,10.5
8899,3900,2023-03-07,"4:26:19 PM",104,104,"Veggie Burger",American,10.5
8952,3923,2023-03-07,"8:22:59 PM",104,104,"Veggie Burger",American,10.5
8989,3940,2023-03-08,"12:29:28 PM",104,104,"Veggie Burger",American,10.5
9018,3951,2023-03-08,"2:14:25 PM",104,104,"Veggie Burger",American,10.5
9034,3962,2023-03-08,"3:58:21 PM",104,104,"Veggie Burger",American,10.5
9114,3997,2023-03-08,"8:55:45 PM",104,104,"Veggie Burger",American,10.5
9128,4004,2023-03-09,"11:53:06 AM",104,104,"Veggie Burger",American,10.5
9129,4005,2023-03-09,"12:40:14 PM",104,104,"Veggie Burger",American,10.5
9154,4014,2023-03-09,"1:39:39 PM",104,104,"Veggie Burger",American,10.5
9177,4021,2023-03-09,"3:39:32 PM",104,104,"Veggie Burger",American,10.5
9230,4044,2023-03-09,"6:59:49 PM",104,104,"Veggie Burger",American,10.5
9264,4059,2023-03-10,"12:06:00 PM",104,104,"Veggie Burger",American,10.5
9274,4064,2023-03-10,"12:39:50 PM",104,104,"Veggie Burger",American,10.5
9305,4077,2023-03-10,"1:55:11 PM",104,104,"Veggie Burger",American,10.5
9353,4097,2023-03-10,"5:57:38 PM",104,104,"Veggie Burger",American,10.5
9364,4102,2023-03-10,"6:45:32 PM",104,104,"Veggie Burger",American,10.5
9393,4112,2023-03-10,"9:23:19 PM",104,104,"Veggie Burger",American,10.5
9606,4208,2023-03-12,"5:00:06 PM",104,104,"Veggie Burger",American,10.5
9609,4209,2023-03-12,"5:06:27 PM",104,104,"Veggie Burger",American,10.5
9645,4228,2023-03-13,"11:21:11 AM",104,104,"Veggie Burger",American,10.5
9762,4275,2023-03-13,"7:25:15 PM",104,104,"Veggie Burger",American,10.5
9815,4298,2023-03-13,"10:18:17 PM",104,104,"Veggie Burger",American,10.5
9935,4352,2023-03-14,"9:22:53 PM",104,104,"Veggie Burger",American,10.5
9975,4365,2023-03-15,"1:55:25 PM",104,104,"Veggie Burger",American,10.5
10088,4419,2023-03-16,"1:09:10 PM",104,104,"Veggie Burger",American,10.5
10104,4423,2023-03-16,"1:25:45 PM",104,104,"Veggie Burger",American,10.5
10200,4469,2023-03-16,"10:47:49 PM",104,104,"Veggie Burger",American,10.5
10282,4498,2023-03-17,"4:22:45 PM",104,104,"Veggie Burger",American,10.5
10288,4501,2023-03-17,"4:48:42 PM",104,104,"Veggie Burger",American,10.5
10331,4520,2023-03-17,"7:18:13 PM",104,104,"Veggie Burger",American,10.5
10388,4546,2023-03-18,"12:12:52 PM",104,104,"Veggie Burger",American,10.5
10401,4553,2023-03-18,"12:50:30 PM",104,104,"Veggie Burger",American,10.5
10454,4579,2023-03-18,"6:04:32 PM",104,104,"Veggie Burger",American,10.5
10516,4611,2023-03-19,"12:26:04 PM",104,104,"Veggie Burger",American,10.5
10596,4640,2023-03-19,"6:35:46 PM",104,104,"Veggie Burger",American,10.5
10600,4642,2023-03-19,"7:05:06 PM",104,104,"Veggie Burger",American,10.5
10621,4650,2023-03-19,"7:48:15 PM",104,104,"Veggie Burger",American,10.5
10641,4661,2023-03-20,"11:33:30 AM",104,104,"Veggie Burger",American,10.5
10741,4706,2023-03-20,"7:16:21 PM",104,104,"Veggie Burger",American,10.5
10788,4726,2023-03-20,"10:28:53 PM",104,104,"Veggie Burger",American,10.5
10865,4757,2023-03-21,"4:52:17 PM",104,104,"Veggie Burger",American,10.5
10952,4797,2023-03-22,"4:16:29 PM",104,104,"Veggie Burger",American,10.5
10974,4807,2023-03-22,"6:26:11 PM",104,104,"Veggie Burger",American,10.5
10994,4817,2023-03-22,"9:08:01 PM",104,104,"Veggie Burger",American,10.5
11028,4836,2023-03-23,"12:57:49 PM",104,104,"Veggie Burger",American,10.5
11073,4850,2023-03-23,"4:30:47 PM",104,104,"Veggie Burger",American,10.5
11078,4853,2023-03-23,"4:58:43 PM",104,104,"Veggie Burger",American,10.5
11136,4884,2023-03-24,"11:45:15 AM",104,104,"Veggie Burger",American,10.5
11148,4891,2023-03-24,"12:26:41 PM",104,104,"Veggie Burger",American,10.5
11301,4965,2023-03-25,"4:12:29 PM",104,104,"Veggie Burger",American,10.5
11311,4969,2023-03-25,"5:13:34 PM",104,104,"Veggie Burger",American,10.5
11312,4969,2023-03-25,"5:13:34 PM",104,104,"Veggie Burger",American,10.5
11318,4971,2023-03-25,"5:37:50 PM",104,104,"Veggie Burger",American,10.5
11379,5001,2023-03-26,"11:44:02 AM",104,104,"Veggie Burger",American,10.5
11382,5003,2023-03-26,"11:50:45 AM",104,104,"Veggie Burger",American,10.5
11424,5019,2023-03-26,"2:12:31 PM",104,104,"Veggie Burger",American,10.5
11444,5030,2023-03-26,"4:09:58 PM",104,104,"Veggie Burger",American,10.5
11473,5044,2023-03-26,"5:58:03 PM",104,104,"Veggie Burger",American,10.5
11640,5118,2023-03-27,"7:40:48 PM",104,104,"Veggie Burger",American,10.5
11658,5124,2023-03-27,"8:53:44 PM",104,104,"Veggie Burger",American,10.5
11663,5126,2023-03-27,"9:21:49 PM",104,104,"Veggie Burger",American,10.5
11666,5127,2023-03-27,"9:43:10 PM",104,104,"Veggie Burger",American,10.5
11681,5136,2023-03-28,"12:37:40 PM",104,104,"Veggie Burger",American,10.5
11713,5148,2023-03-28,"2:48:02 PM",104,104,"Veggie Burger",American,10.5
11845,5202,2023-03-29,"1:00:19 PM",104,104,"Veggie Burger",American,10.5
11874,5214,2023-03-29,"3:39:45 PM",104,104,"Veggie Burger",American,10.5
11899,5223,2023-03-29,"4:59:08 PM",104,104,"Veggie Burger",American,10.5
11909,5227,2023-03-29,"5:44:17 PM",104,104,"Veggie Burger",American,10.5
11914,5230,2023-03-29,"6:37:13 PM",104,104,"Veggie Burger",American,10.5
11945,5247,2023-03-30,"10:50:46 AM",104,104,"Veggie Burger",American,10.5
12015,5280,2023-03-30,"4:52:59 PM",104,104,"Veggie Burger",American,10.5
12081,5312,2023-03-31,"12:06:28 PM",104,104,"Veggie Burger",American,10.5
12216,5364,2023-03-31,"8:16:14 PM",104,104,"Veggie Burger",American,10.5
25,10,2023-01-01,"1:00:15 PM",105,105,"Mac & Cheese",American,7
61,22,2023-01-01,"2:16:26 PM",105,105,"Mac & Cheese",American,7
62,23,2023-01-01,"2:19:03 PM",105,105,"Mac & Cheese",American,7
98,40,2023-01-01,"5:14:36 PM",105,105,"Mac & Cheese",American,7
115,47,2023-01-01,"6:26:34 PM",105,105,"Mac & Cheese",American,7
136,56,2023-01-01,"7:07:00 PM",105,105,"Mac & Cheese",American,7
157,67,2023-01-01,"10:03:40 PM",105,105,"Mac & Cheese",American,7
196,83,2023-01-02,"12:53:27 PM",105,105,"Mac & Cheese",American,7
226,94,2023-01-02,"4:17:16 PM",105,105,"Mac & Cheese",American,7
273,113,2023-01-02,"6:50:21 PM",105,105,"Mac & Cheese",American,7
291,121,2023-01-02,"7:38:48 PM",105,105,"Mac & Cheese",American,7
307,130,2023-01-02,"9:14:55 PM",105,105,"Mac & Cheese",American,7
317,134,2023-01-02,"10:13:24 PM",105,105,"Mac & Cheese",American,7
349,144,2023-01-03,"1:44:28 PM",105,105,"Mac & Cheese",American,7
350,144,2023-01-03,"1:44:28 PM",105,105,"Mac & Cheese",American,7
362,151,2023-01-03,"3:09:34 PM",105,105,"Mac & Cheese",American,7
437,186,2023-01-03,"7:36:00 PM",105,105,"Mac & Cheese",American,7
454,192,2023-01-03,"8:30:08 PM",105,105,"Mac & Cheese",American,7
529,225,2023-01-04,"4:41:48 PM",105,105,"Mac & Cheese",American,7
608,270,2023-01-05,"2:09:02 PM",105,105,"Mac & Cheese",American,7
619,271,2023-01-05,"2:22:19 PM",105,105,"Mac & Cheese",American,7
633,278,2023-01-05,"3:49:21 PM",105,105,"Mac & Cheese",American,7
674,297,2023-01-05,"7:02:18 PM",105,105,"Mac & Cheese",American,7
766,332,2023-01-06,"2:12:01 PM",105,105,"Mac & Cheese",American,7
771,334,2023-01-06,"2:24:18 PM",105,105,"Mac & Cheese",American,7
785,342,2023-01-06,"3:44:12 PM",105,105,"Mac & Cheese",American,7
818,357,2023-01-06,"6:27:58 PM",105,105,"Mac & Cheese",American,7
862,381,2023-01-07,"12:33:06 PM",105,105,"Mac & Cheese",American,7
943,411,2023-01-07,"5:58:09 PM",105,105,"Mac & Cheese",American,7
1029,443,2023-01-08,"12:34:20 PM",105,105,"Mac & Cheese",American,7
1047,451,2023-01-08,"1:19:06 PM",105,105,"Mac & Cheese",American,7
1088,473,2023-01-08,"4:41:27 PM",105,105,"Mac & Cheese",American,7
1135,494,2023-01-08,"7:38:40 PM",105,105,"Mac & Cheese",American,7
1149,501,2023-01-08,"9:51:31 PM",105,105,"Mac & Cheese",American,7
1202,527,2023-01-09,"3:23:37 PM",105,105,"Mac & Cheese",American,7
1216,534,2023-01-09,"4:43:32 PM",105,105,"Mac & Cheese",American,7
1291,570,2023-01-10,"1:13:59 PM",105,105,"Mac & Cheese",American,7
1293,572,2023-01-10,"1:15:32 PM",105,105,"Mac & Cheese",American,7
1313,580,2023-01-10,"1:56:01 PM",105,105,"Mac & Cheese",American,7
1322,586,2023-01-10,"4:09:57 PM",105,105,"Mac & Cheese",American,7
1331,591,2023-01-10,"5:32:54 PM",105,105,"Mac & Cheese",American,7
1374,611,2023-01-10,"7:58:10 PM",105,105,"Mac & Cheese",American,7
1387,617,2023-01-10,"8:27:26 PM",105,105,"Mac & Cheese",American,7
1445,641,2023-01-11,"1:37:46 PM",105,105,"Mac & Cheese",American,7
1556,695,2023-01-12,"1:33:06 PM",105,105,"Mac & Cheese",American,7
1579,705,2023-01-12,"3:31:00 PM",105,105,"Mac & Cheese",American,7
1584,707,2023-01-12,"3:41:32 PM",105,105,"Mac & Cheese",American,7
1588,710,2023-01-12,"3:59:52 PM",105,105,"Mac & Cheese",American,7
1607,717,2023-01-12,"5:24:44 PM",105,105,"Mac & Cheese",American,7
1609,718,2023-01-12,"5:46:30 PM",105,105,"Mac & Cheese",American,7
1624,724,2023-01-12,"6:24:47 PM",105,105,"Mac & Cheese",American,7
1631,728,2023-01-12,"6:53:17 PM",105,105,"Mac & Cheese",American,7
1653,738,2023-01-13,"12:16:47 PM",105,105,"Mac & Cheese",American,7
1698,754,2023-01-13,"3:47:56 PM",105,105,"Mac & Cheese",American,7
1727,766,2023-01-13,"5:21:45 PM",105,105,"Mac & Cheese",American,7
1751,778,2023-01-13,"7:18:08 PM",105,105,"Mac & Cheese",American,7
1759,781,2023-01-13,"8:31:17 PM",105,105,"Mac & Cheese",American,7
1760,781,2023-01-13,"8:31:17 PM",105,105,"Mac & Cheese",American,7
1769,785,2023-01-14,"11:28:44 AM",105,105,"Mac & Cheese",American,7
1804,800,2023-01-14,"12:54:35 PM",105,105,"Mac & Cheese",American,7
1813,801,2023-01-14,"1:10:53 PM",105,105,"Mac & Cheese",American,7
1814,801,2023-01-14,"1:10:53 PM",105,105,"Mac & Cheese",American,7
1833,813,2023-01-14,"4:09:29 PM",105,105,"Mac & Cheese",American,7
1837,816,2023-01-14,"5:04:08 PM",105,105,"Mac & Cheese",American,7
1841,817,2023-01-14,"5:10:38 PM",105,105,"Mac & Cheese",American,7
1848,820,2023-01-14,"5:24:09 PM",105,105,"Mac & Cheese",American,7
1889,835,2023-01-14,"7:56:01 PM",105,105,"Mac & Cheese",American,7
1909,845,2023-01-14,"9:42:56 PM",105,105,"Mac & Cheese",American,7
1919,850,2023-01-15,"12:15:35 PM",105,105,"Mac & Cheese",American,7
1928,855,2023-01-15,"12:56:54 PM",105,105,"Mac & Cheese",American,7
1943,862,2023-01-15,"1:10:45 PM",105,105,"Mac & Cheese",American,7
1967,874,2023-01-15,"3:20:36 PM",105,105,"Mac & Cheese",American,7
1970,876,2023-01-15,"3:27:03 PM",105,105,"Mac & Cheese",American,7
1974,879,2023-01-15,"4:12:57 PM",105,105,"Mac & Cheese",American,7
2031,906,2023-01-15,"8:51:59 PM",105,105,"Mac & Cheese",American,7
2058,917,2023-01-16,"12:34:15 PM",105,105,"Mac & Cheese",American,7
2063,921,2023-01-16,"1:18:32 PM",105,105,"Mac & Cheese",American,7
2067,922,2023-01-16,"1:19:43 PM",105,105,"Mac & Cheese",American,7
2071,924,2023-01-16,"1:27:57 PM",105,105,"Mac & Cheese",American,7
2116,942,2023-01-16,"5:18:37 PM",105,105,"Mac & Cheese",American,7
2215,982,2023-01-17,"2:12:58 PM",105,105,"Mac & Cheese",American,7
2243,999,2023-01-17,"5:21:24 PM",105,105,"Mac & Cheese",American,7
2275,1014,2023-01-17,"7:38:17 PM",105,105,"Mac & Cheese",American,7
2290,1020,2023-01-17,"9:04:20 PM",105,105,"Mac & Cheese",American,7
2348,1043,2023-01-18,"2:07:36 PM",105,105,"Mac & Cheese",American,7
2401,1068,2023-01-18,"6:16:32 PM",105,105,"Mac & Cheese",American,7
2433,1083,2023-01-19,"11:19:51 AM",105,105,"Mac & Cheese",American,7
2436,1085,2023-01-19,"11:37:05 AM",105,105,"Mac & Cheese",American,7
2533,1122,2023-01-19,"6:16:44 PM",105,105,"Mac & Cheese",American,7
2542,1126,2023-01-19,"6:48:46 PM",105,105,"Mac & Cheese",American,7
2607,1150,2023-01-20,"12:39:05 PM",105,105,"Mac & Cheese",American,7
2620,1153,2023-01-20,"12:56:30 PM",105,105,"Mac & Cheese",American,7
2683,1187,2023-01-20,"7:21:40 PM",105,105,"Mac & Cheese",American,7
2699,1195,2023-01-20,"8:39:52 PM",105,105,"Mac & Cheese",American,7
2736,1213,2023-01-21,"1:58:53 PM",105,105,"Mac & Cheese",American,7
2745,1214,2023-01-21,"2:00:05 PM",105,105,"Mac & Cheese",American,7
2837,1253,2023-01-22,"11:34:52 AM",105,105,"Mac & Cheese",American,7
2865,1265,2023-01-22,"12:59:26 PM",105,105,"Mac & Cheese",American,7
2879,1271,2023-01-22,"1:14:17 PM",105,105,"Mac & Cheese",American,7
2953,1300,2023-01-22,"6:28:51 PM",105,105,"Mac & Cheese",American,7
2967,1306,2023-01-22,"7:35:25 PM",105,105,"Mac & Cheese",American,7
2990,1320,2023-01-22,"11:02:31 PM",105,105,"Mac & Cheese",American,7
3003,1323,2023-01-23,"11:45:37 AM",105,105,"Mac & Cheese",American,7
3074,1360,2023-01-23,"5:33:33 PM",105,105,"Mac & Cheese",American,7
3081,1363,2023-01-23,"5:46:45 PM",105,105,"Mac & Cheese",American,7
3086,1365,2023-01-23,"5:54:47 PM",105,105,"Mac & Cheese",American,7
3121,1380,2023-01-23,"7:51:21 PM",105,105,"Mac & Cheese",American,7
3253,1441,2023-01-24,"8:13:00 PM",105,105,"Mac & Cheese",American,7
3270,1449,2023-01-24,"9:12:27 PM",105,105,"Mac & Cheese",American,7
3284,1453,2023-01-25,"12:24:36 PM",105,105,"Mac & Cheese",American,7
3296,1457,2023-01-25,"1:35:53 PM",105,105,"Mac & Cheese",American,7
3351,1481,2023-01-25,"6:12:26 PM",105,105,"Mac & Cheese",American,7
3406,1504,2023-01-26,"12:44:38 PM",105,105,"Mac & Cheese",American,7
3431,1517,2023-01-26,"1:56:01 PM",105,105,"Mac & Cheese",American,7
3487,1546,2023-01-26,"7:42:41 PM",105,105,"Mac & Cheese",American,7
3491,1548,2023-01-26,"8:59:51 PM",105,105,"Mac & Cheese",American,7
3492,1549,2023-01-26,"9:12:55 PM",105,105,"Mac & Cheese",American,7
3503,1556,2023-01-27,"12:19:15 PM",105,105,"Mac & Cheese",American,7
3539,1569,2023-01-27,"1:38:50 PM",105,105,"Mac & Cheese",American,7
3572,1584,2023-01-27,"5:08:55 PM",105,105,"Mac & Cheese",American,7
3577,1586,2023-01-27,"5:15:31 PM",105,105,"Mac & Cheese",American,7
3584,1589,2023-01-27,"5:46:02 PM",105,105,"Mac & Cheese",American,7
3603,1597,2023-01-27,"6:22:23 PM",105,105,"Mac & Cheese",American,7
3636,1613,2023-01-27,"9:05:59 PM",105,105,"Mac & Cheese",American,7
3702,1642,2023-01-28,"2:26:49 PM",105,105,"Mac & Cheese",American,7
3716,1648,2023-01-28,"3:43:15 PM",105,105,"Mac & Cheese",American,7
3722,1650,2023-01-28,"4:35:45 PM",105,105,"Mac & Cheese",American,7
3763,1670,2023-01-29,"11:52:11 AM",105,105,"Mac & Cheese",American,7
3802,1685,2023-01-29,"1:36:52 PM",105,105,"Mac & Cheese",American,7
3826,1699,2023-01-29,"4:05:53 PM",105,105,"Mac & Cheese",American,7
3864,1719,2023-01-29,"8:23:41 PM",105,105,"Mac & Cheese",American,7
3942,1754,2023-01-30,"5:11:32 PM",105,105,"Mac & Cheese",American,7
3948,1758,2023-01-30,"5:38:25 PM",105,105,"Mac & Cheese",American,7
4103,1824,2023-01-31,"6:20:38 PM",105,105,"Mac & Cheese",American,7
4139,1838,2023-01-31,"8:56:38 PM",105,105,"Mac & Cheese",American,7
4185,1855,2023-02-01,"12:28:09 PM",105,105,"Mac & Cheese",American,7
4205,1866,2023-02-01,"2:18:56 PM",105,105,"Mac & Cheese",American,7
4224,1875,2023-02-01,"3:52:26 PM",105,105,"Mac & Cheese",American,7
4229,1877,2023-02-01,"4:03:52 PM",105,105,"Mac & Cheese",American,7
4255,1887,2023-02-01,"4:48:06 PM",105,105,"Mac & Cheese",American,7
4273,1895,2023-02-01,"5:24:50 PM",105,105,"Mac & Cheese",American,7
4278,1897,2023-02-01,"5:32:37 PM",105,105,"Mac & Cheese",American,7
4312,1917,2023-02-01,"7:48:51 PM",105,105,"Mac & Cheese",American,7
4342,1931,2023-02-01,"10:15:43 PM",105,105,"Mac & Cheese",American,7
4426,1967,2023-02-02,"4:41:43 PM",105,105,"Mac & Cheese",American,7
4446,1976,2023-02-02,"6:25:11 PM",105,105,"Mac & Cheese",American,7
4561,2019,2023-02-03,"2:14:03 PM",105,105,"Mac & Cheese",American,7
4571,2024,2023-02-03,"4:04:02 PM",105,105,"Mac & Cheese",American,7
4576,2027,2023-02-03,"4:20:30 PM",105,105,"Mac & Cheese",American,7
4582,2030,2023-02-03,"4:50:44 PM",105,105,"Mac & Cheese",American,7
4585,2031,2023-02-03,"4:51:05 PM",105,105,"Mac & Cheese",American,7
4644,2059,2023-02-04,"11:41:34 AM",105,105,"Mac & Cheese",American,7
4719,2090,2023-02-04,"5:17:07 PM",105,105,"Mac & Cheese",American,7
4732,2095,2023-02-04,"5:49:55 PM",105,105,"Mac & Cheese",American,7
4735,2097,2023-02-04,"6:13:32 PM",105,105,"Mac & Cheese",American,7
4751,2103,2023-02-04,"7:38:28 PM",105,105,"Mac & Cheese",American,7
4754,2104,2023-02-04,"8:09:43 PM",105,105,"Mac & Cheese",American,7
4779,2115,2023-02-05,"11:15:19 AM",105,105,"Mac & Cheese",American,7
4783,2118,2023-02-05,"12:24:57 PM",105,105,"Mac & Cheese",American,7
4784,2118,2023-02-05,"12:24:57 PM",105,105,"Mac & Cheese",American,7
4848,2144,2023-02-05,"5:48:08 PM",105,105,"Mac & Cheese",American,7
4875,2157,2023-02-05,"7:39:29 PM",105,105,"Mac & Cheese",American,7
4886,2162,2023-02-05,"8:15:06 PM",105,105,"Mac & Cheese",American,7
4891,2165,2023-02-05,"8:29:51 PM",105,105,"Mac & Cheese",American,7
4907,2174,2023-02-05,"10:00:17 PM",105,105,"Mac & Cheese",American,7
4930,2183,2023-02-06,"12:25:17 PM",105,105,"Mac & Cheese",American,7
4939,2187,2023-02-06,"1:10:13 PM",105,105,"Mac & Cheese",American,7
4971,2196,2023-02-06,"1:45:32 PM",105,105,"Mac & Cheese",American,7
4985,2203,2023-02-06,"4:11:41 PM",105,105,"Mac & Cheese",American,7
4996,2209,2023-02-06,"5:11:37 PM",105,105,"Mac & Cheese",American,7
5020,2221,2023-02-06,"6:47:16 PM",105,105,"Mac & Cheese",American,7
5076,2248,2023-02-07,"1:22:06 PM",105,105,"Mac & Cheese",American,7
5124,2268,2023-02-07,"5:27:05 PM",105,105,"Mac & Cheese",American,7
5129,2271,2023-02-07,"6:09:56 PM",105,105,"Mac & Cheese",American,7
5176,2292,2023-02-07,"8:57:53 PM",105,105,"Mac & Cheese",American,7
5183,2296,2023-02-07,"9:24:01 PM",105,105,"Mac & Cheese",American,7
5188,2298,2023-02-07,"9:40:33 PM",105,105,"Mac & Cheese",American,7
5222,2312,2023-02-08,"2:10:27 PM",105,105,"Mac & Cheese",American,7
5226,2314,2023-02-08,"2:25:11 PM",105,105,"Mac & Cheese",American,7
5274,2335,2023-02-08,"6:20:27 PM",105,105,"Mac & Cheese",American,7
5300,2347,2023-02-08,"8:28:32 PM",105,105,"Mac & Cheese",American,7
5328,2362,2023-02-09,"12:30:05 PM",105,105,"Mac & Cheese",American,7
5348,2368,2023-02-09,"1:35:05 PM",105,105,"Mac & Cheese",American,7
5356,2369,2023-02-09,"2:00:19 PM",105,105,"Mac & Cheese",American,7
5357,2369,2023-02-09,"2:00:19 PM",105,105,"Mac & Cheese",American,7
5397,2383,2023-02-09,"5:12:03 PM",105,105,"Mac & Cheese",American,7
5409,2390,2023-02-09,"6:02:29 PM",105,105,"Mac & Cheese",American,7
5457,2410,2023-02-10,"11:43:09 AM",105,105,"Mac & Cheese",American,7
5461,2414,2023-02-10,"12:10:37 PM",105,105,"Mac & Cheese",American,7
5492,2430,2023-02-10,"1:54:52 PM",105,105,"Mac & Cheese",American,7
5511,2436,2023-02-10,"2:58:42 PM",105,105,"Mac & Cheese",American,7
5540,2451,2023-02-10,"5:58:53 PM",105,105,"Mac & Cheese",American,7
5558,2458,2023-02-10,"8:09:17 PM",105,105,"Mac & Cheese",American,7
5584,2471,2023-02-11,"11:48:07 AM",105,105,"Mac & Cheese",American,7
5594,2478,2023-02-11,"12:27:39 PM",105,105,"Mac & Cheese",American,7
5625,2491,2023-02-11,"2:00:00 PM",105,105,"Mac & Cheese",American,7
5642,2501,2023-02-11,"5:00:41 PM",105,105,"Mac & Cheese",American,7
5673,2514,2023-02-11,"6:25:46 PM",105,105,"Mac & Cheese",American,7
5730,2539,2023-02-12,"11:38:35 AM",105,105,"Mac & Cheese",American,7
5783,2562,2023-02-12,"2:30:22 PM",105,105,"Mac & Cheese",American,7
5929,2627,2023-02-13,"4:50:09 PM",105,105,"Mac & Cheese",American,7
5956,2639,2023-02-13,"6:38:55 PM",105,105,"Mac & Cheese",American,7
5968,2644,2023-02-13,"8:22:27 PM",105,105,"Mac & Cheese",American,7
6008,2663,2023-02-13,"10:24:52 PM",105,105,"Mac & Cheese",American,7
6017,2669,2023-02-14,"12:42:49 PM",105,105,"Mac & Cheese",American,7
6025,2673,2023-02-14,"2:07:03 PM",105,105,"Mac & Cheese",American,7
6036,2675,2023-02-14,"2:41:49 PM",105,105,"Mac & Cheese",American,7
6059,2689,2023-02-14,"5:48:59 PM",105,105,"Mac & Cheese",American,7
6095,2702,2023-02-14,"6:54:29 PM",105,105,"Mac & Cheese",American,7
6097,2704,2023-02-14,"7:11:21 PM",105,105,"Mac & Cheese",American,7
6101,2705,2023-02-14,"7:34:31 PM",105,105,"Mac & Cheese",American,7
6117,2710,2023-02-14,"8:00:00 PM",105,105,"Mac & Cheese",American,7
6162,2725,2023-02-15,"11:52:00 AM",105,105,"Mac & Cheese",American,7
6187,2736,2023-02-15,"3:11:36 PM",105,105,"Mac & Cheese",American,7
6191,2739,2023-02-15,"4:29:16 PM",105,105,"Mac & Cheese",American,7
6206,2747,2023-02-15,"5:16:27 PM",105,105,"Mac & Cheese",American,7
6213,2750,2023-02-15,"5:26:04 PM",105,105,"Mac & Cheese",American,7
6227,2755,2023-02-15,"5:49:17 PM",105,105,"Mac & Cheese",American,7
6238,2761,2023-02-15,"6:50:06 PM",105,105,"Mac & Cheese",American,7
6251,2767,2023-02-15,"7:45:33 PM",105,105,"Mac & Cheese",American,7
6258,2770,2023-02-15,"8:41:38 PM",105,105,"Mac & Cheese",American,7
6291,2782,2023-02-16,"11:58:57 AM",105,105,"Mac & Cheese",American,7
6292,2783,2023-02-16,"12:02:14 PM",105,105,"Mac & Cheese",American,7
6331,2798,2023-02-16,"2:39:07 PM",105,105,"Mac & Cheese",American,7
6337,2801,2023-02-16,"3:58:06 PM",105,105,"Mac & Cheese",American,7
6361,2812,2023-02-16,"6:13:00 PM",105,105,"Mac & Cheese",American,7
6404,2831,2023-02-17,"12:01:02 PM",105,105,"Mac & Cheese",American,7
6413,2839,2023-02-17,"1:14:08 PM",105,105,"Mac & Cheese",American,7
6435,2848,2023-02-17,"2:02:20 PM",105,105,"Mac & Cheese",American,7
6437,2849,2023-02-17,"2:07:24 PM",105,105,"Mac & Cheese",American,7
6438,2849,2023-02-17,"2:07:24 PM",105,105,"Mac & Cheese",American,7
6474,2864,2023-02-17,"5:30:42 PM",105,105,"Mac & Cheese",American,7
6487,2872,2023-02-17,"6:40:22 PM",105,105,"Mac & Cheese",American,7
6525,2889,2023-02-18,"11:22:20 AM",105,105,"Mac & Cheese",American,7
6526,2889,2023-02-18,"11:22:20 AM",105,105,"Mac & Cheese",American,7
6590,2914,2023-02-18,"3:56:55 PM",105,105,"Mac & Cheese",American,7
6601,2919,2023-02-18,"5:07:38 PM",105,105,"Mac & Cheese",American,7
6615,2924,2023-02-18,"6:00:30 PM",105,105,"Mac & Cheese",American,7
6620,2926,2023-02-18,"6:06:26 PM",105,105,"Mac & Cheese",American,7
6664,2942,2023-02-18,"8:34:26 PM",105,105,"Mac & Cheese",American,7
6691,2952,2023-02-19,"12:03:36 PM",105,105,"Mac & Cheese",American,7
6717,2961,2023-02-19,"1:13:54 PM",105,105,"Mac & Cheese",American,7
6733,2967,2023-02-19,"1:44:40 PM",105,105,"Mac & Cheese",American,7
6788,2998,2023-02-19,"7:52:20 PM",105,105,"Mac & Cheese",American,7
6801,3002,2023-02-19,"9:27:34 PM",105,105,"Mac & Cheese",American,7
6823,3013,2023-02-20,"12:45:23 PM",105,105,"Mac & Cheese",American,7
6827,3014,2023-02-20,"12:58:29 PM",105,105,"Mac & Cheese",American,7
6869,3031,2023-02-20,"2:06:14 PM",105,105,"Mac & Cheese",American,7
6950,3067,2023-02-20,"8:22:25 PM",105,105,"Mac & Cheese",American,7
6979,3080,2023-02-21,"12:23:18 PM",105,105,"Mac & Cheese",American,7
6987,3082,2023-02-21,"12:37:30 PM",105,105,"Mac & Cheese",American,7
7012,3092,2023-02-21,"2:41:55 PM",105,105,"Mac & Cheese",American,7
7045,3107,2023-02-21,"5:26:20 PM",105,105,"Mac & Cheese",American,7
7076,3123,2023-02-21,"7:46:07 PM",105,105,"Mac & Cheese",American,7
7091,3131,2023-02-21,"10:14:02 PM",105,105,"Mac & Cheese",American,7
7117,3138,2023-02-22,"1:02:28 PM",105,105,"Mac & Cheese",American,7
7130,3144,2023-02-22,"3:26:04 PM",105,105,"Mac & Cheese",American,7
7173,3162,2023-02-22,"8:40:55 PM",105,105,"Mac & Cheese",American,7
7209,3179,2023-02-23,"12:41:52 PM",105,105,"Mac & Cheese",American,7
7230,3187,2023-02-23,"1:27:18 PM",105,105,"Mac & Cheese",American,7
7240,3189,2023-02-23,"1:59:04 PM",105,105,"Mac & Cheese",American,7
7346,3234,2023-02-24,"12:34:37 PM",105,105,"Mac & Cheese",American,7
7350,3236,2023-02-24,"12:50:51 PM",105,105,"Mac & Cheese",American,7
7385,3255,2023-02-24,"4:41:21 PM",105,105,"Mac & Cheese",American,7
7386,3255,2023-02-24,"4:41:21 PM",105,105,"Mac & Cheese",American,7
7393,3257,2023-02-24,"5:38:20 PM",105,105,"Mac & Cheese",American,7
7398,3260,2023-02-24,"5:41:19 PM",105,105,"Mac & Cheese",American,7
7479,3292,2023-02-25,"12:39:18 PM",105,105,"Mac & Cheese",American,7
7505,3304,2023-02-25,"1:36:09 PM",105,105,"Mac & Cheese",American,7
7540,3321,2023-02-25,"5:22:08 PM",105,105,"Mac & Cheese",American,7
7556,3328,2023-02-25,"6:44:25 PM",105,105,"Mac & Cheese",American,7
7558,3329,2023-02-25,"6:49:43 PM",105,105,"Mac & Cheese",American,7
7585,3343,2023-02-25,"9:16:08 PM",105,105,"Mac & Cheese",American,7
7647,3366,2023-02-26,"2:18:48 PM",105,105,"Mac & Cheese",American,7
7707,3393,2023-02-26,"6:53:40 PM",105,105,"Mac & Cheese",American,7
7727,3401,2023-02-27,"11:48:28 AM",105,105,"Mac & Cheese",American,7
7766,3417,2023-02-27,"1:05:16 PM",105,105,"Mac & Cheese",American,7
7776,3421,2023-02-27,"1:57:48 PM",105,105,"Mac & Cheese",American,7
7814,3436,2023-02-27,"5:09:56 PM",105,105,"Mac & Cheese",American,7
7818,3437,2023-02-27,"5:15:48 PM",105,105,"Mac & Cheese",American,7
7827,3442,2023-02-27,"5:48:37 PM",105,105,"Mac & Cheese",American,7
7867,3456,2023-02-27,"7:09:27 PM",105,105,"Mac & Cheese",American,7
7907,3473,2023-02-28,"11:49:43 AM",105,105,"Mac & Cheese",American,7
7913,3475,2023-02-28,"12:02:32 PM",105,105,"Mac & Cheese",American,7
7928,3482,2023-02-28,"1:05:32 PM",105,105,"Mac & Cheese",American,7
7930,3483,2023-02-28,"1:09:50 PM",105,105,"Mac & Cheese",American,7
7946,3492,2023-02-28,"4:01:29 PM",105,105,"Mac & Cheese",American,7
7974,3502,2023-02-28,"6:02:19 PM",105,105,"Mac & Cheese",American,7
8050,3532,2023-03-01,"11:49:27 AM",105,105,"Mac & Cheese",American,7
8062,3537,2023-03-01,"12:52:52 PM",105,105,"Mac & Cheese",American,7
8081,3546,2023-03-01,"3:20:14 PM",105,105,"Mac & Cheese",American,7
8085,3547,2023-03-01,"3:47:40 PM",105,105,"Mac & Cheese",American,7
8106,3558,2023-03-01,"6:08:01 PM",105,105,"Mac & Cheese",American,7
8110,3559,2023-03-01,"6:17:40 PM",105,105,"Mac & Cheese",American,7
8117,3562,2023-03-01,"6:41:16 PM",105,105,"Mac & Cheese",American,7
8136,3573,2023-03-01,"8:07:52 PM",105,105,"Mac & Cheese",American,7
8144,3577,2023-03-01,"10:08:42 PM",105,105,"Mac & Cheese",American,7
8160,3583,2023-03-02,"12:07:16 PM",105,105,"Mac & Cheese",American,7
8191,3593,2023-03-02,"1:15:28 PM",105,105,"Mac & Cheese",American,7
8204,3601,2023-03-02,"2:04:41 PM",105,105,"Mac & Cheese",American,7
8224,3611,2023-03-02,"4:28:50 PM",105,105,"Mac & Cheese",American,7
8236,3617,2023-03-02,"5:31:32 PM",105,105,"Mac & Cheese",American,7
8253,3624,2023-03-02,"6:25:01 PM",105,105,"Mac & Cheese",American,7
8278,3634,2023-03-02,"9:16:40 PM",105,105,"Mac & Cheese",American,7
8280,3635,2023-03-02,"9:28:09 PM",105,105,"Mac & Cheese",American,7
8281,3635,2023-03-02,"9:28:09 PM",105,105,"Mac & Cheese",American,7
8282,3635,2023-03-02,"9:28:09 PM",105,105,"Mac & Cheese",American,7
8284,3636,2023-03-02,"9:34:03 PM",105,105,"Mac & Cheese",American,7
8293,3642,2023-03-03,"12:24:18 PM",105,105,"Mac & Cheese",American,7
8315,3652,2023-03-03,"1:21:01 PM",105,105,"Mac & Cheese",American,7
8345,3659,2023-03-03,"2:03:25 PM",105,105,"Mac & Cheese",American,7
8405,3683,2023-03-03,"7:56:12 PM",105,105,"Mac & Cheese",American,7
8440,3699,2023-03-04,"12:29:54 PM",105,105,"Mac & Cheese",American,7
8441,3699,2023-03-04,"12:29:54 PM",105,105,"Mac & Cheese",American,7
8466,3709,2023-03-04,"1:26:50 PM",105,105,"Mac & Cheese",American,7
8475,3710,2023-03-04,"1:48:40 PM",105,105,"Mac & Cheese",American,7
8477,3711,2023-03-04,"1:51:43 PM",105,105,"Mac & Cheese",American,7
8532,3735,2023-03-04,"6:25:22 PM",105,105,"Mac & Cheese",American,7
8563,3750,2023-03-05,"11:46:21 AM",105,105,"Mac & Cheese",American,7
8620,3776,2023-03-05,"1:59:08 PM",105,105,"Mac & Cheese",American,7
8632,3782,2023-03-05,"3:29:44 PM",105,105,"Mac & Cheese",American,7
8637,3783,2023-03-05,"3:31:22 PM",105,105,"Mac & Cheese",American,7
8665,3796,2023-03-05,"5:19:11 PM",105,105,"Mac & Cheese",American,7
8667,3797,2023-03-05,"5:23:32 PM",105,105,"Mac & Cheese",American,7
8700,3812,2023-03-05,"8:58:09 PM",105,105,"Mac & Cheese",American,7
8737,3828,2023-03-06,"12:48:55 PM",105,105,"Mac & Cheese",American,7
8759,3841,2023-03-06,"3:18:10 PM",105,105,"Mac & Cheese",American,7
8792,3856,2023-03-06,"6:15:58 PM",105,105,"Mac & Cheese",American,7
8818,3866,2023-03-06,"8:01:26 PM",105,105,"Mac & Cheese",American,7
8837,3874,2023-03-06,"9:28:26 PM",105,105,"Mac & Cheese",American,7
8865,3886,2023-03-07,"12:23:20 PM",105,105,"Mac & Cheese",American,7
8947,3919,2023-03-07,"7:48:54 PM",105,105,"Mac & Cheese",American,7
8972,3931,2023-03-07,"9:23:14 PM",105,105,"Mac & Cheese",American,7
8995,3940,2023-03-08,"12:29:28 PM",105,105,"Mac & Cheese",American,7
9011,3945,2023-03-08,"1:08:44 PM",105,105,"Mac & Cheese",American,7
9085,3984,2023-03-08,"6:28:07 PM",105,105,"Mac & Cheese",American,7
9093,3987,2023-03-08,"6:33:21 PM",105,105,"Mac & Cheese",American,7
9097,3989,2023-03-08,"7:53:16 PM",105,105,"Mac & Cheese",American,7
9098,3990,2023-03-08,"7:56:35 PM",105,105,"Mac & Cheese",American,7
9145,4011,2023-03-09,"1:12:55 PM",105,105,"Mac & Cheese",American,7
9148,4012,2023-03-09,"1:17:54 PM",105,105,"Mac & Cheese",American,7
9161,4014,2023-03-09,"1:39:39 PM",105,105,"Mac & Cheese",American,7
9168,4015,2023-03-09,"2:05:48 PM",105,105,"Mac & Cheese",American,7
9181,4022,2023-03-09,"4:15:29 PM",105,105,"Mac & Cheese",American,7
9190,4026,2023-03-09,"4:46:41 PM",105,105,"Mac & Cheese",American,7
9205,4033,2023-03-09,"5:43:46 PM",105,105,"Mac & Cheese",American,7
9215,4036,2023-03-09,"5:56:04 PM",105,105,"Mac & Cheese",American,7
9267,4060,2023-03-10,"12:25:20 PM",105,105,"Mac & Cheese",American,7
9321,4081,2023-03-10,"2:41:40 PM",105,105,"Mac & Cheese",American,7
9333,4087,2023-03-10,"3:42:01 PM",105,105,"Mac & Cheese",American,7
9341,4090,2023-03-10,"4:43:06 PM",105,105,"Mac & Cheese",American,7
9369,4104,2023-03-10,"7:14:28 PM",105,105,"Mac & Cheese",American,7
9399,4117,2023-03-11,"12:06:00 PM",105,105,"Mac & Cheese",American,7
9409,4122,2023-03-11,"12:44:34 PM",105,105,"Mac & Cheese",American,7
9429,4128,2023-03-11,"1:20:46 PM",105,105,"Mac & Cheese",American,7
9433,4130,2023-03-11,"1:22:05 PM",105,105,"Mac & Cheese",American,7
9443,4132,2023-03-11,"1:49:46 PM",105,105,"Mac & Cheese",American,7
9445,4133,2023-03-11,"2:05:09 PM",105,105,"Mac & Cheese",American,7
9485,4153,2023-03-11,"5:08:05 PM",105,105,"Mac & Cheese",American,7
9490,4155,2023-03-11,"5:12:58 PM",105,105,"Mac & Cheese",American,7
9496,4160,2023-03-11,"6:17:39 PM",105,105,"Mac & Cheese",American,7
9510,4166,2023-03-11,"6:44:57 PM",105,105,"Mac & Cheese",American,7
9514,4167,2023-03-11,"6:46:52 PM",105,105,"Mac & Cheese",American,7
9558,4186,2023-03-12,"12:38:05 PM",105,105,"Mac & Cheese",American,7
9624,4216,2023-03-12,"6:23:38 PM",105,105,"Mac & Cheese",American,7
9650,4231,2023-03-13,"12:11:55 PM",105,105,"Mac & Cheese",American,7
9720,4257,2023-03-13,"5:15:09 PM",105,105,"Mac & Cheese",American,7
9721,4258,2023-03-13,"5:17:57 PM",105,105,"Mac & Cheese",American,7
9724,4260,2023-03-13,"5:27:49 PM",105,105,"Mac & Cheese",American,7
9725,4260,2023-03-13,"5:27:49 PM",105,105,"Mac & Cheese",American,7
9749,4269,2023-03-13,"6:44:54 PM",105,105,"Mac & Cheese",American,7
9793,4289,2023-03-13,"8:47:26 PM",105,105,"Mac & Cheese",American,7
9851,4310,2023-03-14,"1:47:57 PM",105,105,"Mac & Cheese",American,7
9989,4372,2023-03-15,"3:45:56 PM",105,105,"Mac & Cheese",American,7
10055,4400,2023-03-15,"8:49:02 PM",105,105,"Mac & Cheese",American,7
10090,4420,2023-03-16,"1:12:50 PM",105,105,"Mac & Cheese",American,7
10126,4432,2023-03-16,"3:00:56 PM",105,105,"Mac & Cheese",American,7
10190,4463,2023-03-16,"7:27:52 PM",105,105,"Mac & Cheese",American,7
10192,4464,2023-03-16,"7:28:38 PM",105,105,"Mac & Cheese",American,7
10218,4477,2023-03-17,"1:03:10 PM",105,105,"Mac & Cheese",American,7
10231,4479,2023-03-17,"1:33:20 PM",105,105,"Mac & Cheese",American,7
10247,4482,2023-03-17,"1:57:38 PM",105,105,"Mac & Cheese",American,7
10258,4487,2023-03-17,"2:41:19 PM",105,105,"Mac & Cheese",American,7
10315,4511,2023-03-17,"5:57:13 PM",105,105,"Mac & Cheese",American,7
10325,4515,2023-03-17,"6:35:13 PM",105,105,"Mac & Cheese",American,7
10333,4520,2023-03-17,"7:18:13 PM",105,105,"Mac & Cheese",American,7
10400,4552,2023-03-18,"12:50:24 PM",105,105,"Mac & Cheese",American,7
10407,4555,2023-03-18,"1:07:53 PM",105,105,"Mac & Cheese",American,7
10412,4556,2023-03-18,"1:09:57 PM",105,105,"Mac & Cheese",American,7
10459,4581,2023-03-18,"6:15:20 PM",105,105,"Mac & Cheese",American,7
10557,4623,2023-03-19,"2:41:44 PM",105,105,"Mac & Cheese",American,7
10592,4638,2023-03-19,"6:18:28 PM",105,105,"Mac & Cheese",American,7
10604,4643,2023-03-19,"7:11:53 PM",105,105,"Mac & Cheese",American,7
10628,4652,2023-03-19,"7:57:11 PM",105,105,"Mac & Cheese",American,7
10643,4661,2023-03-20,"11:33:30 AM",105,105,"Mac & Cheese",American,7
10692,4680,2023-03-20,"2:09:05 PM",105,105,"Mac & Cheese",American,7
10694,4681,2023-03-20,"2:19:44 PM",105,105,"Mac & Cheese",American,7
10698,4684,2023-03-20,"3:40:10 PM",105,105,"Mac & Cheese",American,7
10704,4687,2023-03-20,"4:51:47 PM",105,105,"Mac & Cheese",American,7
10712,4692,2023-03-20,"5:35:37 PM",105,105,"Mac & Cheese",American,7
10725,4698,2023-03-20,"6:29:47 PM",105,105,"Mac & Cheese",American,7
10753,4710,2023-03-20,"7:50:29 PM",105,105,"Mac & Cheese",American,7
10778,4722,2023-03-20,"9:49:53 PM",105,105,"Mac & Cheese",American,7
10786,4725,2023-03-20,"10:20:00 PM",105,105,"Mac & Cheese",American,7
10794,4728,2023-03-21,"11:48:59 AM",105,105,"Mac & Cheese",American,7
10830,4740,2023-03-21,"2:06:07 PM",105,105,"Mac & Cheese",American,7
10875,4761,2023-03-21,"6:10:58 PM",105,105,"Mac & Cheese",American,7
10882,4764,2023-03-21,"6:52:00 PM",105,105,"Mac & Cheese",American,7
10889,4767,2023-03-21,"7:20:15 PM",105,105,"Mac & Cheese",American,7
10895,4768,2023-03-21,"7:32:01 PM",105,105,"Mac & Cheese",American,7
10915,4778,2023-03-21,"8:38:40 PM",105,105,"Mac & Cheese",American,7
10916,4779,2023-03-21,"9:35:31 PM",105,105,"Mac & Cheese",American,7
10919,4781,2023-03-21,"9:58:12 PM",105,105,"Mac & Cheese",American,7
11008,4824,2023-03-23,"11:40:00 AM",105,105,"Mac & Cheese",American,7
11017,4829,2023-03-23,"12:14:01 PM",105,105,"Mac & Cheese",American,7
11038,4836,2023-03-23,"12:57:49 PM",105,105,"Mac & Cheese",American,7
11064,4845,2023-03-23,"3:30:17 PM",105,105,"Mac & Cheese",American,7
11091,4859,2023-03-23,"5:30:36 PM",105,105,"Mac & Cheese",American,7
11117,4873,2023-03-23,"8:25:39 PM",105,105,"Mac & Cheese",American,7
11122,4876,2023-03-23,"9:07:34 PM",105,105,"Mac & Cheese",American,7
11131,4881,2023-03-24,"11:16:40 AM",105,105,"Mac & Cheese",American,7
11141,4887,2023-03-24,"12:04:00 PM",105,105,"Mac & Cheese",American,7
11149,4891,2023-03-24,"12:26:41 PM",105,105,"Mac & Cheese",American,7
11166,4898,2023-03-24,"1:22:58 PM",105,105,"Mac & Cheese",American,7
11176,4902,2023-03-24,"3:31:33 PM",105,105,"Mac & Cheese",American,7
11190,4909,2023-03-24,"4:39:37 PM",105,105,"Mac & Cheese",American,7
11293,4959,2023-03-25,"1:49:25 PM",105,105,"Mac & Cheese",American,7
11309,4968,2023-03-25,"5:07:45 PM",105,105,"Mac & Cheese",American,7
11362,4990,2023-03-25,"9:02:20 PM",105,105,"Mac & Cheese",American,7
11394,5009,2023-03-26,"12:45:57 PM",105,105,"Mac & Cheese",American,7
11399,5011,2023-03-26,"12:55:44 PM",105,105,"Mac & Cheese",American,7
11436,5024,2023-03-26,"2:40:47 PM",105,105,"Mac & Cheese",American,7
11446,5030,2023-03-26,"4:09:58 PM",105,105,"Mac & Cheese",American,7
11451,5032,2023-03-26,"4:20:57 PM",105,105,"Mac & Cheese",American,7
11481,5048,2023-03-26,"6:34:53 PM",105,105,"Mac & Cheese",American,7
11497,5056,2023-03-26,"8:01:53 PM",105,105,"Mac & Cheese",American,7
11508,5061,2023-03-26,"9:23:45 PM",105,105,"Mac & Cheese",American,7
11525,5066,2023-03-27,"12:20:59 PM",105,105,"Mac & Cheese",American,7
11552,5079,2023-03-27,"1:41:43 PM",105,105,"Mac & Cheese",American,7
11557,5080,2023-03-27,"1:43:35 PM",105,105,"Mac & Cheese",American,7
11581,5092,2023-03-27,"4:48:30 PM",105,105,"Mac & Cheese",American,7
11589,5095,2023-03-27,"5:04:40 PM",105,105,"Mac & Cheese",American,7
11596,5099,2023-03-27,"5:45:15 PM",105,105,"Mac & Cheese",American,7
11602,5101,2023-03-27,"5:51:15 PM",105,105,"Mac & Cheese",American,7
11629,5111,2023-03-27,"6:46:46 PM",105,105,"Mac & Cheese",American,7
11632,5113,2023-03-27,"7:14:27 PM",105,105,"Mac & Cheese",American,7
11712,5147,2023-03-28,"2:44:43 PM",105,105,"Mac & Cheese",American,7
11775,5175,2023-03-28,"7:25:20 PM",105,105,"Mac & Cheese",American,7
11793,5184,2023-03-28,"8:20:01 PM",105,105,"Mac & Cheese",American,7
11834,5200,2023-03-29,"12:32:07 PM",105,105,"Mac & Cheese",American,7
11835,5200,2023-03-29,"12:32:07 PM",105,105,"Mac & Cheese",American,7
11849,5202,2023-03-29,"1:00:19 PM",105,105,"Mac & Cheese",American,7
11921,5233,2023-03-29,"6:53:49 PM",105,105,"Mac & Cheese",American,7
11959,5253,2023-03-30,"12:16:02 PM",105,105,"Mac & Cheese",American,7
11991,5266,2023-03-30,"1:53:43 PM",105,105,"Mac & Cheese",American,7
11997,5269,2023-03-30,"3:05:00 PM",105,105,"Mac & Cheese",American,7
12018,5280,2023-03-30,"4:52:59 PM",105,105,"Mac & Cheese",American,7
12026,5283,2023-03-30,"5:09:36 PM",105,105,"Mac & Cheese",American,7
12032,5285,2023-03-30,"5:34:44 PM",105,105,"Mac & Cheese",American,7
12062,5303,2023-03-30,"9:15:27 PM",105,105,"Mac & Cheese",American,7
12073,5307,2023-03-30,"9:44:36 PM",105,105,"Mac & Cheese",American,7
12168,5344,2023-03-31,"5:22:40 PM",105,105,"Mac & Cheese",American,7
12201,5358,2023-03-31,"7:07:27 PM",105,105,"Mac & Cheese",American,7
6,2,2023-01-01,"11:57:40 AM",106,106,"French Fries",American,7
42,16,2023-01-01,"1:34:07 PM",106,106,"French Fries",American,7
68,25,2023-01-01,"2:44:44 PM",106,106,"French Fries",American,7
76,30,2023-01-01,"3:41:25 PM",106,106,"French Fries",American,7
89,35,2023-01-01,"4:32:04 PM",106,106,"French Fries",American,7
111,45,2023-01-01,"5:55:48 PM",106,106,"French Fries",American,7
114,46,2023-01-01,"6:25:51 PM",106,106,"French Fries",American,7
131,54,2023-01-01,"7:01:45 PM",106,106,"French Fries",American,7
164,71,2023-01-02,"11:40:50 AM",106,106,"French Fries",American,7
166,73,2023-01-02,"11:58:56 AM",106,106,"French Fries",American,7
185,78,2023-01-02,"12:28:14 PM",106,106,"French Fries",American,7
188,79,2023-01-02,"12:29:11 PM",106,106,"French Fries",American,7
190,80,2023-01-02,"12:35:38 PM",106,106,"French Fries",American,7
191,81,2023-01-02,"12:40:01 PM",106,106,"French Fries",American,7
209,89,2023-01-02,"2:30:19 PM",106,106,"French Fries",American,7
211,90,2023-01-02,"3:08:48 PM",106,106,"French Fries",American,7
278,115,2023-01-02,"7:05:17 PM",106,106,"French Fries",American,7
340,143,2023-01-03,"1:41:36 PM",106,106,"French Fries",American,7
352,144,2023-01-03,"1:44:28 PM",106,106,"French Fries",American,7
366,152,2023-01-03,"3:09:42 PM",106,106,"French Fries",American,7
375,156,2023-01-03,"3:42:19 PM",106,106,"French Fries",American,7
381,158,2023-01-03,"3:54:30 PM",106,106,"French Fries",American,7
383,159,2023-01-03,"3:59:22 PM",106,106,"French Fries",American,7
408,172,2023-01-03,"5:29:24 PM",106,106,"French Fries",American,7
420,177,2023-01-03,"5:54:36 PM",106,106,"French Fries",American,7
439,186,2023-01-03,"7:36:00 PM",106,106,"French Fries",American,7
446,189,2023-01-03,"8:12:14 PM",106,106,"French Fries",American,7
526,224,2023-01-04,"4:39:58 PM",106,106,"French Fries",American,7
537,230,2023-01-04,"5:58:38 PM",106,106,"French Fries",American,7
553,239,2023-01-04,"7:57:52 PM",106,106,"French Fries",American,7
558,242,2023-01-04,"8:15:29 PM",106,106,"French Fries",American,7
572,248,2023-01-04,"8:58:19 PM",106,106,"French Fries",American,7
610,270,2023-01-05,"2:09:02 PM",106,106,"French Fries",American,7
624,274,2023-01-05,"2:36:33 PM",106,106,"French Fries",American,7
669,294,2023-01-05,"6:16:35 PM",106,106,"French Fries",American,7
673,296,2023-01-05,"6:46:54 PM",106,106,"French Fries",American,7
699,307,2023-01-05,"9:45:38 PM",106,106,"French Fries",American,7
702,308,2023-01-05,"9:59:46 PM",106,106,"French Fries",American,7
706,310,2023-01-06,"11:40:48 AM",106,106,"French Fries",American,7
739,322,2023-01-06,"1:02:13 PM",106,106,"French Fries",American,7
767,332,2023-01-06,"2:12:01 PM",106,106,"French Fries",American,7
772,334,2023-01-06,"2:24:18 PM",106,106,"French Fries",American,7
778,338,2023-01-06,"3:18:26 PM",106,106,"French Fries",American,7
796,347,2023-01-06,"4:37:17 PM",106,106,"French Fries",American,7
799,348,2023-01-06,"4:49:12 PM",106,106,"French Fries",American,7
800,348,2023-01-06,"4:49:12 PM",106,106,"French Fries",American,7
822,359,2023-01-06,"6:33:08 PM",106,106,"French Fries",American,7
841,368,2023-01-06,"8:28:16 PM",106,106,"French Fries",American,7
857,377,2023-01-07,"12:03:18 PM",106,106,"French Fries",American,7
859,379,2023-01-07,"12:25:37 PM",106,106,"French Fries",American,7
863,382,2023-01-07,"12:33:07 PM",106,106,"French Fries",American,7
873,386,2023-01-07,"12:58:16 PM",106,106,"French Fries",American,7
908,394,2023-01-07,"2:02:18 PM",106,106,"French Fries",American,7
921,400,2023-01-07,"4:03:07 PM",106,106,"French Fries",American,7
985,432,2023-01-08,"11:39:07 AM",106,106,"French Fries",American,7
1015,440,2023-01-08,"12:16:34 PM",106,106,"French Fries",American,7
1018,441,2023-01-08,"12:16:58 PM",106,106,"French Fries",American,7
1033,443,2023-01-08,"12:34:20 PM",106,106,"French Fries",American,7
1043,449,2023-01-08,"1:04:15 PM",106,106,"French Fries",American,7
1054,453,2023-01-08,"1:27:14 PM",106,106,"French Fries",American,7
1092,475,2023-01-08,"5:15:17 PM",106,106,"French Fries",American,7
1171,513,2023-01-09,"12:22:48 PM",106,106,"French Fries",American,7
1183,521,2023-01-09,"1:43:07 PM",106,106,"French Fries",American,7
1197,524,2023-01-09,"2:51:35 PM",106,106,"French Fries",American,7
1244,549,2023-01-09,"7:06:34 PM",106,106,"French Fries",American,7
1249,551,2023-01-09,"7:26:24 PM",106,106,"French Fries",American,7
1285,567,2023-01-10,"12:27:47 PM",106,106,"French Fries",American,7
1335,592,2023-01-10,"5:41:55 PM",106,106,"French Fries",American,7
1367,608,2023-01-10,"7:36:33 PM",106,106,"French Fries",American,7
1368,608,2023-01-10,"7:36:33 PM",106,106,"French Fries",American,7
1458,646,2023-01-11,"2:07:26 PM",106,106,"French Fries",American,7
1474,653,2023-01-11,"4:18:23 PM",106,106,"French Fries",American,7
1479,656,2023-01-11,"4:44:49 PM",106,106,"French Fries",American,7
1514,673,2023-01-11,"7:28:13 PM",106,106,"French Fries",American,7
1543,689,2023-01-12,"12:33:22 PM",106,106,"French Fries",American,7
1544,689,2023-01-12,"12:33:22 PM",106,106,"French Fries",American,7
1563,698,2023-01-12,"2:08:16 PM",106,106,"French Fries",American,7
1627,725,2023-01-12,"6:33:14 PM",106,106,"French Fries",American,7
1632,728,2023-01-12,"6:53:17 PM",106,106,"French Fries",American,7
1644,733,2023-01-12,"7:57:36 PM",106,106,"French Fries",American,7
1652,737,2023-01-13,"11:31:34 AM",106,106,"French Fries",American,7
1716,762,2023-01-13,"4:36:36 PM",106,106,"French Fries",American,7
1745,776,2023-01-13,"6:50:43 PM",106,106,"French Fries",American,7
1763,782,2023-01-13,"8:36:27 PM",106,106,"French Fries",American,7
1765,783,2023-01-13,"9:17:08 PM",106,106,"French Fries",American,7
1778,791,2023-01-14,"12:23:54 PM",106,106,"French Fries",American,7
1799,799,2023-01-14,"12:51:29 PM",106,106,"French Fries",American,7
1817,801,2023-01-14,"1:10:53 PM",106,106,"French Fries",American,7
1842,817,2023-01-14,"5:10:38 PM",106,106,"French Fries",American,7
1920,850,2023-01-15,"12:15:35 PM",106,106,"French Fries",American,7
1922,852,2023-01-15,"12:33:51 PM",106,106,"French Fries",American,7
1934,858,2023-01-15,"1:03:42 PM",106,106,"French Fries",American,7
1944,863,2023-01-15,"1:12:29 PM",106,106,"French Fries",American,7
1960,869,2023-01-15,"2:31:43 PM",106,106,"French Fries",American,7
1983,882,2023-01-15,"4:44:46 PM",106,106,"French Fries",American,7
2034,908,2023-01-15,"9:42:32 PM",106,106,"French Fries",American,7
2087,928,2023-01-16,"2:14:40 PM",106,106,"French Fries",American,7
2096,932,2023-01-16,"3:33:19 PM",106,106,"French Fries",American,7
2098,934,2023-01-16,"3:55:24 PM",106,106,"French Fries",American,7
2145,954,2023-01-16,"7:14:03 PM",106,106,"French Fries",American,7
2150,956,2023-01-16,"7:24:40 PM",106,106,"French Fries",American,7
2171,965,2023-01-16,"8:41:02 PM",106,106,"French Fries",American,7
2192,977,2023-01-17,"12:01:58 PM",106,106,"French Fries",American,7
2203,978,2023-01-17,"12:24:36 PM",106,106,"French Fries",American,7
2209,980,2023-01-17,"12:58:36 PM",106,106,"French Fries",American,7
2210,980,2023-01-17,"12:58:36 PM",106,106,"French Fries",American,7
2234,994,2023-01-17,"4:19:42 PM",106,106,"French Fries",American,7
2235,994,2023-01-17,"4:19:42 PM",106,106,"French Fries",American,7
2257,1006,2023-01-17,"6:28:12 PM",106,106,"French Fries",American,7
2276,1015,2023-01-17,"7:42:51 PM",106,106,"French Fries",American,7
2295,1022,2023-01-17,"9:16:01 PM",106,106,"French Fries",American,7
2331,1036,2023-01-18,"12:49:29 PM",106,106,"French Fries",American,7
2340,1040,2023-01-18,"1:56:05 PM",106,106,"French Fries",American,7
2371,1056,2023-01-18,"4:12:18 PM",106,106,"French Fries",American,7
2404,1069,2023-01-18,"6:19:47 PM",106,106,"French Fries",American,7
2425,1079,2023-01-18,"8:45:11 PM",106,106,"French Fries",American,7
2432,1082,2023-01-19,"11:16:43 AM",106,106,"French Fries",American,7
2445,1088,2023-01-19,"12:00:52 PM",106,106,"French Fries",American,7
2491,1100,2023-01-19,"1:34:27 PM",106,106,"French Fries",American,7
2501,1105,2023-01-19,"3:13:54 PM",106,106,"French Fries",American,7
2519,1115,2023-01-19,"5:08:55 PM",106,106,"French Fries",American,7
2535,1122,2023-01-19,"6:16:44 PM",106,106,"French Fries",American,7
2547,1128,2023-01-19,"6:59:54 PM",106,106,"French Fries",American,7
2566,1136,2023-01-19,"9:59:06 PM",106,106,"French Fries",American,7
2608,1150,2023-01-20,"12:39:05 PM",106,106,"French Fries",American,7
2631,1158,2023-01-20,"1:17:45 PM",106,106,"French Fries",American,7
2636,1161,2023-01-20,"2:21:41 PM",106,106,"French Fries",American,7
2682,1186,2023-01-20,"7:19:55 PM",106,106,"French Fries",American,7
2690,1192,2023-01-20,"8:15:27 PM",106,106,"French Fries",American,7
2725,1206,2023-01-21,"12:38:38 PM",106,106,"French Fries",American,7
2763,1222,2023-01-21,"3:32:23 PM",106,106,"French Fries",American,7
2766,1224,2023-01-21,"3:45:47 PM",106,106,"French Fries",American,7
2780,1230,2023-01-21,"4:38:28 PM",106,106,"French Fries",American,7
2795,1235,2023-01-21,"5:55:58 PM",106,106,"French Fries",American,7
2802,1238,2023-01-21,"6:18:51 PM",106,106,"French Fries",American,7
2812,1242,2023-01-21,"6:50:51 PM",106,106,"French Fries",American,7
2867,1265,2023-01-22,"12:59:26 PM",106,106,"French Fries",American,7
2874,1268,2023-01-22,"1:01:39 PM",106,106,"French Fries",American,7
2894,1274,2023-01-22,"1:24:14 PM",106,106,"French Fries",American,7
2902,1278,2023-01-22,"2:07:34 PM",106,106,"French Fries",American,7
2956,1301,2023-01-22,"6:42:08 PM",106,106,"French Fries",American,7
2974,1311,2023-01-22,"8:21:28 PM",106,106,"French Fries",American,7
2983,1317,2023-01-22,"9:00:41 PM",106,106,"French Fries",American,7
2985,1318,2023-01-22,"9:36:48 PM",106,106,"French Fries",American,7
3020,1331,2023-01-23,"12:54:56 PM",106,106,"French Fries",American,7
3044,1343,2023-01-23,"2:29:11 PM",106,106,"French Fries",American,7
3049,1346,2023-01-23,"3:25:17 PM",106,106,"French Fries",American,7
3053,1348,2023-01-23,"3:50:01 PM",106,106,"French Fries",American,7
3094,1368,2023-01-23,"6:22:01 PM",106,106,"French Fries",American,7
3124,1381,2023-01-23,"8:08:54 PM",106,106,"French Fries",American,7
3137,1387,2023-01-23,"9:11:38 PM",106,106,"French Fries",American,7
3140,1390,2023-01-24,"11:38:40 AM",106,106,"French Fries",American,7
3148,1393,2023-01-24,"12:43:03 PM",106,106,"French Fries",American,7
3150,1395,2023-01-24,"1:32:52 PM",106,106,"French Fries",American,7
3157,1398,2023-01-24,"2:04:36 PM",106,106,"French Fries",American,7
3158,1398,2023-01-24,"2:04:36 PM",106,106,"French Fries",American,7
3162,1399,2023-01-24,"2:07:38 PM",106,106,"French Fries",American,7
3164,1401,2023-01-24,"2:20:17 PM",106,106,"French Fries",American,7
3209,1422,2023-01-24,"6:26:42 PM",106,106,"French Fries",American,7
3217,1425,2023-01-24,"6:50:51 PM",106,106,"French Fries",American,7
3264,1445,2023-01-24,"8:29:40 PM",106,106,"French Fries",American,7
3285,1453,2023-01-25,"12:24:36 PM",106,106,"French Fries",American,7
3298,1457,2023-01-25,"1:35:53 PM",106,106,"French Fries",American,7
3318,1466,2023-01-25,"2:48:05 PM",106,106,"French Fries",American,7
3358,1484,2023-01-25,"6:57:43 PM",106,106,"French Fries",American,7
3386,1498,2023-01-26,"11:25:10 AM",106,106,"French Fries",American,7
3408,1504,2023-01-26,"12:44:38 PM",106,106,"French Fries",American,7
3445,1526,2023-01-26,"2:55:06 PM",106,106,"French Fries",American,7
3474,1539,2023-01-26,"6:03:43 PM",106,106,"French Fries",American,7
3477,1541,2023-01-26,"6:10:06 PM",106,106,"French Fries",American,7
3481,1542,2023-01-26,"6:37:22 PM",106,106,"French Fries",American,7
3483,1543,2023-01-26,"7:21:11 PM",106,106,"French Fries",American,7
3542,1569,2023-01-27,"1:38:50 PM",106,106,"French Fries",American,7
3547,1572,2023-01-27,"2:33:38 PM",106,106,"French Fries",American,7
3548,1573,2023-01-27,"2:39:50 PM",106,106,"French Fries",American,7
3568,1582,2023-01-27,"4:34:55 PM",106,106,"French Fries",American,7
3602,1596,2023-01-27,"6:22:07 PM",106,106,"French Fries",American,7
3613,1602,2023-01-27,"6:49:15 PM",106,106,"French Fries",American,7
3666,1629,2023-01-28,"12:17:09 PM",106,106,"French Fries",American,7
3724,1652,2023-01-28,"4:56:19 PM",106,106,"French Fries",American,7
3752,1663,2023-01-28,"8:46:18 PM",106,106,"French Fries",American,7
3755,1665,2023-01-28,"9:24:32 PM",106,106,"French Fries",American,7
3790,1684,2023-01-29,"1:33:16 PM",106,106,"French Fries",American,7
3803,1685,2023-01-29,"1:36:52 PM",106,106,"French Fries",American,7
3809,1687,2023-01-29,"1:39:42 PM",106,106,"French Fries",American,7
3818,1695,2023-01-29,"3:11:01 PM",106,106,"French Fries",American,7
3868,1721,2023-01-29,"8:38:52 PM",106,106,"French Fries",American,7
3877,1727,2023-01-30,"11:25:25 AM",106,106,"French Fries",American,7
3900,1734,2023-01-30,"12:36:42 PM",106,106,"French Fries",American,7
3901,1734,2023-01-30,"12:36:42 PM",106,106,"French Fries",American,7
3978,1773,2023-01-30,"8:06:40 PM",106,106,"French Fries",American,7
3983,1776,2023-01-30,"8:09:16 PM",106,106,"French Fries",American,7
4013,1791,2023-01-30,"10:46:02 PM",106,106,"French Fries",American,7
4039,1797,2023-01-31,"1:40:00 PM",106,106,"French Fries",American,7
4050,1802,2023-01-31,"2:55:20 PM",106,106,"French Fries",American,7
4116,1828,2023-01-31,"7:12:25 PM",106,106,"French Fries",American,7
4119,1829,2023-01-31,"7:15:50 PM",106,106,"French Fries",American,7
4177,1851,2023-02-01,"11:49:01 AM",106,106,"French Fries",American,7
4219,1872,2023-02-01,"3:07:28 PM",106,106,"French Fries",American,7
4245,1884,2023-02-01,"4:34:15 PM",106,106,"French Fries",American,7
4269,1893,2023-02-01,"5:11:36 PM",106,106,"French Fries",American,7
4275,1895,2023-02-01,"5:24:50 PM",106,106,"French Fries",American,7
4279,1897,2023-02-01,"5:32:37 PM",106,106,"French Fries",American,7
4334,1927,2023-02-01,"9:31:03 PM",106,106,"French Fries",American,7
4344,1932,2023-02-01,"10:29:35 PM",106,106,"French Fries",American,7
4347,1933,2023-02-02,"11:17:08 AM",106,106,"French Fries",American,7
4348,1933,2023-02-02,"11:17:08 AM",106,106,"French Fries",American,7
4353,1936,2023-02-02,"11:34:50 AM",106,106,"French Fries",American,7
4360,1942,2023-02-02,"12:38:58 PM",106,106,"French Fries",American,7
4375,1947,2023-02-02,"1:12:14 PM",106,106,"French Fries",American,7
4401,1957,2023-02-02,"2:50:01 PM",106,106,"French Fries",American,7
4405,1959,2023-02-02,"3:09:10 PM",106,106,"French Fries",American,7
4447,1976,2023-02-02,"6:25:11 PM",106,106,"French Fries",American,7
4502,1999,2023-02-03,"12:07:51 PM",106,106,"French Fries",American,7
4511,2000,2023-02-03,"12:14:27 PM",106,106,"French Fries",American,7
4532,2006,2023-02-03,"12:35:28 PM",106,106,"French Fries",American,7
4580,2029,2023-02-03,"4:47:49 PM",106,106,"French Fries",American,7
4677,2073,2023-02-04,"1:35:51 PM",106,106,"French Fries",American,7
4678,2073,2023-02-04,"1:35:51 PM",106,106,"French Fries",American,7
4870,2155,2023-02-05,"6:59:56 PM",106,106,"French Fries",American,7
4960,2191,2023-02-06,"1:19:59 PM",106,106,"French Fries",American,7
4961,2192,2023-02-06,"1:20:41 PM",106,106,"French Fries",American,7
4993,2207,2023-02-06,"5:00:57 PM",106,106,"French Fries",American,7
5004,2213,2023-02-06,"5:53:26 PM",106,106,"French Fries",American,7
5021,2221,2023-02-06,"6:47:16 PM",106,106,"French Fries",American,7
5062,2241,2023-02-07,"11:40:43 AM",106,106,"French Fries",American,7
5079,2251,2023-02-07,"1:58:00 PM",106,106,"French Fries",American,7
5091,2254,2023-02-07,"3:00:58 PM",106,106,"French Fries",American,7
5098,2256,2023-02-07,"3:22:04 PM",106,106,"French Fries",American,7
5102,2257,2023-02-07,"3:28:55 PM",106,106,"French Fries",American,7
5128,2270,2023-02-07,"5:57:15 PM",106,106,"French Fries",American,7
5164,2288,2023-02-07,"8:20:41 PM",106,106,"French Fries",American,7
5189,2298,2023-02-07,"9:40:33 PM",106,106,"French Fries",American,7
5245,2322,2023-02-08,"3:46:13 PM",106,106,"French Fries",American,7
5252,2326,2023-02-08,"4:28:40 PM",106,106,"French Fries",American,7
5279,2338,2023-02-08,"6:51:54 PM",106,106,"French Fries",American,7
5287,2342,2023-02-08,"7:12:49 PM",106,106,"French Fries",American,7
5289,2343,2023-02-08,"7:20:14 PM",106,106,"French Fries",American,7
5311,2352,2023-02-08,"10:21:27 PM",106,106,"French Fries",American,7
5312,2353,2023-02-08,"10:23:41 PM",106,106,"French Fries",American,7
5332,2363,2023-02-09,"12:35:50 PM",106,106,"French Fries",American,7
5344,2366,2023-02-09,"1:07:01 PM",106,106,"French Fries",American,7
5345,2366,2023-02-09,"1:07:01 PM",106,106,"French Fries",American,7
5358,2369,2023-02-09,"2:00:19 PM",106,106,"French Fries",American,7
5362,2370,2023-02-09,"2:00:23 PM",106,106,"French Fries",American,7
5473,2421,2023-02-10,"12:48:04 PM",106,106,"French Fries",American,7
5487,2427,2023-02-10,"1:42:50 PM",106,106,"French Fries",American,7
5534,2447,2023-02-10,"5:20:30 PM",106,106,"French Fries",American,7
5546,2454,2023-02-10,"7:00:37 PM",106,106,"French Fries",American,7
5592,2477,2023-02-11,"12:20:06 PM",106,106,"French Fries",American,7
5618,2488,2023-02-11,"1:43:20 PM",106,106,"French Fries",American,7
5626,2491,2023-02-11,"2:00:00 PM",106,106,"French Fries",American,7
5693,2522,2023-02-11,"7:25:46 PM",106,106,"French Fries",American,7
5696,2523,2023-02-11,"7:30:16 PM",106,106,"French Fries",American,7
5701,2524,2023-02-11,"7:31:47 PM",106,106,"French Fries",American,7
5770,2556,2023-02-12,"2:00:38 PM",106,106,"French Fries",American,7
5787,2564,2023-02-12,"2:53:19 PM",106,106,"French Fries",American,7
5792,2566,2023-02-12,"3:25:11 PM",106,106,"French Fries",American,7
5808,2574,2023-02-12,"4:22:32 PM",106,106,"French Fries",American,7
5899,2612,2023-02-13,"1:43:11 PM",106,106,"French Fries",American,7
5926,2626,2023-02-13,"4:49:57 PM",106,106,"French Fries",American,7
5937,2630,2023-02-13,"5:15:17 PM",106,106,"French Fries",American,7
5955,2638,2023-02-13,"6:27:27 PM",106,106,"French Fries",American,7
5957,2639,2023-02-13,"6:38:55 PM",106,106,"French Fries",American,7
5962,2641,2023-02-13,"7:52:22 PM",106,106,"French Fries",American,7
5965,2643,2023-02-13,"8:08:34 PM",106,106,"French Fries",American,7
5981,2649,2023-02-13,"8:52:50 PM",106,106,"French Fries",American,7
6045,2677,2023-02-14,"3:27:42 PM",106,106,"French Fries",American,7
6047,2679,2023-02-14,"4:01:35 PM",106,106,"French Fries",American,7
6049,2681,2023-02-14,"4:39:19 PM",106,106,"French Fries",American,7
6087,2699,2023-02-14,"6:44:17 PM",106,106,"French Fries",American,7
6106,2707,2023-02-14,"7:35:46 PM",106,106,"French Fries",American,7
6171,2729,2023-02-15,"1:29:30 PM",106,106,"French Fries",American,7
6172,2730,2023-02-15,"1:53:02 PM",106,106,"French Fries",American,7
6180,2734,2023-02-15,"2:51:01 PM",106,106,"French Fries",American,7
6197,2742,2023-02-15,"4:51:56 PM",106,106,"French Fries",American,7
6232,2758,2023-02-15,"5:58:47 PM",106,106,"French Fries",American,7
6235,2759,2023-02-15,"6:04:36 PM",106,106,"French Fries",American,7
6240,2761,2023-02-15,"6:50:06 PM",106,106,"French Fries",American,7
6287,2781,2023-02-16,"11:47:04 AM",106,106,"French Fries",American,7
6288,2781,2023-02-16,"11:47:04 AM",106,106,"French Fries",American,7
6289,2781,2023-02-16,"11:47:04 AM",106,106,"French Fries",American,7
6343,2804,2023-02-16,"4:43:53 PM",106,106,"French Fries",American,7
6349,2807,2023-02-16,"5:13:02 PM",106,106,"French Fries",American,7
6367,2814,2023-02-16,"6:21:06 PM",106,106,"French Fries",American,7
6370,2815,2023-02-16,"6:21:17 PM",106,106,"French Fries",American,7
6379,2819,2023-02-16,"7:26:51 PM",106,106,"French Fries",American,7
6392,2825,2023-02-16,"8:46:23 PM",106,106,"French Fries",American,7
6394,2826,2023-02-16,"10:40:27 PM",106,106,"French Fries",American,7
6405,2831,2023-02-17,"12:01:02 PM",106,106,"French Fries",American,7
6439,2849,2023-02-17,"2:07:24 PM",106,106,"French Fries",American,7
6448,2851,2023-02-17,"2:23:26 PM",106,106,"French Fries",American,7
6460,2855,2023-02-17,"3:26:05 PM",106,106,"French Fries",American,7
6471,2862,2023-02-17,"5:27:13 PM",106,106,"French Fries",American,7
6505,2879,2023-02-17,"8:04:09 PM",106,106,"French Fries",American,7
6528,2889,2023-02-18,"11:22:20 AM",106,106,"French Fries",American,7
6547,2895,2023-02-18,"12:06:59 PM",106,106,"French Fries",American,7
6555,2899,2023-02-18,"12:32:03 PM",106,106,"French Fries",American,7
6562,2902,2023-02-18,"1:04:25 PM",106,106,"French Fries",American,7
6578,2909,2023-02-18,"2:21:14 PM",106,106,"French Fries",American,7
6603,2919,2023-02-18,"5:07:38 PM",106,106,"French Fries",American,7
6609,2921,2023-02-18,"5:13:58 PM",106,106,"French Fries",American,7
6611,2922,2023-02-18,"5:17:04 PM",106,106,"French Fries",American,7
6623,2927,2023-02-18,"6:09:39 PM",106,106,"French Fries",American,7
6649,2936,2023-02-18,"7:15:17 PM",106,106,"French Fries",American,7
6742,2974,2023-02-19,"3:07:56 PM",106,106,"French Fries",American,7
6747,2976,2023-02-19,"3:29:10 PM",106,106,"French Fries",American,7
6796,3001,2023-02-19,"8:34:39 PM",106,106,"French Fries",American,7
6841,3021,2023-02-20,"1:23:48 PM",106,106,"French Fries",American,7
6857,3027,2023-02-20,"1:41:20 PM",106,106,"French Fries",American,7
6876,3034,2023-02-20,"2:55:08 PM",106,106,"French Fries",American,7
6897,3042,2023-02-20,"4:30:09 PM",106,106,"French Fries",American,7
6963,3072,2023-02-20,"9:28:46 PM",106,106,"French Fries",American,7
6973,3077,2023-02-20,"10:17:15 PM",106,106,"French Fries",American,7
6989,3082,2023-02-21,"12:37:30 PM",106,106,"French Fries",American,7
7002,3089,2023-02-21,"1:42:51 PM",106,106,"French Fries",American,7
7009,3091,2023-02-21,"2:04:59 PM",106,106,"French Fries",American,7
7020,3095,2023-02-21,"3:11:34 PM",106,106,"French Fries",American,7
7021,3095,2023-02-21,"3:11:34 PM",106,106,"French Fries",American,7
7039,3104,2023-02-21,"4:45:25 PM",106,106,"French Fries",American,7
7049,3108,2023-02-21,"5:28:57 PM",106,106,"French Fries",American,7
7055,3111,2023-02-21,"6:11:42 PM",106,106,"French Fries",American,7
7108,3136,2023-02-22,"12:39:19 PM",106,106,"French Fries",American,7
7157,3155,2023-02-22,"6:28:37 PM",106,106,"French Fries",American,7
7159,3156,2023-02-22,"6:57:53 PM",106,106,"French Fries",American,7
7176,3165,2023-02-22,"9:02:45 PM",106,106,"French Fries",American,7
7190,3170,2023-02-22,"10:13:50 PM",106,106,"French Fries",American,7
7241,3189,2023-02-23,"1:59:04 PM",106,106,"French Fries",American,7
7259,3199,2023-02-23,"5:13:58 PM",106,106,"French Fries",American,7
7270,3203,2023-02-23,"5:23:12 PM",106,106,"French Fries",American,7
7276,3205,2023-02-23,"5:31:33 PM",106,106,"French Fries",American,7
7329,3230,2023-02-24,"12:13:18 PM",106,106,"French Fries",American,7
7336,3233,2023-02-24,"12:29:32 PM",106,106,"French Fries",American,7
7378,3250,2023-02-24,"4:09:29 PM",106,106,"French Fries",American,7
7421,3269,2023-02-24,"7:26:01 PM",106,106,"French Fries",American,7
7429,3274,2023-02-24,"8:23:21 PM",106,106,"French Fries",American,7
7439,3279,2023-02-24,"9:35:05 PM",106,106,"French Fries",American,7
7454,3286,2023-02-25,"11:50:16 AM",106,106,"French Fries",American,7
7468,3290,2023-02-25,"12:32:36 PM",106,106,"French Fries",American,7
7521,3311,2023-02-25,"3:44:27 PM",106,106,"French Fries",American,7
7535,3318,2023-02-25,"4:58:06 PM",106,106,"French Fries",American,7
7574,3337,2023-02-25,"8:15:01 PM",106,106,"French Fries",American,7
7575,3337,2023-02-25,"8:15:01 PM",106,106,"French Fries",American,7
7605,3353,2023-02-26,"12:39:02 PM",106,106,"French Fries",American,7
7617,3356,2023-02-26,"1:06:30 PM",106,106,"French Fries",American,7
7620,3357,2023-02-26,"1:07:13 PM",106,106,"French Fries",American,7
7621,3358,2023-02-26,"1:13:35 PM",106,106,"French Fries",American,7
7640,3363,2023-02-26,"1:52:23 PM",106,106,"French Fries",American,7
7660,3371,2023-02-26,"3:58:02 PM",106,106,"French Fries",American,7
7686,3384,2023-02-26,"5:37:19 PM",106,106,"French Fries",American,7
7719,3398,2023-02-26,"7:49:51 PM",106,106,"French Fries",American,7
7788,3424,2023-02-27,"2:14:57 PM",106,106,"French Fries",American,7
7796,3428,2023-02-27,"4:08:31 PM",106,106,"French Fries",American,7
7842,3447,2023-02-27,"6:14:22 PM",106,106,"French Fries",American,7
7846,3448,2023-02-27,"6:30:33 PM",106,106,"French Fries",American,7
7857,3452,2023-02-27,"6:47:21 PM",106,106,"French Fries",American,7
7858,3453,2023-02-27,"6:48:01 PM",106,106,"French Fries",American,7
7891,3468,2023-02-27,"9:38:02 PM",106,106,"French Fries",American,7
7931,3483,2023-02-28,"1:09:50 PM",106,106,"French Fries",American,7
7985,3506,2023-02-28,"6:39:46 PM",106,106,"French Fries",American,7
8013,3516,2023-02-28,"8:05:17 PM",106,106,"French Fries",American,7
8082,3546,2023-03-01,"3:20:14 PM",106,106,"French Fries",American,7
8129,3570,2023-03-01,"7:43:37 PM",106,106,"French Fries",American,7
8139,3574,2023-03-01,"8:49:00 PM",106,106,"French Fries",American,7
8143,3576,2023-03-01,"10:00:46 PM",106,106,"French Fries",American,7
8167,3584,2023-03-02,"12:30:47 PM",106,106,"French Fries",American,7
8220,3609,2023-03-02,"3:53:54 PM",106,106,"French Fries",American,7
8243,3619,2023-03-02,"5:47:31 PM",106,106,"French Fries",American,7
8252,3623,2023-03-02,"6:20:06 PM",106,106,"French Fries",American,7
8258,3626,2023-03-02,"6:29:51 PM",106,106,"French Fries",American,7
8333,3655,2023-03-03,"1:39:24 PM",106,106,"French Fries",American,7
8338,3658,2023-03-03,"2:00:33 PM",106,106,"French Fries",American,7
8356,3661,2023-03-03,"3:05:02 PM",106,106,"French Fries",American,7
8382,3672,2023-03-03,"5:29:49 PM",106,106,"French Fries",American,7
8429,3692,2023-03-04,"11:31:04 AM",106,106,"French Fries",American,7
8476,3710,2023-03-04,"1:48:40 PM",106,106,"French Fries",American,7
8478,3712,2023-03-04,"2:15:54 PM",106,106,"French Fries",American,7
8497,3723,2023-03-04,"4:29:02 PM",106,106,"French Fries",American,7
8501,3724,2023-03-04,"4:38:05 PM",106,106,"French Fries",American,7
8517,3729,2023-03-04,"5:52:09 PM",106,106,"French Fries",American,7
8533,3735,2023-03-04,"6:25:22 PM",106,106,"French Fries",American,7
8540,3738,2023-03-04,"6:36:42 PM",106,106,"French Fries",American,7
8547,3743,2023-03-04,"7:52:52 PM",106,106,"French Fries",American,7
8580,3759,2023-03-05,"12:44:29 PM",106,106,"French Fries",American,7
8595,3768,2023-03-05,"1:27:04 PM",106,106,"French Fries",American,7
8655,3792,2023-03-05,"4:39:37 PM",106,106,"French Fries",American,7
8660,3794,2023-03-05,"5:09:43 PM",106,106,"French Fries",American,7
8666,3796,2023-03-05,"5:19:11 PM",106,106,"French Fries",American,7
8678,3800,2023-03-05,"5:30:54 PM",106,106,"French Fries",American,7
8691,3807,2023-03-05,"6:35:58 PM",106,106,"French Fries",American,7
8701,3812,2023-03-05,"8:58:09 PM",106,106,"French Fries",American,7
8766,3844,2023-03-06,"3:59:29 PM",106,106,"French Fries",American,7
8781,3852,2023-03-06,"5:27:18 PM",106,106,"French Fries",American,7
8805,3861,2023-03-06,"7:15:15 PM",106,106,"French Fries",American,7
8811,3864,2023-03-06,"7:57:15 PM",106,106,"French Fries",American,7
8839,3874,2023-03-06,"9:28:26 PM",106,106,"French Fries",American,7
8898,3899,2023-03-07,"4:21:06 PM",106,106,"French Fries",American,7
8934,3914,2023-03-07,"7:08:43 PM",106,106,"French Fries",American,7
8949,3920,2023-03-07,"7:49:06 PM",106,106,"French Fries",American,7
8960,3925,2023-03-07,"8:39:45 PM",106,106,"French Fries",American,7
8970,3930,2023-03-07,"9:16:27 PM",106,106,"French Fries",American,7
8997,3940,2023-03-08,"12:29:28 PM",106,106,"French Fries",American,7
9021,3951,2023-03-08,"2:14:25 PM",106,106,"French Fries",American,7
9063,3973,2023-03-08,"5:34:55 PM",106,106,"French Fries",American,7
9073,3977,2023-03-08,"5:52:16 PM",106,106,"French Fries",American,7
9076,3978,2023-03-08,"5:55:21 PM",106,106,"French Fries",American,7
9087,3985,2023-03-08,"6:29:24 PM",106,106,"French Fries",American,7
9088,3985,2023-03-08,"6:29:24 PM",106,106,"French Fries",American,7
9101,3991,2023-03-08,"8:03:54 PM",106,106,"French Fries",American,7
9115,3998,2023-03-08,"9:36:47 PM",106,106,"French Fries",American,7
9122,4000,2023-03-09,"11:34:01 AM",106,106,"French Fries",American,7
9124,4001,2023-03-09,"11:41:53 AM",106,106,"French Fries",American,7
9163,4014,2023-03-09,"1:39:39 PM",106,106,"French Fries",American,7
9173,4018,2023-03-09,"2:46:33 PM",106,106,"French Fries",American,7
9204,4032,2023-03-09,"5:40:50 PM",106,106,"French Fries",American,7
9247,4051,2023-03-09,"8:28:51 PM",106,106,"French Fries",American,7
9258,4056,2023-03-10,"11:25:36 AM",106,106,"French Fries",American,7
9263,4058,2023-03-10,"11:36:03 AM",106,106,"French Fries",American,7
9301,4074,2023-03-10,"1:33:17 PM",106,106,"French Fries",American,7
9312,4077,2023-03-10,"1:55:11 PM",106,106,"French Fries",American,7
9326,4083,2023-03-10,"2:53:51 PM",106,106,"French Fries",American,7
9327,4084,2023-03-10,"2:56:15 PM",106,106,"French Fries",American,7
9330,4086,2023-03-10,"3:01:10 PM",106,106,"French Fries",American,7
9343,4091,2023-03-10,"4:43:37 PM",106,106,"French Fries",American,7
9389,4110,2023-03-10,"8:55:20 PM",106,106,"French Fries",American,7
9394,4112,2023-03-10,"9:23:19 PM",106,106,"French Fries",American,7
9398,4116,2023-03-11,"12:02:01 PM",106,106,"French Fries",American,7
9420,4123,2023-03-11,"12:53:38 PM",106,106,"French Fries",American,7
9425,4124,2023-03-11,"12:54:05 PM",106,106,"French Fries",American,7
9428,4127,2023-03-11,"1:09:51 PM",106,106,"French Fries",American,7
9449,4135,2023-03-11,"2:25:34 PM",106,106,"French Fries",American,7
9463,4143,2023-03-11,"3:39:09 PM",106,106,"French Fries",American,7
9469,4145,2023-03-11,"4:23:58 PM",106,106,"French Fries",American,7
9474,4148,2023-03-11,"4:40:21 PM",106,106,"French Fries",American,7
9486,4153,2023-03-11,"5:08:05 PM",106,106,"French Fries",American,7
9497,4160,2023-03-11,"6:17:39 PM",106,106,"French Fries",American,7
9560,4186,2023-03-12,"12:38:05 PM",106,106,"French Fries",American,7
9562,4188,2023-03-12,"1:03:40 PM",106,106,"French Fries",American,7
9625,4216,2023-03-12,"6:23:38 PM",106,106,"French Fries",American,7
9676,4237,2023-03-13,"12:53:21 PM",106,106,"French Fries",American,7
9685,4241,2023-03-13,"1:07:16 PM",106,106,"French Fries",American,7
9708,4251,2023-03-13,"3:27:34 PM",106,106,"French Fries",American,7
9710,4253,2023-03-13,"4:26:31 PM",106,106,"French Fries",American,7
9711,4253,2023-03-13,"4:26:31 PM",106,106,"French Fries",American,7
9732,4263,2023-03-13,"5:48:06 PM",106,106,"French Fries",American,7
9742,4266,2023-03-13,"5:54:30 PM",106,106,"French Fries",American,7
9745,4267,2023-03-13,"6:07:56 PM",106,106,"French Fries",American,7
9755,4271,2023-03-13,"6:53:59 PM",106,106,"French Fries",American,7
9770,4278,2023-03-13,"7:32:04 PM",106,106,"French Fries",American,7
9776,4282,2023-03-13,"7:48:59 PM",106,106,"French Fries",American,7
9780,4284,2023-03-13,"8:01:36 PM",106,106,"French Fries",American,7
9801,4292,2023-03-13,"9:02:53 PM",106,106,"French Fries",American,7
9817,4299,2023-03-14,"12:16:45 PM",106,106,"French Fries",American,7
9838,4305,2023-03-14,"1:09:20 PM",106,106,"French Fries",American,7
9839,4305,2023-03-14,"1:09:20 PM",106,106,"French Fries",American,7
9855,4311,2023-03-14,"2:12:12 PM",106,106,"French Fries",American,7
9922,4346,2023-03-14,"8:20:18 PM",106,106,"French Fries",American,7
9965,4363,2023-03-15,"1:41:43 PM",106,106,"French Fries",American,7
9974,4364,2023-03-15,"1:43:32 PM",106,106,"French Fries",American,7
10001,4378,2023-03-15,"4:12:31 PM",106,106,"French Fries",American,7
10007,4380,2023-03-15,"4:14:57 PM",106,106,"French Fries",American,7
10013,4382,2023-03-15,"4:33:38 PM",106,106,"French Fries",American,7
10032,4390,2023-03-15,"6:28:49 PM",106,106,"French Fries",American,7
10036,4391,2023-03-15,"6:35:20 PM",106,106,"French Fries",American,7
10052,4398,2023-03-15,"7:55:56 PM",106,106,"French Fries",American,7
10058,4401,2023-03-15,"9:03:16 PM",106,106,"French Fries",American,7
10059,4401,2023-03-15,"9:03:16 PM",106,106,"French Fries",American,7
10100,4422,2023-03-16,"1:14:57 PM",106,106,"French Fries",American,7
10101,4422,2023-03-16,"1:14:57 PM",106,106,"French Fries",American,7
10165,4451,2023-03-16,"6:21:03 PM",106,106,"French Fries",American,7
10178,4457,2023-03-16,"6:41:34 PM",106,106,"French Fries",American,7
10181,4458,2023-03-16,"7:02:27 PM",106,106,"French Fries",American,7
10209,4471,2023-03-17,"11:43:47 AM",106,106,"French Fries",American,7
10233,4479,2023-03-17,"1:33:20 PM",106,106,"French Fries",American,7
10265,4489,2023-03-17,"3:26:41 PM",106,106,"French Fries",American,7
10287,4500,2023-03-17,"4:45:03 PM",106,106,"French Fries",American,7
10296,4504,2023-03-17,"5:04:25 PM",106,106,"French Fries",American,7
10363,4533,2023-03-17,"8:25:53 PM",106,106,"French Fries",American,7
10397,4550,2023-03-18,"12:45:18 PM",106,106,"French Fries",American,7
10410,4555,2023-03-18,"1:07:53 PM",106,106,"French Fries",American,7
10434,4568,2023-03-18,"4:19:49 PM",106,106,"French Fries",American,7
10443,4573,2023-03-18,"5:24:44 PM",106,106,"French Fries",American,7
10450,4576,2023-03-18,"5:30:49 PM",106,106,"French Fries",American,7
10451,4577,2023-03-18,"5:51:20 PM",106,106,"French Fries",American,7
10490,4597,2023-03-18,"8:45:48 PM",106,106,"French Fries",American,7
10501,4603,2023-03-19,"11:24:09 AM",106,106,"French Fries",American,7
10524,4611,2023-03-19,"12:26:04 PM",106,106,"French Fries",American,7
10558,4623,2023-03-19,"2:41:44 PM",106,106,"French Fries",American,7
10564,4625,2023-03-19,"3:42:30 PM",106,106,"French Fries",American,7
10608,4644,2023-03-19,"7:18:36 PM",106,106,"French Fries",American,7
10637,4658,2023-03-19,"9:34:17 PM",106,106,"French Fries",American,7
10658,4665,2023-03-20,"12:39:39 PM",106,106,"French Fries",American,7
10677,4670,2023-03-20,"12:56:01 PM",106,106,"French Fries",American,7
10680,4671,2023-03-20,"1:02:39 PM",106,106,"French Fries",American,7
10707,4689,2023-03-20,"4:54:26 PM",106,106,"French Fries",American,7
10709,4690,2023-03-20,"5:03:46 PM",106,106,"French Fries",American,7
10716,4693,2023-03-20,"5:37:54 PM",106,106,"French Fries",American,7
10726,4698,2023-03-20,"6:29:47 PM",106,106,"French Fries",American,7
10754,4710,2023-03-20,"7:50:29 PM",106,106,"French Fries",American,7
10821,4735,2023-03-21,"1:20:32 PM",106,106,"French Fries",American,7
10832,4741,2023-03-21,"2:06:09 PM",106,106,"French Fries",American,7
10847,4747,2023-03-21,"2:38:22 PM",106,106,"French Fries",American,7
10891,4767,2023-03-21,"7:20:15 PM",106,106,"French Fries",American,7
10898,4770,2023-03-21,"7:41:16 PM",106,106,"French Fries",American,7
10902,4771,2023-03-21,"7:49:47 PM",106,106,"French Fries",American,7
10905,4773,2023-03-21,"8:04:52 PM",106,106,"French Fries",American,7
10912,4776,2023-03-21,"8:15:27 PM",106,106,"French Fries",American,7
10925,4783,2023-03-22,"12:01:30 PM",106,106,"French Fries",American,7
10964,4802,2023-03-22,"5:37:13 PM",106,106,"French Fries",American,7
10998,4819,2023-03-22,"9:58:31 PM",106,106,"French Fries",American,7
11012,4825,2023-03-23,"11:48:12 AM",106,106,"French Fries",American,7
11048,4838,2023-03-23,"1:14:04 PM",106,106,"French Fries",American,7
11118,4874,2023-03-23,"8:31:44 PM",106,106,"French Fries",American,7
11133,4881,2023-03-24,"11:16:40 AM",106,106,"French Fries",American,7
11143,4888,2023-03-24,"12:19:14 PM",106,106,"French Fries",American,7
11159,4893,2023-03-24,"12:53:26 PM",106,106,"French Fries",American,7
11160,4893,2023-03-24,"12:53:26 PM",106,106,"French Fries",American,7
11170,4900,2023-03-24,"2:28:06 PM",106,106,"French Fries",American,7
11179,4904,2023-03-24,"4:00:10 PM",106,106,"French Fries",American,7
11184,4906,2023-03-24,"4:25:58 PM",106,106,"French Fries",American,7
11194,4911,2023-03-24,"4:50:08 PM",106,106,"French Fries",American,7
11195,4911,2023-03-24,"4:50:08 PM",106,106,"French Fries",American,7
11208,4919,2023-03-24,"5:39:17 PM",106,106,"French Fries",American,7
11212,4921,2023-03-24,"5:59:12 PM",106,106,"French Fries",American,7
11219,4925,2023-03-24,"6:57:07 PM",106,106,"French Fries",American,7
11262,4942,2023-03-25,"11:37:54 AM",106,106,"French Fries",American,7
11270,4948,2023-03-25,"12:11:42 PM",106,106,"French Fries",American,7
11288,4955,2023-03-25,"1:10:57 PM",106,106,"French Fries",American,7
11346,4981,2023-03-25,"7:12:01 PM",106,106,"French Fries",American,7
11347,4982,2023-03-25,"7:21:56 PM",106,106,"French Fries",American,7
11395,5010,2023-03-26,"12:48:02 PM",106,106,"French Fries",American,7
11419,5017,2023-03-26,"1:58:44 PM",106,106,"French Fries",American,7
11420,5017,2023-03-26,"1:58:44 PM",106,106,"French Fries",American,7
11447,5030,2023-03-26,"4:09:58 PM",106,106,"French Fries",American,7
11482,5048,2023-03-26,"6:34:53 PM",106,106,"French Fries",American,7
11493,5055,2023-03-26,"7:51:36 PM",106,106,"French Fries",American,7
11501,5057,2023-03-26,"8:08:07 PM",106,106,"French Fries",American,7
11511,5063,2023-03-27,"11:50:10 AM",106,106,"French Fries",American,7
11601,5100,2023-03-27,"5:49:28 PM",106,106,"French Fries",American,7
11678,5135,2023-03-28,"12:17:36 PM",106,106,"French Fries",American,7
11690,5137,2023-03-28,"12:40:38 PM",106,106,"French Fries",American,7
11710,5146,2023-03-28,"2:19:34 PM",106,106,"French Fries",American,7
11735,5156,2023-03-28,"4:07:33 PM",106,106,"French Fries",American,7
11758,5166,2023-03-28,"5:47:46 PM",106,106,"French Fries",American,7
11760,5167,2023-03-28,"5:55:48 PM",106,106,"French Fries",American,7
11786,5181,2023-03-28,"7:54:39 PM",106,106,"French Fries",American,7
11790,5182,2023-03-28,"8:05:31 PM",106,106,"French Fries",American,7
11807,5189,2023-03-28,"8:48:40 PM",106,106,"French Fries",American,7
11812,5191,2023-03-28,"10:34:56 PM",106,106,"French Fries",American,7
11843,5201,2023-03-29,"12:38:11 PM",106,106,"French Fries",American,7
11850,5202,2023-03-29,"1:00:19 PM",106,106,"French Fries",American,7
11873,5213,2023-03-29,"3:11:52 PM",106,106,"French Fries",American,7
11887,5218,2023-03-29,"4:17:59 PM",106,106,"French Fries",American,7
11952,5249,2023-03-30,"11:25:41 AM",106,106,"French Fries",American,7
11982,5264,2023-03-30,"1:24:35 PM",106,106,"French Fries",American,7
11983,5264,2023-03-30,"1:24:35 PM",106,106,"French Fries",American,7
12020,5281,2023-03-30,"4:56:04 PM",106,106,"French Fries",American,7
12021,5281,2023-03-30,"4:56:04 PM",106,106,"French Fries",American,7
12054,5299,2023-03-30,"8:10:10 PM",106,106,"French Fries",American,7
12057,5300,2023-03-30,"8:17:59 PM",106,106,"French Fries",American,7
12074,5307,2023-03-30,"9:44:36 PM",106,106,"French Fries",American,7
12075,5308,2023-03-30,"9:53:36 PM",106,106,"French Fries",American,7
12078,5310,2023-03-31,"12:00:51 PM",106,106,"French Fries",American,7
12091,5315,2023-03-31,"12:48:46 PM",106,106,"French Fries",American,7
12156,5337,2023-03-31,"3:34:31 PM",106,106,"French Fries",American,7
12162,5340,2023-03-31,"4:21:00 PM",106,106,"French Fries",American,7
12173,5346,2023-03-31,"5:30:58 PM",106,106,"French Fries",American,7
12176,5347,2023-03-31,"5:33:17 PM",106,106,"French Fries",American,7
12183,5350,2023-03-31,"5:54:10 PM",106,106,"French Fries",American,7
12192,5353,2023-03-31,"6:40:10 PM",106,106,"French Fries",American,7
12198,5357,2023-03-31,"6:55:22 PM",106,106,"French Fries",American,7
36,15,2023-01-01,"1:33:00 PM",107,107,"Orange Chicken",Asian,16.5
56,20,2023-01-01,"2:03:08 PM",107,107,"Orange Chicken",Asian,16.5
79,32,2023-01-01,"3:53:18 PM",107,107,"Orange Chicken",Asian,16.5
101,42,2023-01-01,"5:28:09 PM",107,107,"Orange Chicken",Asian,16.5
150,64,2023-01-01,"8:52:08 PM",107,107,"Orange Chicken",Asian,16.5
174,76,2023-01-02,"12:21:17 PM",107,107,"Orange Chicken",Asian,16.5
180,78,2023-01-02,"12:28:14 PM",107,107,"Orange Chicken",Asian,16.5
192,82,2023-01-02,"12:45:51 PM",107,107,"Orange Chicken",Asian,16.5
230,97,2023-01-02,"4:45:33 PM",107,107,"Orange Chicken",Asian,16.5
262,110,2023-01-02,"6:36:19 PM",107,107,"Orange Chicken",Asian,16.5
276,115,2023-01-02,"7:05:17 PM",107,107,"Orange Chicken",Asian,16.5
302,129,2023-01-02,"9:13:02 PM",107,107,"Orange Chicken",Asian,16.5
316,134,2023-01-02,"10:13:24 PM",107,107,"Orange Chicken",Asian,16.5
343,144,2023-01-03,"1:44:28 PM",107,107,"Orange Chicken",Asian,16.5
388,162,2023-01-03,"4:51:22 PM",107,107,"Orange Chicken",Asian,16.5
399,168,2023-01-03,"5:02:27 PM",107,107,"Orange Chicken",Asian,16.5
412,174,2023-01-03,"5:37:49 PM",107,107,"Orange Chicken",Asian,16.5
445,189,2023-01-03,"8:12:14 PM",107,107,"Orange Chicken",Asian,16.5
455,193,2023-01-03,"8:55:47 PM",107,107,"Orange Chicken",Asian,16.5
467,198,2023-01-03,"9:55:42 PM",107,107,"Orange Chicken",Asian,16.5
611,271,2023-01-05,"2:22:19 PM",107,107,"Orange Chicken",Asian,16.5
681,300,2023-01-05,"7:42:54 PM",107,107,"Orange Chicken",Asian,16.5
687,303,2023-01-05,"8:02:51 PM",107,107,"Orange Chicken",Asian,16.5
695,306,2023-01-05,"8:37:40 PM",107,107,"Orange Chicken",Asian,16.5
708,312,2023-01-06,"12:05:21 PM",107,107,"Orange Chicken",Asian,16.5
750,330,2023-01-06,"1:27:11 PM",107,107,"Orange Chicken",Asian,16.5
805,351,2023-01-06,"5:37:29 PM",107,107,"Orange Chicken",Asian,16.5
807,352,2023-01-06,"5:45:48 PM",107,107,"Orange Chicken",Asian,16.5
826,361,2023-01-06,"7:12:38 PM",107,107,"Orange Chicken",Asian,16.5
850,374,2023-01-07,"11:55:59 AM",107,107,"Orange Chicken",Asian,16.5
875,387,2023-01-07,"1:03:14 PM",107,107,"Orange Chicken",Asian,16.5
888,392,2023-01-07,"1:36:47 PM",107,107,"Orange Chicken",Asian,16.5
898,394,2023-01-07,"2:02:18 PM",107,107,"Orange Chicken",Asian,16.5
939,410,2023-01-07,"5:33:49 PM",107,107,"Orange Chicken",Asian,16.5
980,431,2023-01-08,"11:17:13 AM",107,107,"Orange Chicken",Asian,16.5
1020,443,2023-01-08,"12:34:20 PM",107,107,"Orange Chicken",Asian,16.5
1036,446,2023-01-08,"12:58:01 PM",107,107,"Orange Chicken",Asian,16.5
1044,450,2023-01-08,"1:07:53 PM",107,107,"Orange Chicken",Asian,16.5
1049,452,2023-01-08,"1:24:11 PM",107,107,"Orange Chicken",Asian,16.5
1091,475,2023-01-08,"5:15:17 PM",107,107,"Orange Chicken",Asian,16.5
1121,490,2023-01-08,"6:49:24 PM",107,107,"Orange Chicken",Asian,16.5
1178,518,2023-01-09,"1:11:25 PM",107,107,"Orange Chicken",Asian,16.5
1185,522,2023-01-09,"2:09:33 PM",107,107,"Orange Chicken",Asian,16.5
1228,541,2023-01-09,"6:07:47 PM",107,107,"Orange Chicken",Asian,16.5
1241,547,2023-01-09,"6:49:23 PM",107,107,"Orange Chicken",Asian,16.5
1243,549,2023-01-09,"7:06:34 PM",107,107,"Orange Chicken",Asian,16.5
1292,571,2023-01-10,"1:14:47 PM",107,107,"Orange Chicken",Asian,16.5
1301,576,2023-01-10,"1:44:22 PM",107,107,"Orange Chicken",Asian,16.5
1370,610,2023-01-10,"7:51:02 PM",107,107,"Orange Chicken",Asian,16.5
1376,612,2023-01-10,"7:58:15 PM",107,107,"Orange Chicken",Asian,16.5
1456,645,2023-01-11,"2:03:45 PM",107,107,"Orange Chicken",Asian,16.5
1470,652,2023-01-11,"4:03:38 PM",107,107,"Orange Chicken",Asian,16.5
1500,667,2023-01-11,"6:13:08 PM",107,107,"Orange Chicken",Asian,16.5
1539,686,2023-01-12,"12:13:07 PM",107,107,"Orange Chicken",Asian,16.5
1550,693,2023-01-12,"1:04:24 PM",107,107,"Orange Chicken",Asian,16.5
1561,698,2023-01-12,"2:08:16 PM",107,107,"Orange Chicken",Asian,16.5
1605,716,2023-01-12,"5:06:05 PM",107,107,"Orange Chicken",Asian,16.5
1622,724,2023-01-12,"6:24:47 PM",107,107,"Orange Chicken",Asian,16.5
1625,725,2023-01-12,"6:33:14 PM",107,107,"Orange Chicken",Asian,16.5
1654,739,2023-01-13,"12:19:38 PM",107,107,"Orange Chicken",Asian,16.5
1756,780,2023-01-13,"8:12:49 PM",107,107,"Orange Chicken",Asian,16.5
1822,805,2023-01-14,"2:07:52 PM",107,107,"Orange Chicken",Asian,16.5
1825,807,2023-01-14,"2:15:29 PM",107,107,"Orange Chicken",Asian,16.5
1880,833,2023-01-14,"7:07:45 PM",107,107,"Orange Chicken",Asian,16.5
1913,848,2023-01-15,"11:56:46 AM",107,107,"Orange Chicken",Asian,16.5
1936,859,2023-01-15,"1:05:13 PM",107,107,"Orange Chicken",Asian,16.5
1945,864,2023-01-15,"2:04:23 PM",107,107,"Orange Chicken",Asian,16.5
2020,901,2023-01-15,"7:16:11 PM",107,107,"Orange Chicken",Asian,16.5
2099,935,2023-01-16,"4:14:59 PM",107,107,"Orange Chicken",Asian,16.5
2138,952,2023-01-16,"7:05:35 PM",107,107,"Orange Chicken",Asian,16.5
2161,962,2023-01-16,"7:55:17 PM",107,107,"Orange Chicken",Asian,16.5
2166,964,2023-01-16,"8:24:37 PM",107,107,"Orange Chicken",Asian,16.5
2194,978,2023-01-17,"12:24:36 PM",107,107,"Orange Chicken",Asian,16.5
2216,983,2023-01-17,"2:29:31 PM",107,107,"Orange Chicken",Asian,16.5
2228,991,2023-01-17,"3:43:27 PM",107,107,"Orange Chicken",Asian,16.5
2246,1001,2023-01-17,"5:28:05 PM",107,107,"Orange Chicken",Asian,16.5
2264,1010,2023-01-17,"7:15:11 PM",107,107,"Orange Chicken",Asian,16.5
2332,1037,2023-01-18,"1:04:54 PM",107,107,"Orange Chicken",Asian,16.5
2368,1055,2023-01-18,"4:07:14 PM",107,107,"Orange Chicken",Asian,16.5
2385,1063,2023-01-18,"5:28:29 PM",107,107,"Orange Chicken",Asian,16.5
2402,1069,2023-01-18,"6:19:47 PM",107,107,"Orange Chicken",Asian,16.5
2434,1084,2023-01-19,"11:27:33 AM",107,107,"Orange Chicken",Asian,16.5
2442,1088,2023-01-19,"12:00:52 PM",107,107,"Orange Chicken",Asian,16.5
2447,1089,2023-01-19,"12:03:57 PM",107,107,"Orange Chicken",Asian,16.5
2514,1113,2023-01-19,"5:00:44 PM",107,107,"Orange Chicken",Asian,16.5
2516,1114,2023-01-19,"5:00:53 PM",107,107,"Orange Chicken",Asian,16.5
2526,1119,2023-01-19,"5:42:23 PM",107,107,"Orange Chicken",Asian,16.5
2530,1121,2023-01-19,"6:15:08 PM",107,107,"Orange Chicken",Asian,16.5
2582,1143,2023-01-20,"11:37:33 AM",107,107,"Orange Chicken",Asian,16.5
2593,1148,2023-01-20,"12:17:42 PM",107,107,"Orange Chicken",Asian,16.5
2611,1153,2023-01-20,"12:56:30 PM",107,107,"Orange Chicken",Asian,16.5
2627,1157,2023-01-20,"1:16:58 PM",107,107,"Orange Chicken",Asian,16.5
2709,1202,2023-01-21,"11:50:26 AM",107,107,"Orange Chicken",Asian,16.5
2711,1204,2023-01-21,"12:23:38 PM",107,107,"Orange Chicken",Asian,16.5
2769,1226,2023-01-21,"4:10:57 PM",107,107,"Orange Chicken",Asian,16.5
2821,1246,2023-01-21,"7:36:04 PM",107,107,"Orange Chicken",Asian,16.5
2830,1250,2023-01-21,"9:09:08 PM",107,107,"Orange Chicken",Asian,16.5
2850,1261,2023-01-22,"12:32:00 PM",107,107,"Orange Chicken",Asian,16.5
2882,1273,2023-01-22,"1:21:57 PM",107,107,"Orange Chicken",Asian,16.5
2908,1282,2023-01-22,"3:16:54 PM",107,107,"Orange Chicken",Asian,16.5
2960,1303,2023-01-22,"6:53:13 PM",107,107,"Orange Chicken",Asian,16.5
3016,1330,2023-01-23,"12:54:53 PM",107,107,"Orange Chicken",Asian,16.5
3027,1337,2023-01-23,"1:44:49 PM",107,107,"Orange Chicken",Asian,16.5
3031,1339,2023-01-23,"2:10:45 PM",107,107,"Orange Chicken",Asian,16.5
3070,1357,2023-01-23,"5:17:58 PM",107,107,"Orange Chicken",Asian,16.5
3084,1364,2023-01-23,"5:50:42 PM",107,107,"Orange Chicken",Asian,16.5
3100,1372,2023-01-23,"6:57:10 PM",107,107,"Orange Chicken",Asian,16.5
3108,1375,2023-01-23,"7:12:48 PM",107,107,"Orange Chicken",Asian,16.5
3110,1377,2023-01-23,"7:19:20 PM",107,107,"Orange Chicken",Asian,16.5
3159,1399,2023-01-24,"2:07:38 PM",107,107,"Orange Chicken",Asian,16.5
3179,1410,2023-01-24,"4:17:38 PM",107,107,"Orange Chicken",Asian,16.5
3210,1423,2023-01-24,"6:32:23 PM",107,107,"Orange Chicken",Asian,16.5
3261,1445,2023-01-24,"8:29:40 PM",107,107,"Orange Chicken",Asian,16.5
3291,1457,2023-01-25,"1:35:53 PM",107,107,"Orange Chicken",Asian,16.5
3326,1471,2023-01-25,"4:07:00 PM",107,107,"Orange Chicken",Asian,16.5
3334,1474,2023-01-25,"4:52:12 PM",107,107,"Orange Chicken",Asian,16.5
3353,1483,2023-01-25,"6:39:10 PM",107,107,"Orange Chicken",Asian,16.5
3356,1484,2023-01-25,"6:57:43 PM",107,107,"Orange Chicken",Asian,16.5
3370,1491,2023-01-25,"8:19:40 PM",107,107,"Orange Chicken",Asian,16.5
3383,1497,2023-01-26,"11:15:57 AM",107,107,"Orange Chicken",Asian,16.5
3399,1504,2023-01-26,"12:44:38 PM",107,107,"Orange Chicken",Asian,16.5
3426,1514,2023-01-26,"1:51:21 PM",107,107,"Orange Chicken",Asian,16.5
3438,1522,2023-01-26,"2:35:32 PM",107,107,"Orange Chicken",Asian,16.5
3454,1532,2023-01-26,"4:04:46 PM",107,107,"Orange Chicken",Asian,16.5
3493,1550,2023-01-26,"9:23:19 PM",107,107,"Orange Chicken",Asian,16.5
3573,1585,2023-01-27,"5:14:26 PM",107,107,"Orange Chicken",Asian,16.5
3589,1591,2023-01-27,"6:00:16 PM",107,107,"Orange Chicken",Asian,16.5
3638,1614,2023-01-27,"10:10:01 PM",107,107,"Orange Chicken",Asian,16.5
3645,1618,2023-01-28,"11:28:33 AM",107,107,"Orange Chicken",Asian,16.5
3653,1621,2023-01-28,"11:43:54 AM",107,107,"Orange Chicken",Asian,16.5
3679,1635,2023-01-28,"1:07:37 PM",107,107,"Orange Chicken",Asian,16.5
3726,1653,2023-01-28,"5:28:53 PM",107,107,"Orange Chicken",Asian,16.5
3745,1660,2023-01-28,"7:00:12 PM",107,107,"Orange Chicken",Asian,16.5
3758,1668,2023-01-28,"10:28:44 PM",107,107,"Orange Chicken",Asian,16.5
3786,1684,2023-01-29,"1:33:16 PM",107,107,"Orange Chicken",Asian,16.5
3886,1732,2023-01-30,"12:20:46 PM",107,107,"Orange Chicken",Asian,16.5
3890,1734,2023-01-30,"12:36:42 PM",107,107,"Orange Chicken",Asian,16.5
3975,1773,2023-01-30,"8:06:40 PM",107,107,"Orange Chicken",Asian,16.5
4062,1807,2023-01-31,"4:07:02 PM",107,107,"Orange Chicken",Asian,16.5
4065,1808,2023-01-31,"4:07:49 PM",107,107,"Orange Chicken",Asian,16.5
4077,1814,2023-01-31,"5:24:47 PM",107,107,"Orange Chicken",Asian,16.5
4080,1815,2023-01-31,"5:33:56 PM",107,107,"Orange Chicken",Asian,16.5
4086,1817,2023-01-31,"6:05:04 PM",107,107,"Orange Chicken",Asian,16.5
4102,1824,2023-01-31,"6:20:38 PM",107,107,"Orange Chicken",Asian,16.5
4141,1840,2023-01-31,"9:01:00 PM",107,107,"Orange Chicken",Asian,16.5
4149,1843,2023-01-31,"9:28:07 PM",107,107,"Orange Chicken",Asian,16.5
4157,1846,2023-02-01,"11:32:07 AM",107,107,"Orange Chicken",Asian,16.5
4166,1851,2023-02-01,"11:49:01 AM",107,107,"Orange Chicken",Asian,16.5
4182,1854,2023-02-01,"12:27:17 PM",107,107,"Orange Chicken",Asian,16.5
4214,1870,2023-02-01,"2:45:45 PM",107,107,"Orange Chicken",Asian,16.5
4233,1879,2023-02-01,"4:14:27 PM",107,107,"Orange Chicken",Asian,16.5
4289,1904,2023-02-01,"6:13:17 PM",107,107,"Orange Chicken",Asian,16.5
4341,1931,2023-02-01,"10:15:43 PM",107,107,"Orange Chicken",Asian,16.5
4390,1957,2023-02-02,"2:50:01 PM",107,107,"Orange Chicken",Asian,16.5
4407,1961,2023-02-02,"3:29:57 PM",107,107,"Orange Chicken",Asian,16.5
4410,1963,2023-02-02,"3:59:08 PM",107,107,"Orange Chicken",Asian,16.5
4428,1968,2023-02-02,"4:58:41 PM",107,107,"Orange Chicken",Asian,16.5
4440,1974,2023-02-02,"5:49:37 PM",107,107,"Orange Chicken",Asian,16.5
4458,1984,2023-02-02,"7:50:13 PM",107,107,"Orange Chicken",Asian,16.5
4493,1999,2023-02-03,"12:07:51 PM",107,107,"Orange Chicken",Asian,16.5
4504,2000,2023-02-03,"12:14:27 PM",107,107,"Orange Chicken",Asian,16.5
4518,2002,2023-02-03,"12:21:10 PM",107,107,"Orange Chicken",Asian,16.5
4537,2010,2023-02-03,"1:00:41 PM",107,107,"Orange Chicken",Asian,16.5
4547,2013,2023-02-03,"1:20:46 PM",107,107,"Orange Chicken",Asian,16.5
4562,2020,2023-02-03,"2:14:05 PM",107,107,"Orange Chicken",Asian,16.5
4591,2034,2023-02-03,"5:15:18 PM",107,107,"Orange Chicken",Asian,16.5
4651,2063,2023-02-04,"12:25:02 PM",107,107,"Orange Chicken",Asian,16.5
4662,2068,2023-02-04,"12:49:48 PM",107,107,"Orange Chicken",Asian,16.5
4681,2075,2023-02-04,"2:03:04 PM",107,107,"Orange Chicken",Asian,16.5
4745,2102,2023-02-04,"7:30:52 PM",107,107,"Orange Chicken",Asian,16.5
4776,2115,2023-02-05,"11:15:19 AM",107,107,"Orange Chicken",Asian,16.5
4827,2135,2023-02-05,"2:38:28 PM",107,107,"Orange Chicken",Asian,16.5
4878,2159,2023-02-05,"7:55:12 PM",107,107,"Orange Chicken",Asian,16.5
4903,2173,2023-02-05,"9:56:42 PM",107,107,"Orange Chicken",Asian,16.5
4918,2182,2023-02-06,"12:22:30 PM",107,107,"Orange Chicken",Asian,16.5
4931,2184,2023-02-06,"12:40:25 PM",107,107,"Orange Chicken",Asian,16.5
4956,2190,2023-02-06,"1:19:45 PM",107,107,"Orange Chicken",Asian,16.5
4990,2206,2023-02-06,"4:59:29 PM",107,107,"Orange Chicken",Asian,16.5
4994,2208,2023-02-06,"5:10:44 PM",107,107,"Orange Chicken",Asian,16.5
5044,2234,2023-02-06,"9:17:17 PM",107,107,"Orange Chicken",Asian,16.5
5063,2242,2023-02-07,"11:57:32 AM",107,107,"Orange Chicken",Asian,16.5
5081,2252,2023-02-07,"2:32:17 PM",107,107,"Orange Chicken",Asian,16.5
5093,2255,2023-02-07,"3:15:54 PM",107,107,"Orange Chicken",Asian,16.5
5100,2257,2023-02-07,"3:28:55 PM",107,107,"Orange Chicken",Asian,16.5
5125,2269,2023-02-07,"5:40:20 PM",107,107,"Orange Chicken",Asian,16.5
5134,2273,2023-02-07,"6:31:29 PM",107,107,"Orange Chicken",Asian,16.5
5199,2304,2023-02-08,"12:22:04 PM",107,107,"Orange Chicken",Asian,16.5
5201,2305,2023-02-08,"12:27:40 PM",107,107,"Orange Chicken",Asian,16.5
5225,2314,2023-02-08,"2:25:11 PM",107,107,"Orange Chicken",Asian,16.5
5263,2332,2023-02-08,"5:53:01 PM",107,107,"Orange Chicken",Asian,16.5
5277,2337,2023-02-08,"6:50:18 PM",107,107,"Orange Chicken",Asian,16.5
5349,2369,2023-02-09,"2:00:19 PM",107,107,"Orange Chicken",Asian,16.5
5364,2372,2023-02-09,"2:04:34 PM",107,107,"Orange Chicken",Asian,16.5
5393,2382,2023-02-09,"5:09:34 PM",107,107,"Orange Chicken",Asian,16.5
5446,2406,2023-02-09,"9:08:21 PM",107,107,"Orange Chicken",Asian,16.5
5527,2445,2023-02-10,"5:10:46 PM",107,107,"Orange Chicken",Asian,16.5
5577,2471,2023-02-11,"11:48:07 AM",107,107,"Orange Chicken",Asian,16.5
5628,2493,2023-02-11,"2:40:54 PM",107,107,"Orange Chicken",Asian,16.5
5667,2512,2023-02-11,"6:02:54 PM",107,107,"Orange Chicken",Asian,16.5
5703,2526,2023-02-11,"7:36:30 PM",107,107,"Orange Chicken",Asian,16.5
5741,2546,2023-02-12,"12:41:02 PM",107,107,"Orange Chicken",Asian,16.5
5801,2571,2023-02-12,"3:58:47 PM",107,107,"Orange Chicken",Asian,16.5
5810,2576,2023-02-12,"4:58:29 PM",107,107,"Orange Chicken",Asian,16.5
5823,2581,2023-02-12,"5:56:55 PM",107,107,"Orange Chicken",Asian,16.5
5845,2592,2023-02-12,"9:43:21 PM",107,107,"Orange Chicken",Asian,16.5
5862,2601,2023-02-13,"12:03:27 PM",107,107,"Orange Chicken",Asian,16.5
5883,2609,2023-02-13,"1:12:42 PM",107,107,"Orange Chicken",Asian,16.5
5889,2612,2023-02-13,"1:43:11 PM",107,107,"Orange Chicken",Asian,16.5
5900,2613,2023-02-13,"1:46:46 PM",107,107,"Orange Chicken",Asian,16.5
5930,2628,2023-02-13,"4:57:02 PM",107,107,"Orange Chicken",Asian,16.5
5938,2631,2023-02-13,"5:19:26 PM",107,107,"Orange Chicken",Asian,16.5
5959,2641,2023-02-13,"7:52:22 PM",107,107,"Orange Chicken",Asian,16.5
5971,2646,2023-02-13,"8:29:23 PM",107,107,"Orange Chicken",Asian,16.5
5977,2648,2023-02-13,"8:48:10 PM",107,107,"Orange Chicken",Asian,16.5
5996,2656,2023-02-13,"9:36:02 PM",107,107,"Orange Chicken",Asian,16.5
6023,2672,2023-02-14,"2:05:30 PM",107,107,"Orange Chicken",Asian,16.5
6064,2692,2023-02-14,"5:55:07 PM",107,107,"Orange Chicken",Asian,16.5
6098,2705,2023-02-14,"7:34:31 PM",107,107,"Orange Chicken",Asian,16.5
6166,2726,2023-02-15,"11:54:55 AM",107,107,"Orange Chicken",Asian,16.5
6174,2732,2023-02-15,"2:16:54 PM",107,107,"Orange Chicken",Asian,16.5
6188,2737,2023-02-15,"3:19:05 PM",107,107,"Orange Chicken",Asian,16.5
6208,2749,2023-02-15,"5:21:37 PM",107,107,"Orange Chicken",Asian,16.5
6230,2757,2023-02-15,"5:51:40 PM",107,107,"Orange Chicken",Asian,16.5
6244,2764,2023-02-15,"7:16:07 PM",107,107,"Orange Chicken",Asian,16.5
6281,2781,2023-02-16,"11:47:04 AM",107,107,"Orange Chicken",Asian,16.5
6368,2815,2023-02-16,"6:21:17 PM",107,107,"Orange Chicken",Asian,16.5
6372,2816,2023-02-16,"6:21:37 PM",107,107,"Orange Chicken",Asian,16.5
6375,2818,2023-02-16,"6:40:09 PM",107,107,"Orange Chicken",Asian,16.5
6407,2833,2023-02-17,"12:33:55 PM",107,107,"Orange Chicken",Asian,16.5
6441,2851,2023-02-17,"2:23:26 PM",107,107,"Orange Chicken",Asian,16.5
6470,2861,2023-02-17,"5:26:55 PM",107,107,"Orange Chicken",Asian,16.5
6579,2910,2023-02-18,"2:32:22 PM",107,107,"Orange Chicken",Asian,16.5
6589,2914,2023-02-18,"3:56:55 PM",107,107,"Orange Chicken",Asian,16.5
6591,2915,2023-02-18,"4:34:02 PM",107,107,"Orange Chicken",Asian,16.5
6644,2935,2023-02-18,"7:03:42 PM",107,107,"Orange Chicken",Asian,16.5
6684,2950,2023-02-19,"11:35:51 AM",107,107,"Orange Chicken",Asian,16.5
6711,2961,2023-02-19,"1:13:54 PM",107,107,"Orange Chicken",Asian,16.5
6735,2968,2023-02-19,"2:06:37 PM",107,107,"Orange Chicken",Asian,16.5
6743,2975,2023-02-19,"3:22:51 PM",107,107,"Orange Chicken",Asian,16.5
6769,2988,2023-02-19,"5:42:25 PM",107,107,"Orange Chicken",Asian,16.5
6785,2998,2023-02-19,"7:52:20 PM",107,107,"Orange Chicken",Asian,16.5
6812,3009,2023-02-20,"12:21:25 PM",107,107,"Orange Chicken",Asian,16.5
6824,3014,2023-02-20,"12:58:29 PM",107,107,"Orange Chicken",Asian,16.5
6849,3025,2023-02-20,"1:37:52 PM",107,107,"Orange Chicken",Asian,16.5
6878,3035,2023-02-20,"3:07:45 PM",107,107,"Orange Chicken",Asian,16.5
6932,3059,2023-02-20,"7:26:34 PM",107,107,"Orange Chicken",Asian,16.5
6975,3079,2023-02-21,"12:04:27 PM",107,107,"Orange Chicken",Asian,16.5
6976,3080,2023-02-21,"12:23:18 PM",107,107,"Orange Chicken",Asian,16.5
7001,3089,2023-02-21,"1:42:51 PM",107,107,"Orange Chicken",Asian,16.5
7014,3094,2023-02-21,"3:10:02 PM",107,107,"Orange Chicken",Asian,16.5
7031,3101,2023-02-21,"4:12:23 PM",107,107,"Orange Chicken",Asian,16.5
7035,3102,2023-02-21,"4:32:10 PM",107,107,"Orange Chicken",Asian,16.5
7040,3105,2023-02-21,"4:46:37 PM",107,107,"Orange Chicken",Asian,16.5
7098,3134,2023-02-22,"11:40:25 AM",107,107,"Orange Chicken",Asian,16.5
7125,3143,2023-02-22,"3:16:59 PM",107,107,"Orange Chicken",Asian,16.5
7174,3163,2023-02-22,"8:43:58 PM",107,107,"Orange Chicken",Asian,16.5
7183,3168,2023-02-22,"9:36:58 PM",107,107,"Orange Chicken",Asian,16.5
7185,3169,2023-02-22,"9:50:42 PM",107,107,"Orange Chicken",Asian,16.5
7277,3206,2023-02-23,"5:31:54 PM",107,107,"Orange Chicken",Asian,16.5
7284,3209,2023-02-23,"5:42:59 PM",107,107,"Orange Chicken",Asian,16.5
7315,3224,2023-02-23,"10:22:21 PM",107,107,"Orange Chicken",Asian,16.5
7355,3240,2023-02-24,"1:24:10 PM",107,107,"Orange Chicken",Asian,16.5
7358,3241,2023-02-24,"1:26:36 PM",107,107,"Orange Chicken",Asian,16.5
7452,3286,2023-02-25,"11:50:16 AM",107,107,"Orange Chicken",Asian,16.5
7469,3291,2023-02-25,"12:34:40 PM",107,107,"Orange Chicken",Asian,16.5
7470,3292,2023-02-25,"12:39:18 PM",107,107,"Orange Chicken",Asian,16.5
7488,3296,2023-02-25,"12:45:11 PM",107,107,"Orange Chicken",Asian,16.5
7500,3304,2023-02-25,"1:36:09 PM",107,107,"Orange Chicken",Asian,16.5
7526,3314,2023-02-25,"3:54:56 PM",107,107,"Orange Chicken",Asian,16.5
7543,3322,2023-02-25,"5:25:13 PM",107,107,"Orange Chicken",Asian,16.5
7576,3338,2023-02-25,"8:16:05 PM",107,107,"Orange Chicken",Asian,16.5
7581,3341,2023-02-25,"8:46:02 PM",107,107,"Orange Chicken",Asian,16.5
7589,3346,2023-02-26,"12:01:09 PM",107,107,"Orange Chicken",Asian,16.5
7594,3349,2023-02-26,"12:12:46 PM",107,107,"Orange Chicken",Asian,16.5
7623,3360,2023-02-26,"1:44:24 PM",107,107,"Orange Chicken",Asian,16.5
7682,3383,2023-02-26,"5:31:14 PM",107,107,"Orange Chicken",Asian,16.5
7711,3395,2023-02-26,"7:08:46 PM",107,107,"Orange Chicken",Asian,16.5
7725,3401,2023-02-27,"11:48:28 AM",107,107,"Orange Chicken",Asian,16.5
7778,3423,2023-02-27,"2:09:03 PM",107,107,"Orange Chicken",Asian,16.5
7828,3443,2023-02-27,"5:50:49 PM",107,107,"Orange Chicken",Asian,16.5
7834,3445,2023-02-27,"6:08:58 PM",107,107,"Orange Chicken",Asian,16.5
7843,3448,2023-02-27,"6:30:33 PM",107,107,"Orange Chicken",Asian,16.5
7859,3454,2023-02-27,"6:57:55 PM",107,107,"Orange Chicken",Asian,16.5
7911,3474,2023-02-28,"11:50:01 AM",107,107,"Orange Chicken",Asian,16.5
7927,3482,2023-02-28,"1:05:32 PM",107,107,"Orange Chicken",Asian,16.5
7956,3496,2023-02-28,"5:01:57 PM",107,107,"Orange Chicken",Asian,16.5
7979,3504,2023-02-28,"6:16:10 PM",107,107,"Orange Chicken",Asian,16.5
7982,3505,2023-02-28,"6:35:20 PM",107,107,"Orange Chicken",Asian,16.5
8017,3518,2023-02-28,"8:40:24 PM",107,107,"Orange Chicken",Asian,16.5
8040,3528,2023-02-28,"9:39:40 PM",107,107,"Orange Chicken",Asian,16.5
8084,3547,2023-03-01,"3:47:40 PM",107,107,"Orange Chicken",Asian,16.5
8092,3551,2023-03-01,"5:04:51 PM",107,107,"Orange Chicken",Asian,16.5
8146,3579,2023-03-01,"10:59:18 PM",107,107,"Orange Chicken",Asian,16.5
8196,3596,2023-03-02,"1:37:06 PM",107,107,"Orange Chicken",Asian,16.5
8206,3603,2023-03-02,"3:01:31 PM",107,107,"Orange Chicken",Asian,16.5
8238,3618,2023-03-02,"5:33:55 PM",107,107,"Orange Chicken",Asian,16.5
8264,3629,2023-03-02,"7:09:34 PM",107,107,"Orange Chicken",Asian,16.5
8276,3634,2023-03-02,"9:16:40 PM",107,107,"Orange Chicken",Asian,16.5
8305,3649,2023-03-03,"1:07:20 PM",107,107,"Orange Chicken",Asian,16.5
8319,3654,2023-03-03,"1:38:34 PM",107,107,"Orange Chicken",Asian,16.5
8349,3660,2023-03-03,"2:08:53 PM",107,107,"Orange Chicken",Asian,16.5
8374,3669,2023-03-03,"5:19:38 PM",107,107,"Orange Chicken",Asian,16.5
8391,3677,2023-03-03,"6:36:32 PM",107,107,"Orange Chicken",Asian,16.5
8439,3699,2023-03-04,"12:29:54 PM",107,107,"Orange Chicken",Asian,16.5
8505,3726,2023-03-04,"5:11:50 PM",107,107,"Orange Chicken",Asian,16.5
8527,3734,2023-03-04,"6:23:25 PM",107,107,"Orange Chicken",Asian,16.5
8534,3736,2023-03-04,"6:27:05 PM",107,107,"Orange Chicken",Asian,16.5
8548,3744,2023-03-04,"8:14:27 PM",107,107,"Orange Chicken",Asian,16.5
8662,3795,2023-03-05,"5:11:05 PM",107,107,"Orange Chicken",Asian,16.5
8679,3801,2023-03-05,"5:51:47 PM",107,107,"Orange Chicken",Asian,16.5
8714,3821,2023-03-06,"12:29:52 PM",107,107,"Orange Chicken",Asian,16.5
8733,3828,2023-03-06,"12:48:55 PM",107,107,"Orange Chicken",Asian,16.5
8833,3872,2023-03-06,"9:18:50 PM",107,107,"Orange Chicken",Asian,16.5
8840,3875,2023-03-06,"9:28:27 PM",107,107,"Orange Chicken",Asian,16.5
8853,3882,2023-03-07,"11:47:47 AM",107,107,"Orange Chicken",Asian,16.5
8878,3891,2023-03-07,"2:42:35 PM",107,107,"Orange Chicken",Asian,16.5
8887,3895,2023-03-07,"4:08:09 PM",107,107,"Orange Chicken",Asian,16.5
8916,3907,2023-03-07,"6:06:44 PM",107,107,"Orange Chicken",Asian,16.5
8941,3918,2023-03-07,"7:40:59 PM",107,107,"Orange Chicken",Asian,16.5
8961,3926,2023-03-07,"8:49:53 PM",107,107,"Orange Chicken",Asian,16.5
8984,3937,2023-03-07,"11:02:35 PM",107,107,"Orange Chicken",Asian,16.5
9006,3945,2023-03-08,"1:08:44 PM",107,107,"Orange Chicken",Asian,16.5
9017,3950,2023-03-08,"1:43:32 PM",107,107,"Orange Chicken",Asian,16.5
9028,3958,2023-03-08,"3:13:04 PM",107,107,"Orange Chicken",Asian,16.5
9035,3963,2023-03-08,"3:59:35 PM",107,107,"Orange Chicken",Asian,16.5
9041,3966,2023-03-08,"4:32:58 PM",107,107,"Orange Chicken",Asian,16.5
9068,3975,2023-03-08,"5:46:49 PM",107,107,"Orange Chicken",Asian,16.5
9094,3988,2023-03-08,"7:27:14 PM",107,107,"Orange Chicken",Asian,16.5
9103,3992,2023-03-08,"8:14:02 PM",107,107,"Orange Chicken",Asian,16.5
9198,4030,2023-03-09,"5:10:40 PM",107,107,"Orange Chicken",Asian,16.5
9200,4031,2023-03-09,"5:26:17 PM",107,107,"Orange Chicken",Asian,16.5
9225,4041,2023-03-09,"6:33:34 PM",107,107,"Orange Chicken",Asian,16.5
9229,4044,2023-03-09,"6:59:49 PM",107,107,"Orange Chicken",Asian,16.5
9245,4051,2023-03-09,"8:28:51 PM",107,107,"Orange Chicken",Asian,16.5
9284,4066,2023-03-10,"12:50:46 PM",107,107,"Orange Chicken",Asian,16.5
9286,4068,2023-03-10,"12:56:40 PM",107,107,"Orange Chicken",Asian,16.5
9331,4087,2023-03-10,"3:42:01 PM",107,107,"Orange Chicken",Asian,16.5
9350,4094,2023-03-10,"5:13:54 PM",107,107,"Orange Chicken",Asian,16.5
9363,4102,2023-03-10,"6:45:32 PM",107,107,"Orange Chicken",Asian,16.5
9365,4103,2023-03-10,"7:10:04 PM",107,107,"Orange Chicken",Asian,16.5
9374,4106,2023-03-10,"8:08:25 PM",107,107,"Orange Chicken",Asian,16.5
9392,4112,2023-03-10,"9:23:19 PM",107,107,"Orange Chicken",Asian,16.5
9411,4123,2023-03-11,"12:53:38 PM",107,107,"Orange Chicken",Asian,16.5
9464,4144,2023-03-11,"4:20:07 PM",107,107,"Orange Chicken",Asian,16.5
9501,4162,2023-03-11,"6:27:59 PM",107,107,"Orange Chicken",Asian,16.5
9512,4167,2023-03-11,"6:46:52 PM",107,107,"Orange Chicken",Asian,16.5
9520,4170,2023-03-11,"8:01:57 PM",107,107,"Orange Chicken",Asian,16.5
9589,4202,2023-03-12,"3:51:32 PM",107,107,"Orange Chicken",Asian,16.5
9622,4216,2023-03-12,"6:23:38 PM",107,107,"Orange Chicken",Asian,16.5
9644,4228,2023-03-13,"11:21:11 AM",107,107,"Orange Chicken",Asian,16.5
9651,4232,2023-03-13,"12:22:05 PM",107,107,"Orange Chicken",Asian,16.5
9684,4241,2023-03-13,"1:07:16 PM",107,107,"Orange Chicken",Asian,16.5
9688,4244,2023-03-13,"1:32:38 PM",107,107,"Orange Chicken",Asian,16.5
9700,4248,2023-03-13,"2:52:08 PM",107,107,"Orange Chicken",Asian,16.5
9704,4250,2023-03-13,"3:18:42 PM",107,107,"Orange Chicken",Asian,16.5
9722,4259,2023-03-13,"5:26:11 PM",107,107,"Orange Chicken",Asian,16.5
9738,4265,2023-03-13,"5:53:29 PM",107,107,"Orange Chicken",Asian,16.5
9741,4266,2023-03-13,"5:54:30 PM",107,107,"Orange Chicken",Asian,16.5
9743,4267,2023-03-13,"6:07:56 PM",107,107,"Orange Chicken",Asian,16.5
9753,4271,2023-03-13,"6:53:59 PM",107,107,"Orange Chicken",Asian,16.5
9786,4287,2023-03-13,"8:22:24 PM",107,107,"Orange Chicken",Asian,16.5
9788,4288,2023-03-13,"8:33:21 PM",107,107,"Orange Chicken",Asian,16.5
9806,4295,2023-03-13,"9:31:23 PM",107,107,"Orange Chicken",Asian,16.5
9865,4317,2023-03-14,"3:50:39 PM",107,107,"Orange Chicken",Asian,16.5
9883,4326,2023-03-14,"4:50:34 PM",107,107,"Orange Chicken",Asian,16.5
9895,4333,2023-03-14,"6:18:59 PM",107,107,"Orange Chicken",Asian,16.5
9934,4352,2023-03-14,"9:22:53 PM",107,107,"Orange Chicken",Asian,16.5
9945,4357,2023-03-15,"11:49:01 AM",107,107,"Orange Chicken",Asian,16.5
9983,4371,2023-03-15,"3:42:34 PM",107,107,"Orange Chicken",Asian,16.5
9986,4372,2023-03-15,"3:45:56 PM",107,107,"Orange Chicken",Asian,16.5
9990,4373,2023-03-15,"3:47:01 PM",107,107,"Orange Chicken",Asian,16.5
9992,4375,2023-03-15,"4:00:44 PM",107,107,"Orange Chicken",Asian,16.5
10053,4399,2023-03-15,"8:19:34 PM",107,107,"Orange Chicken",Asian,16.5
10065,4405,2023-03-16,"11:55:19 AM",107,107,"Orange Chicken",Asian,16.5
10089,4420,2023-03-16,"1:12:50 PM",107,107,"Orange Chicken",Asian,16.5
10111,4425,2023-03-16,"1:39:34 PM",107,107,"Orange Chicken",Asian,16.5
10124,4432,2023-03-16,"3:00:56 PM",107,107,"Orange Chicken",Asian,16.5
10134,4438,2023-03-16,"4:30:22 PM",107,107,"Orange Chicken",Asian,16.5
10141,4441,2023-03-16,"4:57:19 PM",107,107,"Orange Chicken",Asian,16.5
10183,4460,2023-03-16,"7:08:35 PM",107,107,"Orange Chicken",Asian,16.5
10189,4463,2023-03-16,"7:27:52 PM",107,107,"Orange Chicken",Asian,16.5
10206,4471,2023-03-17,"11:43:47 AM",107,107,"Orange Chicken",Asian,16.5
10217,4477,2023-03-17,"1:03:10 PM",107,107,"Orange Chicken",Asian,16.5
10224,4479,2023-03-17,"1:33:20 PM",107,107,"Orange Chicken",Asian,16.5
10322,4514,2023-03-17,"6:29:17 PM",107,107,"Orange Chicken",Asian,16.5
10337,4522,2023-03-17,"7:21:11 PM",107,107,"Orange Chicken",Asian,16.5
10341,4525,2023-03-17,"7:35:19 PM",107,107,"Orange Chicken",Asian,16.5
10347,4527,2023-03-17,"7:49:58 PM",107,107,"Orange Chicken",Asian,16.5
10373,4538,2023-03-17,"9:31:30 PM",107,107,"Orange Chicken",Asian,16.5
10387,4545,2023-03-18,"12:09:38 PM",107,107,"Orange Chicken",Asian,16.5
10431,4567,2023-03-18,"3:44:50 PM",107,107,"Orange Chicken",Asian,16.5
10463,4583,2023-03-18,"6:37:23 PM",107,107,"Orange Chicken",Asian,16.5
10471,4588,2023-03-18,"7:43:01 PM",107,107,"Orange Chicken",Asian,16.5
10472,4589,2023-03-18,"7:57:35 PM",107,107,"Orange Chicken",Asian,16.5
10533,4617,2023-03-19,"1:14:22 PM",107,107,"Orange Chicken",Asian,16.5
10549,4623,2023-03-19,"2:41:44 PM",107,107,"Orange Chicken",Asian,16.5
10579,4632,2023-03-19,"5:25:31 PM",107,107,"Orange Chicken",Asian,16.5
10585,4635,2023-03-19,"5:45:58 PM",107,107,"Orange Chicken",Asian,16.5
10610,4645,2023-03-19,"7:21:02 PM",107,107,"Orange Chicken",Asian,16.5
10631,4654,2023-03-19,"8:23:12 PM",107,107,"Orange Chicken",Asian,16.5
10708,4690,2023-03-20,"5:03:46 PM",107,107,"Orange Chicken",Asian,16.5
10756,4711,2023-03-20,"7:52:39 PM",107,107,"Orange Chicken",Asian,16.5
10795,4729,2023-03-21,"11:56:23 AM",107,107,"Orange Chicken",Asian,16.5
10803,4732,2023-03-21,"1:02:15 PM",107,107,"Orange Chicken",Asian,16.5
10814,4733,2023-03-21,"1:08:31 PM",107,107,"Orange Chicken",Asian,16.5
10824,4737,2023-03-21,"1:37:53 PM",107,107,"Orange Chicken",Asian,16.5
10858,4754,2023-03-21,"4:28:54 PM",107,107,"Orange Chicken",Asian,16.5
10951,4796,2023-03-22,"4:09:49 PM",107,107,"Orange Chicken",Asian,16.5
10961,4801,2023-03-22,"5:08:48 PM",107,107,"Orange Chicken",Asian,16.5
11119,4875,2023-03-23,"8:55:17 PM",107,107,"Orange Chicken",Asian,16.5
11126,4879,2023-03-23,"10:19:06 PM",107,107,"Orange Chicken",Asian,16.5
11130,4881,2023-03-24,"11:16:40 AM",107,107,"Orange Chicken",Asian,16.5
11140,4887,2023-03-24,"12:04:00 PM",107,107,"Orange Chicken",Asian,16.5
11182,4906,2023-03-24,"4:25:58 PM",107,107,"Orange Chicken",Asian,16.5
11196,4912,2023-03-24,"4:58:45 PM",107,107,"Orange Chicken",Asian,16.5
11203,4916,2023-03-24,"5:10:38 PM",107,107,"Orange Chicken",Asian,16.5
11234,4931,2023-03-24,"8:01:03 PM",107,107,"Orange Chicken",Asian,16.5
11247,4938,2023-03-24,"10:14:02 PM",107,107,"Orange Chicken",Asian,16.5
11260,4942,2023-03-25,"11:37:54 AM",107,107,"Orange Chicken",Asian,16.5
11304,4967,2023-03-25,"5:02:42 PM",107,107,"Orange Chicken",Asian,16.5
11307,4968,2023-03-25,"5:07:45 PM",107,107,"Orange Chicken",Asian,16.5
11410,5017,2023-03-26,"1:58:44 PM",107,107,"Orange Chicken",Asian,16.5
11469,5040,2023-03-26,"5:40:27 PM",107,107,"Orange Chicken",Asian,16.5
11489,5052,2023-03-26,"6:53:41 PM",107,107,"Orange Chicken",Asian,16.5
11490,5053,2023-03-26,"6:56:26 PM",107,107,"Orange Chicken",Asian,16.5
11492,5055,2023-03-26,"7:51:36 PM",107,107,"Orange Chicken",Asian,16.5
11502,5058,2023-03-26,"8:21:14 PM",107,107,"Orange Chicken",Asian,16.5
11633,5114,2023-03-27,"7:15:56 PM",107,107,"Orange Chicken",Asian,16.5
11671,5130,2023-03-27,"10:19:13 PM",107,107,"Orange Chicken",Asian,16.5
11673,5131,2023-03-27,"10:37:50 PM",107,107,"Orange Chicken",Asian,16.5
11733,5156,2023-03-28,"4:07:33 PM",107,107,"Orange Chicken",Asian,16.5
11736,5157,2023-03-28,"4:09:26 PM",107,107,"Orange Chicken",Asian,16.5
11787,5182,2023-03-28,"8:05:31 PM",107,107,"Orange Chicken",Asian,16.5
11801,5188,2023-03-28,"8:43:58 PM",107,107,"Orange Chicken",Asian,16.5
11808,5190,2023-03-28,"10:27:17 PM",107,107,"Orange Chicken",Asian,16.5
11817,5195,2023-03-29,"11:40:17 AM",107,107,"Orange Chicken",Asian,16.5
11818,5196,2023-03-29,"12:03:04 PM",107,107,"Orange Chicken",Asian,16.5
11839,5201,2023-03-29,"12:38:11 PM",107,107,"Orange Chicken",Asian,16.5
11880,5216,2023-03-29,"4:10:29 PM",107,107,"Orange Chicken",Asian,16.5
11883,5217,2023-03-29,"4:10:38 PM",107,107,"Orange Chicken",Asian,16.5
11926,5235,2023-03-29,"7:05:52 PM",107,107,"Orange Chicken",Asian,16.5
11936,5243,2023-03-29,"8:03:49 PM",107,107,"Orange Chicken",Asian,16.5
11958,5252,2023-03-30,"12:12:58 PM",107,107,"Orange Chicken",Asian,16.5
11973,5262,2023-03-30,"1:20:55 PM",107,107,"Orange Chicken",Asian,16.5
11977,5264,2023-03-30,"1:24:35 PM",107,107,"Orange Chicken",Asian,16.5
11993,5267,2023-03-30,"2:17:09 PM",107,107,"Orange Chicken",Asian,16.5
12004,5273,2023-03-30,"3:41:35 PM",107,107,"Orange Chicken",Asian,16.5
12008,5277,2023-03-30,"4:18:59 PM",107,107,"Orange Chicken",Asian,16.5
12023,5282,2023-03-30,"5:01:37 PM",107,107,"Orange Chicken",Asian,16.5
12040,5290,2023-03-30,"6:18:27 PM",107,107,"Orange Chicken",Asian,16.5
12095,5317,2023-03-31,"1:04:13 PM",107,107,"Orange Chicken",Asian,16.5
12114,5322,2023-03-31,"1:35:58 PM",107,107,"Orange Chicken",Asian,16.5
12122,5324,2023-03-31,"1:41:15 PM",107,107,"Orange Chicken",Asian,16.5
12131,5328,2023-03-31,"2:23:57 PM",107,107,"Orange Chicken",Asian,16.5
12145,5333,2023-03-31,"3:16:44 PM",107,107,"Orange Chicken",Asian,16.5
12177,5348,2023-03-31,"5:37:44 PM",107,107,"Orange Chicken",Asian,16.5
2,2,2023-01-01,"11:57:40 AM",108,108,"Tofu Pad Thai",Asian,14.5
15,9,2023-01-01,"12:52:01 PM",108,108,"Tofu Pad Thai",Asian,14.5
69,26,2023-01-01,"2:54:26 PM",108,108,"Tofu Pad Thai",Asian,14.5
72,27,2023-01-01,"3:11:17 PM",108,108,"Tofu Pad Thai",Asian,14.5
91,36,2023-01-01,"4:54:09 PM",108,108,"Tofu Pad Thai",Asian,14.5
113,46,2023-01-01,"6:25:51 PM",108,108,"Tofu Pad Thai",Asian,14.5
134,56,2023-01-01,"7:07:00 PM",108,108,"Tofu Pad Thai",Asian,14.5
137,57,2023-01-01,"7:10:51 PM",108,108,"Tofu Pad Thai",Asian,14.5
155,66,2023-01-01,"9:47:55 PM",108,108,"Tofu Pad Thai",Asian,14.5
158,68,2023-01-01,"10:07:32 PM",108,108,"Tofu Pad Thai",Asian,14.5
181,78,2023-01-02,"12:28:14 PM",108,108,"Tofu Pad Thai",Asian,14.5
198,85,2023-01-02,"1:34:49 PM",108,108,"Tofu Pad Thai",Asian,14.5
199,85,2023-01-02,"1:34:49 PM",108,108,"Tofu Pad Thai",Asian,14.5
231,98,2023-01-02,"5:18:18 PM",108,108,"Tofu Pad Thai",Asian,14.5
255,108,2023-01-02,"6:25:25 PM",108,108,"Tofu Pad Thai",Asian,14.5
285,120,2023-01-02,"7:35:07 PM",108,108,"Tofu Pad Thai",Asian,14.5
332,141,2023-01-03,"1:16:01 PM",108,108,"Tofu Pad Thai",Asian,14.5
335,143,2023-01-03,"1:41:36 PM",108,108,"Tofu Pad Thai",Asian,14.5
384,160,2023-01-03,"4:35:33 PM",108,108,"Tofu Pad Thai",Asian,14.5
410,173,2023-01-03,"5:35:30 PM",108,108,"Tofu Pad Thai",Asian,14.5
425,180,2023-01-03,"6:33:34 PM",108,108,"Tofu Pad Thai",Asian,14.5
506,217,2023-01-04,"2:35:03 PM",108,108,"Tofu Pad Thai",Asian,14.5
530,226,2023-01-04,"4:59:39 PM",108,108,"Tofu Pad Thai",Asian,14.5
548,236,2023-01-04,"7:21:04 PM",108,108,"Tofu Pad Thai",Asian,14.5
560,243,2023-01-04,"8:26:17 PM",108,108,"Tofu Pad Thai",Asian,14.5
589,258,2023-01-05,"11:59:23 AM",108,108,"Tofu Pad Thai",Asian,14.5
615,271,2023-01-05,"2:22:19 PM",108,108,"Tofu Pad Thai",Asian,14.5
625,275,2023-01-05,"2:38:14 PM",108,108,"Tofu Pad Thai",Asian,14.5
639,282,2023-01-05,"4:49:38 PM",108,108,"Tofu Pad Thai",Asian,14.5
658,290,2023-01-05,"5:41:16 PM",108,108,"Tofu Pad Thai",Asian,14.5
665,293,2023-01-05,"5:58:38 PM",108,108,"Tofu Pad Thai",Asian,14.5
678,298,2023-01-05,"7:10:36 PM",108,108,"Tofu Pad Thai",Asian,14.5
679,299,2023-01-05,"7:34:31 PM",108,108,"Tofu Pad Thai",Asian,14.5
698,307,2023-01-05,"9:45:38 PM",108,108,"Tofu Pad Thai",Asian,14.5
712,313,2023-01-06,"12:09:09 PM",108,108,"Tofu Pad Thai",Asian,14.5
718,315,2023-01-06,"12:17:40 PM",108,108,"Tofu Pad Thai",Asian,14.5
722,317,2023-01-06,"12:31:00 PM",108,108,"Tofu Pad Thai",Asian,14.5
738,322,2023-01-06,"1:02:13 PM",108,108,"Tofu Pad Thai",Asian,14.5
740,323,2023-01-06,"1:05:33 PM",108,108,"Tofu Pad Thai",Asian,14.5
742,325,2023-01-06,"1:07:32 PM",108,108,"Tofu Pad Thai",Asian,14.5
746,327,2023-01-06,"1:10:54 PM",108,108,"Tofu Pad Thai",Asian,14.5
752,330,2023-01-06,"1:27:11 PM",108,108,"Tofu Pad Thai",Asian,14.5
753,330,2023-01-06,"1:27:11 PM",108,108,"Tofu Pad Thai",Asian,14.5
798,348,2023-01-06,"4:49:12 PM",108,108,"Tofu Pad Thai",Asian,14.5
802,350,2023-01-06,"5:37:05 PM",108,108,"Tofu Pad Thai",Asian,14.5
848,373,2023-01-07,"11:45:18 AM",108,108,"Tofu Pad Thai",Asian,14.5
926,403,2023-01-07,"4:26:10 PM",108,108,"Tofu Pad Thai",Asian,14.5
931,406,2023-01-07,"4:50:49 PM",108,108,"Tofu Pad Thai",Asian,14.5
934,407,2023-01-07,"4:56:42 PM",108,108,"Tofu Pad Thai",Asian,14.5
947,414,2023-01-07,"6:13:22 PM",108,108,"Tofu Pad Thai",Asian,14.5
971,426,2023-01-07,"8:25:45 PM",108,108,"Tofu Pad Thai",Asian,14.5
991,435,2023-01-08,"12:06:09 PM",108,108,"Tofu Pad Thai",Asian,14.5
994,436,2023-01-08,"12:07:21 PM",108,108,"Tofu Pad Thai",Asian,14.5
1060,457,2023-01-08,"1:59:04 PM",108,108,"Tofu Pad Thai",Asian,14.5
1122,490,2023-01-08,"6:49:24 PM",108,108,"Tofu Pad Thai",Asian,14.5
1162,510,2023-01-09,"12:15:03 PM",108,108,"Tofu Pad Thai",Asian,14.5
1163,510,2023-01-09,"12:15:03 PM",108,108,"Tofu Pad Thai",Asian,14.5
1172,514,2023-01-09,"12:26:47 PM",108,108,"Tofu Pad Thai",Asian,14.5
1186,522,2023-01-09,"2:09:33 PM",108,108,"Tofu Pad Thai",Asian,14.5
1207,530,2023-01-09,"3:43:01 PM",108,108,"Tofu Pad Thai",Asian,14.5
1217,535,2023-01-09,"5:08:47 PM",108,108,"Tofu Pad Thai",Asian,14.5
1220,537,2023-01-09,"5:23:52 PM",108,108,"Tofu Pad Thai",Asian,14.5
1232,543,2023-01-09,"6:23:59 PM",108,108,"Tofu Pad Thai",Asian,14.5
1264,559,2023-01-09,"9:10:16 PM",108,108,"Tofu Pad Thai",Asian,14.5
1289,569,2023-01-10,"12:37:10 PM",108,108,"Tofu Pad Thai",Asian,14.5
1294,573,2023-01-10,"1:39:33 PM",108,108,"Tofu Pad Thai",Asian,14.5
1297,575,2023-01-10,"1:41:04 PM",108,108,"Tofu Pad Thai",Asian,14.5
1339,595,2023-01-10,"6:12:28 PM",108,108,"Tofu Pad Thai",Asian,14.5
1348,600,2023-01-10,"6:53:52 PM",108,108,"Tofu Pad Thai",Asian,14.5
1353,601,2023-01-10,"6:58:19 PM",108,108,"Tofu Pad Thai",Asian,14.5
1407,626,2023-01-10,"9:55:12 PM",108,108,"Tofu Pad Thai",Asian,14.5
1411,628,2023-01-10,"10:47:17 PM",108,108,"Tofu Pad Thai",Asian,14.5
1421,632,2023-01-11,"11:44:52 AM",108,108,"Tofu Pad Thai",Asian,14.5
1436,636,2023-01-11,"12:34:44 PM",108,108,"Tofu Pad Thai",Asian,14.5
1482,657,2023-01-11,"4:45:47 PM",108,108,"Tofu Pad Thai",Asian,14.5
1559,697,2023-01-12,"1:58:56 PM",108,108,"Tofu Pad Thai",Asian,14.5
1598,714,2023-01-12,"4:55:08 PM",108,108,"Tofu Pad Thai",Asian,14.5
1616,721,2023-01-12,"6:17:15 PM",108,108,"Tofu Pad Thai",Asian,14.5
1634,729,2023-01-12,"7:20:41 PM",108,108,"Tofu Pad Thai",Asian,14.5
1674,745,2023-01-13,"1:36:53 PM",108,108,"Tofu Pad Thai",Asian,14.5
1718,763,2023-01-13,"4:38:57 PM",108,108,"Tofu Pad Thai",Asian,14.5
1728,767,2023-01-13,"5:21:48 PM",108,108,"Tofu Pad Thai",Asian,14.5
1736,773,2023-01-13,"6:18:15 PM",108,108,"Tofu Pad Thai",Asian,14.5
1752,779,2023-01-13,"7:19:58 PM",108,108,"Tofu Pad Thai",Asian,14.5
1807,801,2023-01-14,"1:10:53 PM",108,108,"Tofu Pad Thai",Asian,14.5
1808,801,2023-01-14,"1:10:53 PM",108,108,"Tofu Pad Thai",Asian,14.5
1834,814,2023-01-14,"4:21:23 PM",108,108,"Tofu Pad Thai",Asian,14.5
1839,817,2023-01-14,"5:10:38 PM",108,108,"Tofu Pad Thai",Asian,14.5
1856,824,2023-01-14,"5:53:41 PM",108,108,"Tofu Pad Thai",Asian,14.5
1878,831,2023-01-14,"6:38:20 PM",108,108,"Tofu Pad Thai",Asian,14.5
1906,845,2023-01-14,"9:42:56 PM",108,108,"Tofu Pad Thai",Asian,14.5
1914,849,2023-01-15,"12:08:30 PM",108,108,"Tofu Pad Thai",Asian,14.5
1954,865,2023-01-15,"2:10:00 PM",108,108,"Tofu Pad Thai",Asian,14.5
1985,883,2023-01-15,"4:56:05 PM",108,108,"Tofu Pad Thai",Asian,14.5
2015,898,2023-01-15,"6:56:49 PM",108,108,"Tofu Pad Thai",Asian,14.5
2022,903,2023-01-15,"7:27:22 PM",108,108,"Tofu Pad Thai",Asian,14.5
2062,920,2023-01-16,"1:16:55 PM",108,108,"Tofu Pad Thai",Asian,14.5
2073,926,2023-01-16,"1:51:38 PM",108,108,"Tofu Pad Thai",Asian,14.5
2079,927,2023-01-16,"1:59:21 PM",108,108,"Tofu Pad Thai",Asian,14.5
2118,944,2023-01-16,"5:54:33 PM",108,108,"Tofu Pad Thai",Asian,14.5
2178,970,2023-01-16,"9:44:35 PM",108,108,"Tofu Pad Thai",Asian,14.5
2181,971,2023-01-16,"9:46:20 PM",108,108,"Tofu Pad Thai",Asian,14.5
2187,974,2023-01-16,"10:06:53 PM",108,108,"Tofu Pad Thai",Asian,14.5
2260,1008,2023-01-17,"6:49:59 PM",108,108,"Tofu Pad Thai",Asian,14.5
2262,1009,2023-01-17,"6:58:24 PM",108,108,"Tofu Pad Thai",Asian,14.5
2302,1026,2023-01-17,"9:55:05 PM",108,108,"Tofu Pad Thai",Asian,14.5
2312,1031,2023-01-18,"11:39:03 AM",108,108,"Tofu Pad Thai",Asian,14.5
2328,1036,2023-01-18,"12:49:29 PM",108,108,"Tofu Pad Thai",Asian,14.5
2334,1037,2023-01-18,"1:04:54 PM",108,108,"Tofu Pad Thai",Asian,14.5
2338,1039,2023-01-18,"1:33:31 PM",108,108,"Tofu Pad Thai",Asian,14.5
2353,1046,2023-01-18,"2:39:33 PM",108,108,"Tofu Pad Thai",Asian,14.5
2394,1066,2023-01-18,"6:10:50 PM",108,108,"Tofu Pad Thai",Asian,14.5
2410,1072,2023-01-18,"6:32:32 PM",108,108,"Tofu Pad Thai",Asian,14.5
2461,1093,2023-01-19,"12:33:24 PM",108,108,"Tofu Pad Thai",Asian,14.5
2520,1116,2023-01-19,"5:09:15 PM",108,108,"Tofu Pad Thai",Asian,14.5
2532,1122,2023-01-19,"6:16:44 PM",108,108,"Tofu Pad Thai",Asian,14.5
2543,1127,2023-01-19,"6:53:52 PM",108,108,"Tofu Pad Thai",Asian,14.5
2599,1150,2023-01-20,"12:39:05 PM",108,108,"Tofu Pad Thai",Asian,14.5
2600,1150,2023-01-20,"12:39:05 PM",108,108,"Tofu Pad Thai",Asian,14.5
2612,1153,2023-01-20,"12:56:30 PM",108,108,"Tofu Pad Thai",Asian,14.5
2651,1171,2023-01-20,"4:41:58 PM",108,108,"Tofu Pad Thai",Asian,14.5
2652,1172,2023-01-20,"4:53:23 PM",108,108,"Tofu Pad Thai",Asian,14.5
2662,1176,2023-01-20,"5:05:19 PM",108,108,"Tofu Pad Thai",Asian,14.5
2666,1177,2023-01-20,"5:27:29 PM",108,108,"Tofu Pad Thai",Asian,14.5
2686,1190,2023-01-20,"7:43:15 PM",108,108,"Tofu Pad Thai",Asian,14.5
2717,1206,2023-01-21,"12:38:38 PM",108,108,"Tofu Pad Thai",Asian,14.5
2762,1222,2023-01-21,"3:32:23 PM",108,108,"Tofu Pad Thai",Asian,14.5
2824,1247,2023-01-21,"7:54:37 PM",108,108,"Tofu Pad Thai",Asian,14.5
2877,1271,2023-01-22,"1:14:17 PM",108,108,"Tofu Pad Thai",Asian,14.5
2888,1274,2023-01-22,"1:24:14 PM",108,108,"Tofu Pad Thai",Asian,14.5
2898,1277,2023-01-22,"1:46:44 PM",108,108,"Tofu Pad Thai",Asian,14.5
2911,1283,2023-01-22,"3:47:42 PM",108,108,"Tofu Pad Thai",Asian,14.5
2920,1287,2023-01-22,"4:38:25 PM",108,108,"Tofu Pad Thai",Asian,14.5
2923,1289,2023-01-22,"5:11:54 PM",108,108,"Tofu Pad Thai",Asian,14.5
2942,1297,2023-01-22,"5:51:53 PM",108,108,"Tofu Pad Thai",Asian,14.5
2955,1301,2023-01-22,"6:42:08 PM",108,108,"Tofu Pad Thai",Asian,14.5
2970,1309,2023-01-22,"8:04:42 PM",108,108,"Tofu Pad Thai",Asian,14.5
2977,1314,2023-01-22,"8:40:55 PM",108,108,"Tofu Pad Thai",Asian,14.5
3008,1325,2023-01-23,"11:50:45 AM",108,108,"Tofu Pad Thai",Asian,14.5
3040,1341,2023-01-23,"2:15:37 PM",108,108,"Tofu Pad Thai",Asian,14.5
3064,1353,2023-01-23,"4:21:26 PM",108,108,"Tofu Pad Thai",Asian,14.5
3129,1384,2023-01-23,"8:31:01 PM",108,108,"Tofu Pad Thai",Asian,14.5
3139,1389,2023-01-23,"10:05:37 PM",108,108,"Tofu Pad Thai",Asian,14.5
3153,1398,2023-01-24,"2:04:36 PM",108,108,"Tofu Pad Thai",Asian,14.5
3163,1400,2023-01-24,"2:08:26 PM",108,108,"Tofu Pad Thai",Asian,14.5
3165,1402,2023-01-24,"2:23:57 PM",108,108,"Tofu Pad Thai",Asian,14.5
3174,1406,2023-01-24,"3:08:57 PM",108,108,"Tofu Pad Thai",Asian,14.5
3211,1423,2023-01-24,"6:32:23 PM",108,108,"Tofu Pad Thai",Asian,14.5
3224,1429,2023-01-24,"7:36:22 PM",108,108,"Tofu Pad Thai",Asian,14.5
3251,1440,2023-01-24,"7:56:33 PM",108,108,"Tofu Pad Thai",Asian,14.5
3258,1443,2023-01-24,"8:23:34 PM",108,108,"Tofu Pad Thai",Asian,14.5
3293,1457,2023-01-25,"1:35:53 PM",108,108,"Tofu Pad Thai",Asian,14.5
3307,1461,2023-01-25,"2:21:02 PM",108,108,"Tofu Pad Thai",Asian,14.5
3388,1500,2023-01-26,"11:52:57 AM",108,108,"Tofu Pad Thai",Asian,14.5
3411,1505,2023-01-26,"12:47:34 PM",108,108,"Tofu Pad Thai",Asian,14.5
3439,1522,2023-01-26,"2:35:32 PM",108,108,"Tofu Pad Thai",Asian,14.5
3440,1522,2023-01-26,"2:35:32 PM",108,108,"Tofu Pad Thai",Asian,14.5
3511,1562,2023-01-27,"1:00:08 PM",108,108,"Tofu Pad Thai",Asian,14.5
3512,1563,2023-01-27,"1:04:38 PM",108,108,"Tofu Pad Thai",Asian,14.5
3527,1568,2023-01-27,"1:38:46 PM",108,108,"Tofu Pad Thai",Asian,14.5
3560,1579,2023-01-27,"4:19:56 PM",108,108,"Tofu Pad Thai",Asian,14.5
3628,1611,2023-01-27,"9:03:04 PM",108,108,"Tofu Pad Thai",Asian,14.5
3650,1619,2023-01-28,"11:36:34 AM",108,108,"Tofu Pad Thai",Asian,14.5
3664,1629,2023-01-28,"12:17:09 PM",108,108,"Tofu Pad Thai",Asian,14.5
3670,1631,2023-01-28,"12:20:11 PM",108,108,"Tofu Pad Thai",Asian,14.5
3682,1637,2023-01-28,"1:21:08 PM",108,108,"Tofu Pad Thai",Asian,14.5
3697,1641,2023-01-28,"2:21:48 PM",108,108,"Tofu Pad Thai",Asian,14.5
3700,1642,2023-01-28,"2:26:49 PM",108,108,"Tofu Pad Thai",Asian,14.5
3708,1644,2023-01-28,"3:01:14 PM",108,108,"Tofu Pad Thai",Asian,14.5
3739,1658,2023-01-28,"6:44:20 PM",108,108,"Tofu Pad Thai",Asian,14.5
3821,1697,2023-01-29,"4:01:52 PM",108,108,"Tofu Pad Thai",Asian,14.5
3874,1726,2023-01-29,"10:44:10 PM",108,108,"Tofu Pad Thai",Asian,14.5
3880,1729,2023-01-30,"11:37:42 AM",108,108,"Tofu Pad Thai",Asian,14.5
3894,1734,2023-01-30,"12:36:42 PM",108,108,"Tofu Pad Thai",Asian,14.5
3918,1744,2023-01-30,"2:26:51 PM",108,108,"Tofu Pad Thai",Asian,14.5
3921,1745,2023-01-30,"2:43:16 PM",108,108,"Tofu Pad Thai",Asian,14.5
3924,1746,2023-01-30,"3:07:16 PM",108,108,"Tofu Pad Thai",Asian,14.5
3946,1757,2023-01-30,"5:32:30 PM",108,108,"Tofu Pad Thai",Asian,14.5
3955,1761,2023-01-30,"6:02:30 PM",108,108,"Tofu Pad Thai",Asian,14.5
3965,1767,2023-01-30,"7:03:49 PM",108,108,"Tofu Pad Thai",Asian,14.5
3972,1771,2023-01-30,"7:46:17 PM",108,108,"Tofu Pad Thai",Asian,14.5
3976,1773,2023-01-30,"8:06:40 PM",108,108,"Tofu Pad Thai",Asian,14.5
3993,1784,2023-01-30,"9:06:05 PM",108,108,"Tofu Pad Thai",Asian,14.5
3997,1785,2023-01-30,"9:08:02 PM",108,108,"Tofu Pad Thai",Asian,14.5
4025,1795,2023-01-31,"1:21:53 PM",108,108,"Tofu Pad Thai",Asian,14.5
4069,1810,2023-01-31,"4:16:19 PM",108,108,"Tofu Pad Thai",Asian,14.5
4073,1812,2023-01-31,"5:13:55 PM",108,108,"Tofu Pad Thai",Asian,14.5
4104,1825,2023-01-31,"6:22:51 PM",108,108,"Tofu Pad Thai",Asian,14.5
4142,1840,2023-01-31,"9:01:00 PM",108,108,"Tofu Pad Thai",Asian,14.5
4158,1847,2023-02-01,"11:36:27 AM",108,108,"Tofu Pad Thai",Asian,14.5
4159,1848,2023-02-01,"11:40:46 AM",108,108,"Tofu Pad Thai",Asian,14.5
4168,1851,2023-02-01,"11:49:01 AM",108,108,"Tofu Pad Thai",Asian,14.5
4191,1860,2023-02-01,"1:19:52 PM",108,108,"Tofu Pad Thai",Asian,14.5
4202,1866,2023-02-01,"2:18:56 PM",108,108,"Tofu Pad Thai",Asian,14.5
4231,1878,2023-02-01,"4:07:22 PM",108,108,"Tofu Pad Thai",Asian,14.5
4246,1885,2023-02-01,"4:34:57 PM",108,108,"Tofu Pad Thai",Asian,14.5
4252,1887,2023-02-01,"4:48:06 PM",108,108,"Tofu Pad Thai",Asian,14.5
4270,1894,2023-02-01,"5:13:57 PM",108,108,"Tofu Pad Thai",Asian,14.5
4290,1904,2023-02-01,"6:13:17 PM",108,108,"Tofu Pad Thai",Asian,14.5
4295,1905,2023-02-01,"6:14:34 PM",108,108,"Tofu Pad Thai",Asian,14.5
4324,1923,2023-02-01,"8:34:14 PM",108,108,"Tofu Pad Thai",Asian,14.5
4337,1929,2023-02-01,"10:08:01 PM",108,108,"Tofu Pad Thai",Asian,14.5
4359,1942,2023-02-02,"12:38:58 PM",108,108,"Tofu Pad Thai",Asian,14.5
4430,1968,2023-02-02,"4:58:41 PM",108,108,"Tofu Pad Thai",Asian,14.5
4443,1975,2023-02-02,"6:07:34 PM",108,108,"Tofu Pad Thai",Asian,14.5
4549,2013,2023-02-03,"1:20:46 PM",108,108,"Tofu Pad Thai",Asian,14.5
4593,2035,2023-02-03,"5:16:16 PM",108,108,"Tofu Pad Thai",Asian,14.5
4601,2041,2023-02-03,"5:40:35 PM",108,108,"Tofu Pad Thai",Asian,14.5
4668,2071,2023-02-04,"1:06:29 PM",108,108,"Tofu Pad Thai",Asian,14.5
4737,2098,2023-02-04,"6:16:27 PM",108,108,"Tofu Pad Thai",Asian,14.5
4740,2100,2023-02-04,"6:46:03 PM",108,108,"Tofu Pad Thai",Asian,14.5
4743,2101,2023-02-04,"7:27:08 PM",108,108,"Tofu Pad Thai",Asian,14.5
4775,2114,2023-02-04,"10:26:28 PM",108,108,"Tofu Pad Thai",Asian,14.5
4810,2127,2023-02-05,"1:42:16 PM",108,108,"Tofu Pad Thai",Asian,14.5
4811,2128,2023-02-05,"1:42:50 PM",108,108,"Tofu Pad Thai",Asian,14.5
4831,2136,2023-02-05,"2:54:49 PM",108,108,"Tofu Pad Thai",Asian,14.5
4843,2143,2023-02-05,"5:44:52 PM",108,108,"Tofu Pad Thai",Asian,14.5
4844,2143,2023-02-05,"5:44:52 PM",108,108,"Tofu Pad Thai",Asian,14.5
4845,2143,2023-02-05,"5:44:52 PM",108,108,"Tofu Pad Thai",Asian,14.5
4880,2159,2023-02-05,"7:55:12 PM",108,108,"Tofu Pad Thai",Asian,14.5
4885,2162,2023-02-05,"8:15:06 PM",108,108,"Tofu Pad Thai",Asian,14.5
4914,2180,2023-02-06,"11:59:14 AM",108,108,"Tofu Pad Thai",Asian,14.5
4920,2182,2023-02-06,"12:22:30 PM",108,108,"Tofu Pad Thai",Asian,14.5
4933,2184,2023-02-06,"12:40:25 PM",108,108,"Tofu Pad Thai",Asian,14.5
4942,2188,2023-02-06,"1:13:33 PM",108,108,"Tofu Pad Thai",Asian,14.5
4967,2194,2023-02-06,"1:22:11 PM",108,108,"Tofu Pad Thai",Asian,14.5
4968,2195,2023-02-06,"1:39:29 PM",108,108,"Tofu Pad Thai",Asian,14.5
4975,2198,2023-02-06,"2:13:09 PM",108,108,"Tofu Pad Thai",Asian,14.5
4999,2210,2023-02-06,"5:24:07 PM",108,108,"Tofu Pad Thai",Asian,14.5
5038,2230,2023-02-06,"8:41:12 PM",108,108,"Tofu Pad Thai",Asian,14.5
5057,2239,2023-02-06,"10:09:09 PM",108,108,"Tofu Pad Thai",Asian,14.5
5073,2246,2023-02-07,"12:52:30 PM",108,108,"Tofu Pad Thai",Asian,14.5
5086,2254,2023-02-07,"3:00:58 PM",108,108,"Tofu Pad Thai",Asian,14.5
5094,2255,2023-02-07,"3:15:54 PM",108,108,"Tofu Pad Thai",Asian,14.5
5122,2267,2023-02-07,"5:22:30 PM",108,108,"Tofu Pad Thai",Asian,14.5
5138,2275,2023-02-07,"6:42:49 PM",108,108,"Tofu Pad Thai",Asian,14.5
5159,2284,2023-02-07,"7:35:53 PM",108,108,"Tofu Pad Thai",Asian,14.5
5173,2292,2023-02-07,"8:57:53 PM",108,108,"Tofu Pad Thai",Asian,14.5
5187,2298,2023-02-07,"9:40:33 PM",108,108,"Tofu Pad Thai",Asian,14.5
5240,2320,2023-02-08,"3:27:41 PM",108,108,"Tofu Pad Thai",Asian,14.5
5265,2332,2023-02-08,"5:53:01 PM",108,108,"Tofu Pad Thai",Asian,14.5
5273,2335,2023-02-08,"6:20:27 PM",108,108,"Tofu Pad Thai",Asian,14.5
5290,2344,2023-02-08,"8:20:37 PM",108,108,"Tofu Pad Thai",Asian,14.5
5329,2363,2023-02-09,"12:35:50 PM",108,108,"Tofu Pad Thai",Asian,14.5
5377,2376,2023-02-09,"3:25:59 PM",108,108,"Tofu Pad Thai",Asian,14.5
5406,2388,2023-02-09,"5:46:35 PM",108,108,"Tofu Pad Thai",Asian,14.5
5484,2426,2023-02-10,"1:37:25 PM",108,108,"Tofu Pad Thai",Asian,14.5
5517,2440,2023-02-10,"4:43:55 PM",108,108,"Tofu Pad Thai",Asian,14.5
5541,2452,2023-02-10,"6:09:01 PM",108,108,"Tofu Pad Thai",Asian,14.5
5563,2461,2023-02-10,"8:14:23 PM",108,108,"Tofu Pad Thai",Asian,14.5
5580,2471,2023-02-11,"11:48:07 AM",108,108,"Tofu Pad Thai",Asian,14.5
5585,2472,2023-02-11,"11:53:20 AM",108,108,"Tofu Pad Thai",Asian,14.5
5596,2479,2023-02-11,"12:35:27 PM",108,108,"Tofu Pad Thai",Asian,14.5
5597,2479,2023-02-11,"12:35:27 PM",108,108,"Tofu Pad Thai",Asian,14.5
5601,2481,2023-02-11,"12:54:36 PM",108,108,"Tofu Pad Thai",Asian,14.5
5619,2489,2023-02-11,"1:52:56 PM",108,108,"Tofu Pad Thai",Asian,14.5
5639,2498,2023-02-11,"3:23:21 PM",108,108,"Tofu Pad Thai",Asian,14.5
5643,2502,2023-02-11,"5:08:01 PM",108,108,"Tofu Pad Thai",Asian,14.5
5653,2506,2023-02-11,"5:44:46 PM",108,108,"Tofu Pad Thai",Asian,14.5
5745,2547,2023-02-12,"12:45:49 PM",108,108,"Tofu Pad Thai",Asian,14.5
5789,2565,2023-02-12,"3:04:49 PM",108,108,"Tofu Pad Thai",Asian,14.5
5804,2572,2023-02-12,"4:04:07 PM",108,108,"Tofu Pad Thai",Asian,14.5
5805,2573,2023-02-12,"4:10:39 PM",108,108,"Tofu Pad Thai",Asian,14.5
5809,2575,2023-02-12,"4:30:57 PM",108,108,"Tofu Pad Thai",Asian,14.5
5819,2579,2023-02-12,"5:38:32 PM",108,108,"Tofu Pad Thai",Asian,14.5
5833,2587,2023-02-12,"7:09:56 PM",108,108,"Tofu Pad Thai",Asian,14.5
5850,2594,2023-02-12,"10:54:43 PM",108,108,"Tofu Pad Thai",Asian,14.5
5905,2616,2023-02-13,"1:59:40 PM",108,108,"Tofu Pad Thai",Asian,14.5
5918,2624,2023-02-13,"4:21:18 PM",108,108,"Tofu Pad Thai",Asian,14.5
5942,2632,2023-02-13,"5:24:48 PM",108,108,"Tofu Pad Thai",Asian,14.5
5966,2644,2023-02-13,"8:22:27 PM",108,108,"Tofu Pad Thai",Asian,14.5
6029,2675,2023-02-14,"2:41:49 PM",108,108,"Tofu Pad Thai",Asian,14.5
6088,2700,2023-02-14,"6:47:34 PM",108,108,"Tofu Pad Thai",Asian,14.5
6094,2702,2023-02-14,"6:54:29 PM",108,108,"Tofu Pad Thai",Asian,14.5
6103,2707,2023-02-14,"7:35:46 PM",108,108,"Tofu Pad Thai",Asian,14.5
6151,2724,2023-02-15,"11:48:59 AM",108,108,"Tofu Pad Thai",Asian,14.5
6182,2735,2023-02-15,"2:53:31 PM",108,108,"Tofu Pad Thai",Asian,14.5
6198,2743,2023-02-15,"4:54:36 PM",108,108,"Tofu Pad Thai",Asian,14.5
6223,2754,2023-02-15,"5:42:41 PM",108,108,"Tofu Pad Thai",Asian,14.5
6242,2763,2023-02-15,"6:58:26 PM",108,108,"Tofu Pad Thai",Asian,14.5
6269,2774,2023-02-15,"9:02:44 PM",108,108,"Tofu Pad Thai",Asian,14.5
6272,2775,2023-02-15,"9:44:07 PM",108,108,"Tofu Pad Thai",Asian,14.5
6278,2779,2023-02-16,"11:35:56 AM",108,108,"Tofu Pad Thai",Asian,14.5
6310,2788,2023-02-16,"12:39:37 PM",108,108,"Tofu Pad Thai",Asian,14.5
6312,2789,2023-02-16,"12:40:50 PM",108,108,"Tofu Pad Thai",Asian,14.5
6369,2815,2023-02-16,"6:21:17 PM",108,108,"Tofu Pad Thai",Asian,14.5
6402,2831,2023-02-17,"12:01:02 PM",108,108,"Tofu Pad Thai",Asian,14.5
6409,2835,2023-02-17,"12:53:50 PM",108,108,"Tofu Pad Thai",Asian,14.5
6410,2836,2023-02-17,"12:58:28 PM",108,108,"Tofu Pad Thai",Asian,14.5
6423,2844,2023-02-17,"1:41:34 PM",108,108,"Tofu Pad Thai",Asian,14.5
6426,2846,2023-02-17,"1:58:44 PM",108,108,"Tofu Pad Thai",Asian,14.5
6427,2846,2023-02-17,"1:58:44 PM",108,108,"Tofu Pad Thai",Asian,14.5
6473,2864,2023-02-17,"5:30:42 PM",108,108,"Tofu Pad Thai",Asian,14.5
6504,2879,2023-02-17,"8:04:09 PM",108,108,"Tofu Pad Thai",Asian,14.5
6514,2883,2023-02-17,"9:51:06 PM",108,108,"Tofu Pad Thai",Asian,14.5
6516,2884,2023-02-17,"10:06:26 PM",108,108,"Tofu Pad Thai",Asian,14.5
6537,2894,2023-02-18,"12:06:02 PM",108,108,"Tofu Pad Thai",Asian,14.5
6550,2896,2023-02-18,"12:20:01 PM",108,108,"Tofu Pad Thai",Asian,14.5
6576,2908,2023-02-18,"2:17:18 PM",108,108,"Tofu Pad Thai",Asian,14.5
6627,2930,2023-02-18,"6:39:01 PM",108,108,"Tofu Pad Thai",Asian,14.5
6630,2931,2023-02-18,"6:43:05 PM",108,108,"Tofu Pad Thai",Asian,14.5
6657,2941,2023-02-18,"8:27:48 PM",108,108,"Tofu Pad Thai",Asian,14.5
6661,2942,2023-02-18,"8:34:26 PM",108,108,"Tofu Pad Thai",Asian,14.5
6669,2944,2023-02-18,"9:17:25 PM",108,108,"Tofu Pad Thai",Asian,14.5
6692,2953,2023-02-19,"12:20:32 PM",108,108,"Tofu Pad Thai",Asian,14.5
6694,2954,2023-02-19,"12:21:49 PM",108,108,"Tofu Pad Thai",Asian,14.5
6741,2973,2023-02-19,"3:04:17 PM",108,108,"Tofu Pad Thai",Asian,14.5
6753,2980,2023-02-19,"4:48:44 PM",108,108,"Tofu Pad Thai",Asian,14.5
6783,2997,2023-02-19,"7:38:24 PM",108,108,"Tofu Pad Thai",Asian,14.5
6854,3027,2023-02-20,"1:41:20 PM",108,108,"Tofu Pad Thai",Asian,14.5
6864,3030,2023-02-20,"1:59:16 PM",108,108,"Tofu Pad Thai",Asian,14.5
6886,3039,2023-02-20,"3:48:51 PM",108,108,"Tofu Pad Thai",Asian,14.5
6952,3068,2023-02-20,"8:45:09 PM",108,108,"Tofu Pad Thai",Asian,14.5
6956,3071,2023-02-20,"9:14:34 PM",108,108,"Tofu Pad Thai",Asian,14.5
6960,3072,2023-02-20,"9:28:46 PM",108,108,"Tofu Pad Thai",Asian,14.5
6961,3072,2023-02-20,"9:28:46 PM",108,108,"Tofu Pad Thai",Asian,14.5
6997,3087,2023-02-21,"12:59:13 PM",108,108,"Tofu Pad Thai",Asian,14.5
7004,3090,2023-02-21,"2:03:29 PM",108,108,"Tofu Pad Thai",Asian,14.5
7036,3102,2023-02-21,"4:32:10 PM",108,108,"Tofu Pad Thai",Asian,14.5
7053,3110,2023-02-21,"5:54:51 PM",108,108,"Tofu Pad Thai",Asian,14.5
7061,3113,2023-02-21,"6:13:22 PM",108,108,"Tofu Pad Thai",Asian,14.5
7073,3122,2023-02-21,"7:29:14 PM",108,108,"Tofu Pad Thai",Asian,14.5
7099,3134,2023-02-22,"11:40:25 AM",108,108,"Tofu Pad Thai",Asian,14.5
7114,3138,2023-02-22,"1:02:28 PM",108,108,"Tofu Pad Thai",Asian,14.5
7132,3145,2023-02-22,"3:41:07 PM",108,108,"Tofu Pad Thai",Asian,14.5
7138,3147,2023-02-22,"3:59:59 PM",108,108,"Tofu Pad Thai",Asian,14.5
7161,3157,2023-02-22,"7:34:23 PM",108,108,"Tofu Pad Thai",Asian,14.5
7188,3170,2023-02-22,"10:13:50 PM",108,108,"Tofu Pad Thai",Asian,14.5
7193,3172,2023-02-23,"11:52:30 AM",108,108,"Tofu Pad Thai",Asian,14.5
7224,3187,2023-02-23,"1:27:18 PM",108,108,"Tofu Pad Thai",Asian,14.5
7255,3197,2023-02-23,"4:36:02 PM",108,108,"Tofu Pad Thai",Asian,14.5
7281,3207,2023-02-23,"5:34:41 PM",108,108,"Tofu Pad Thai",Asian,14.5
7283,3208,2023-02-23,"5:41:51 PM",108,108,"Tofu Pad Thai",Asian,14.5
7285,3210,2023-02-23,"6:05:29 PM",108,108,"Tofu Pad Thai",Asian,14.5
7290,3211,2023-02-23,"6:22:26 PM",108,108,"Tofu Pad Thai",Asian,14.5
7304,3218,2023-02-23,"7:57:22 PM",108,108,"Tofu Pad Thai",Asian,14.5
7308,3221,2023-02-23,"9:09:47 PM",108,108,"Tofu Pad Thai",Asian,14.5
7316,3225,2023-02-24,"11:44:17 AM",108,108,"Tofu Pad Thai",Asian,14.5
7317,3226,2023-02-24,"11:56:22 AM",108,108,"Tofu Pad Thai",Asian,14.5
7372,3249,2023-02-24,"3:18:55 PM",108,108,"Tofu Pad Thai",Asian,14.5
7389,3256,2023-02-24,"5:31:07 PM",108,108,"Tofu Pad Thai",Asian,14.5
7408,3264,2023-02-24,"6:19:39 PM",108,108,"Tofu Pad Thai",Asian,14.5
7489,3296,2023-02-25,"12:45:11 PM",108,108,"Tofu Pad Thai",Asian,14.5
7498,3302,2023-02-25,"1:24:42 PM",108,108,"Tofu Pad Thai",Asian,14.5
7502,3304,2023-02-25,"1:36:09 PM",108,108,"Tofu Pad Thai",Asian,14.5
7514,3309,2023-02-25,"3:11:35 PM",108,108,"Tofu Pad Thai",Asian,14.5
7547,3323,2023-02-25,"5:45:10 PM",108,108,"Tofu Pad Thai",Asian,14.5
7573,3337,2023-02-25,"8:15:01 PM",108,108,"Tofu Pad Thai",Asian,14.5
7618,3357,2023-02-26,"1:07:13 PM",108,108,"Tofu Pad Thai",Asian,14.5
7671,3377,2023-02-26,"4:32:16 PM",108,108,"Tofu Pad Thai",Asian,14.5
7677,3381,2023-02-26,"5:22:05 PM",108,108,"Tofu Pad Thai",Asian,14.5
7691,3387,2023-02-26,"5:51:35 PM",108,108,"Tofu Pad Thai",Asian,14.5
7729,3402,2023-02-27,"11:51:02 AM",108,108,"Tofu Pad Thai",Asian,14.5
7753,3413,2023-02-27,"12:54:17 PM",108,108,"Tofu Pad Thai",Asian,14.5
7810,3434,2023-02-27,"4:45:33 PM",108,108,"Tofu Pad Thai",Asian,14.5
7825,3441,2023-02-27,"5:38:46 PM",108,108,"Tofu Pad Thai",Asian,14.5
7853,3451,2023-02-27,"6:46:17 PM",108,108,"Tofu Pad Thai",Asian,14.5
7855,3452,2023-02-27,"6:47:21 PM",108,108,"Tofu Pad Thai",Asian,14.5
7933,3484,2023-02-28,"1:57:51 PM",108,108,"Tofu Pad Thai",Asian,14.5
8030,3524,2023-02-28,"9:14:22 PM",108,108,"Tofu Pad Thai",Asian,14.5
8037,3527,2023-02-28,"9:30:14 PM",108,108,"Tofu Pad Thai",Asian,14.5
8046,3530,2023-02-28,"11:05:17 PM",108,108,"Tofu Pad Thai",Asian,14.5
8069,3539,2023-03-01,"2:08:51 PM",108,108,"Tofu Pad Thai",Asian,14.5
8086,3548,2023-03-01,"3:57:50 PM",108,108,"Tofu Pad Thai",Asian,14.5
8127,3569,2023-03-01,"7:39:29 PM",108,108,"Tofu Pad Thai",Asian,14.5
8147,3579,2023-03-01,"10:59:18 PM",108,108,"Tofu Pad Thai",Asian,14.5
8221,3610,2023-03-02,"4:19:32 PM",108,108,"Tofu Pad Thai",Asian,14.5
8222,3610,2023-03-02,"4:19:32 PM",108,108,"Tofu Pad Thai",Asian,14.5
8239,3618,2023-03-02,"5:33:55 PM",108,108,"Tofu Pad Thai",Asian,14.5
8251,3623,2023-03-02,"6:20:06 PM",108,108,"Tofu Pad Thai",Asian,14.5
8265,3629,2023-03-02,"7:09:34 PM",108,108,"Tofu Pad Thai",Asian,14.5
8277,3634,2023-03-02,"9:16:40 PM",108,108,"Tofu Pad Thai",Asian,14.5
8323,3654,2023-03-03,"1:38:34 PM",108,108,"Tofu Pad Thai",Asian,14.5
8330,3655,2023-03-03,"1:39:24 PM",108,108,"Tofu Pad Thai",Asian,14.5
8350,3660,2023-03-03,"2:08:53 PM",108,108,"Tofu Pad Thai",Asian,14.5
8362,3664,2023-03-03,"3:55:09 PM",108,108,"Tofu Pad Thai",Asian,14.5
8377,3670,2023-03-03,"5:27:05 PM",108,108,"Tofu Pad Thai",Asian,14.5
8379,3671,2023-03-03,"5:27:27 PM",108,108,"Tofu Pad Thai",Asian,14.5
8402,3683,2023-03-03,"7:56:12 PM",108,108,"Tofu Pad Thai",Asian,14.5
8424,3692,2023-03-04,"11:31:04 AM",108,108,"Tofu Pad Thai",Asian,14.5
8430,3693,2023-03-04,"11:34:38 AM",108,108,"Tofu Pad Thai",Asian,14.5
8446,3702,2023-03-04,"12:53:29 PM",108,108,"Tofu Pad Thai",Asian,14.5
8458,3705,2023-03-04,"1:15:42 PM",108,108,"Tofu Pad Thai",Asian,14.5
8494,3721,2023-03-04,"4:15:28 PM",108,108,"Tofu Pad Thai",Asian,14.5
8498,3724,2023-03-04,"4:38:05 PM",108,108,"Tofu Pad Thai",Asian,14.5
8513,3729,2023-03-04,"5:52:09 PM",108,108,"Tofu Pad Thai",Asian,14.5
8514,3729,2023-03-04,"5:52:09 PM",108,108,"Tofu Pad Thai",Asian,14.5
8559,3749,2023-03-04,"9:02:21 PM",108,108,"Tofu Pad Thai",Asian,14.5
8576,3756,2023-03-05,"12:30:24 PM",108,108,"Tofu Pad Thai",Asian,14.5
8585,3764,2023-03-05,"1:06:59 PM",108,108,"Tofu Pad Thai",Asian,14.5
8593,3767,2023-03-05,"1:26:19 PM",108,108,"Tofu Pad Thai",Asian,14.5
8605,3774,2023-03-05,"1:47:15 PM",108,108,"Tofu Pad Thai",Asian,14.5
8652,3790,2023-03-05,"4:12:59 PM",108,108,"Tofu Pad Thai",Asian,14.5
8654,3792,2023-03-05,"4:39:37 PM",108,108,"Tofu Pad Thai",Asian,14.5
8657,3793,2023-03-05,"5:04:01 PM",108,108,"Tofu Pad Thai",Asian,14.5
8707,3817,2023-03-06,"12:13:16 PM",108,108,"Tofu Pad Thai",Asian,14.5
8712,3819,2023-03-06,"12:24:41 PM",108,108,"Tofu Pad Thai",Asian,14.5
8716,3821,2023-03-06,"12:29:52 PM",108,108,"Tofu Pad Thai",Asian,14.5
8734,3828,2023-03-06,"12:48:55 PM",108,108,"Tofu Pad Thai",Asian,14.5
8753,3836,2023-03-06,"2:13:38 PM",108,108,"Tofu Pad Thai",Asian,14.5
8767,3845,2023-03-06,"4:01:00 PM",108,108,"Tofu Pad Thai",Asian,14.5
8798,3860,2023-03-06,"6:59:18 PM",108,108,"Tofu Pad Thai",Asian,14.5
8859,3885,2023-03-07,"12:08:34 PM",108,108,"Tofu Pad Thai",Asian,14.5
8900,3900,2023-03-07,"4:26:19 PM",108,108,"Tofu Pad Thai",Asian,14.5
8944,3919,2023-03-07,"7:48:54 PM",108,108,"Tofu Pad Thai",Asian,14.5
8945,3919,2023-03-07,"7:48:54 PM",108,108,"Tofu Pad Thai",Asian,14.5
8979,3935,2023-03-07,"10:42:37 PM",108,108,"Tofu Pad Thai",Asian,14.5
8990,3940,2023-03-08,"12:29:28 PM",108,108,"Tofu Pad Thai",Asian,14.5
8991,3940,2023-03-08,"12:29:28 PM",108,108,"Tofu Pad Thai",Asian,14.5
9072,3977,2023-03-08,"5:52:16 PM",108,108,"Tofu Pad Thai",Asian,14.5
9079,3981,2023-03-08,"6:19:19 PM",108,108,"Tofu Pad Thai",Asian,14.5
9109,3995,2023-03-08,"8:47:41 PM",108,108,"Tofu Pad Thai",Asian,14.5
9117,3999,2023-03-08,"9:47:00 PM",108,108,"Tofu Pad Thai",Asian,14.5
9130,4005,2023-03-09,"12:40:14 PM",108,108,"Tofu Pad Thai",Asian,14.5
9131,4005,2023-03-09,"12:40:14 PM",108,108,"Tofu Pad Thai",Asian,14.5
9137,4008,2023-03-09,"1:03:47 PM",108,108,"Tofu Pad Thai",Asian,14.5
9155,4014,2023-03-09,"1:39:39 PM",108,108,"Tofu Pad Thai",Asian,14.5
9166,4015,2023-03-09,"2:05:48 PM",108,108,"Tofu Pad Thai",Asian,14.5
9186,4024,2023-03-09,"4:26:31 PM",108,108,"Tofu Pad Thai",Asian,14.5
9192,4027,2023-03-09,"4:50:50 PM",108,108,"Tofu Pad Thai",Asian,14.5
9237,4048,2023-03-09,"7:42:52 PM",108,108,"Tofu Pad Thai",Asian,14.5
9248,4052,2023-03-09,"8:51:47 PM",108,108,"Tofu Pad Thai",Asian,14.5
9255,4056,2023-03-10,"11:25:36 AM",108,108,"Tofu Pad Thai",Asian,14.5
9261,4058,2023-03-10,"11:36:03 AM",108,108,"Tofu Pad Thai",Asian,14.5
9291,4070,2023-03-10,"1:09:33 PM",108,108,"Tofu Pad Thai",Asian,14.5
9293,4071,2023-03-10,"1:11:32 PM",108,108,"Tofu Pad Thai",Asian,14.5
9295,4072,2023-03-10,"1:19:51 PM",108,108,"Tofu Pad Thai",Asian,14.5
9306,4077,2023-03-10,"1:55:11 PM",108,108,"Tofu Pad Thai",Asian,14.5
9319,4080,2023-03-10,"2:38:10 PM",108,108,"Tofu Pad Thai",Asian,14.5
9324,4083,2023-03-10,"2:53:51 PM",108,108,"Tofu Pad Thai",Asian,14.5
9346,4093,2023-03-10,"5:11:16 PM",108,108,"Tofu Pad Thai",Asian,14.5
9436,4131,2023-03-11,"1:45:13 PM",108,108,"Tofu Pad Thai",Asian,14.5
9450,4136,2023-03-11,"2:33:24 PM",108,108,"Tofu Pad Thai",Asian,14.5
9504,4163,2023-03-11,"6:28:15 PM",108,108,"Tofu Pad Thai",Asian,14.5
9524,4173,2023-03-11,"10:03:13 PM",108,108,"Tofu Pad Thai",Asian,14.5
9564,4189,2023-03-12,"1:15:42 PM",108,108,"Tofu Pad Thai",Asian,14.5
9633,4221,2023-03-12,"7:07:06 PM",108,108,"Tofu Pad Thai",Asian,14.5
9636,4224,2023-03-12,"8:19:32 PM",108,108,"Tofu Pad Thai",Asian,14.5
9646,4228,2023-03-13,"11:21:11 AM",108,108,"Tofu Pad Thai",Asian,14.5
9652,4232,2023-03-13,"12:22:05 PM",108,108,"Tofu Pad Thai",Asian,14.5
9677,4238,2023-03-13,"12:57:25 PM",108,108,"Tofu Pad Thai",Asian,14.5
9692,4245,2023-03-13,"1:35:44 PM",108,108,"Tofu Pad Thai",Asian,14.5
9696,4247,2023-03-13,"2:34:24 PM",108,108,"Tofu Pad Thai",Asian,14.5
9712,4254,2023-03-13,"4:59:32 PM",108,108,"Tofu Pad Thai",Asian,14.5
9734,4264,2023-03-13,"5:48:27 PM",108,108,"Tofu Pad Thai",Asian,14.5
9746,4268,2023-03-13,"6:30:51 PM",108,108,"Tofu Pad Thai",Asian,14.5
9747,4269,2023-03-13,"6:44:54 PM",108,108,"Tofu Pad Thai",Asian,14.5
9781,4285,2023-03-13,"8:07:36 PM",108,108,"Tofu Pad Thai",Asian,14.5
9875,4322,2023-03-14,"4:34:46 PM",108,108,"Tofu Pad Thai",Asian,14.5
9890,4330,2023-03-14,"5:50:48 PM",108,108,"Tofu Pad Thai",Asian,14.5
9927,4350,2023-03-14,"9:02:43 PM",108,108,"Tofu Pad Thai",Asian,14.5
9948,4358,2023-03-15,"12:08:34 PM",108,108,"Tofu Pad Thai",Asian,14.5
10020,4385,2023-03-15,"5:13:38 PM",108,108,"Tofu Pad Thai",Asian,14.5
10023,4386,2023-03-15,"5:30:07 PM",108,108,"Tofu Pad Thai",Asian,14.5
10029,4389,2023-03-15,"6:28:12 PM",108,108,"Tofu Pad Thai",Asian,14.5
10041,4394,2023-03-15,"6:56:08 PM",108,108,"Tofu Pad Thai",Asian,14.5
10061,4403,2023-03-15,"10:17:47 PM",108,108,"Tofu Pad Thai",Asian,14.5
10077,4413,2023-03-16,"12:23:40 PM",108,108,"Tofu Pad Thai",Asian,14.5
10078,4414,2023-03-16,"12:24:49 PM",108,108,"Tofu Pad Thai",Asian,14.5
10091,4421,2023-03-16,"1:13:23 PM",108,108,"Tofu Pad Thai",Asian,14.5
10148,4444,2023-03-16,"5:28:55 PM",108,108,"Tofu Pad Thai",Asian,14.5
10235,4481,2023-03-17,"1:46:18 PM",108,108,"Tofu Pad Thai",Asian,14.5
10237,4482,2023-03-17,"1:57:38 PM",108,108,"Tofu Pad Thai",Asian,14.5
10250,4483,2023-03-17,"2:14:26 PM",108,108,"Tofu Pad Thai",Asian,14.5
10260,4488,2023-03-17,"2:57:23 PM",108,108,"Tofu Pad Thai",Asian,14.5
10300,4506,2023-03-17,"5:18:34 PM",108,108,"Tofu Pad Thai",Asian,14.5
10313,4511,2023-03-17,"5:57:13 PM",108,108,"Tofu Pad Thai",Asian,14.5
10338,4523,2023-03-17,"7:27:52 PM",108,108,"Tofu Pad Thai",Asian,14.5
10391,4548,2023-03-18,"12:29:44 PM",108,108,"Tofu Pad Thai",Asian,14.5
10413,4557,2023-03-18,"1:24:33 PM",108,108,"Tofu Pad Thai",Asian,14.5
10416,4560,2023-03-18,"1:33:58 PM",108,108,"Tofu Pad Thai",Asian,14.5
10429,4566,2023-03-18,"2:59:13 PM",108,108,"Tofu Pad Thai",Asian,14.5
10461,4582,2023-03-18,"6:27:57 PM",108,108,"Tofu Pad Thai",Asian,14.5
10478,4591,2023-03-18,"8:04:42 PM",108,108,"Tofu Pad Thai",Asian,14.5
10496,4602,2023-03-18,"10:28:11 PM",108,108,"Tofu Pad Thai",Asian,14.5
10510,4608,2023-03-19,"11:45:56 AM",108,108,"Tofu Pad Thai",Asian,14.5
10517,4611,2023-03-19,"12:26:04 PM",108,108,"Tofu Pad Thai",Asian,14.5
10518,4611,2023-03-19,"12:26:04 PM",108,108,"Tofu Pad Thai",Asian,14.5
10534,4617,2023-03-19,"1:14:22 PM",108,108,"Tofu Pad Thai",Asian,14.5
10566,4627,2023-03-19,"4:04:23 PM",108,108,"Tofu Pad Thai",Asian,14.5
10574,4630,2023-03-19,"4:51:19 PM",108,108,"Tofu Pad Thai",Asian,14.5
10586,4635,2023-03-19,"5:45:58 PM",108,108,"Tofu Pad Thai",Asian,14.5
10611,4645,2023-03-19,"7:21:02 PM",108,108,"Tofu Pad Thai",Asian,14.5
10622,4650,2023-03-19,"7:48:15 PM",108,108,"Tofu Pad Thai",Asian,14.5
10638,4659,2023-03-19,"9:53:59 PM",108,108,"Tofu Pad Thai",Asian,14.5
10654,4665,2023-03-20,"12:39:39 PM",108,108,"Tofu Pad Thai",Asian,14.5
10697,4683,2023-03-20,"3:03:44 PM",108,108,"Tofu Pad Thai",Asian,14.5
10728,4699,2023-03-20,"6:44:52 PM",108,108,"Tofu Pad Thai",Asian,14.5
10751,4709,2023-03-20,"7:34:01 PM",108,108,"Tofu Pad Thai",Asian,14.5
10757,4711,2023-03-20,"7:52:39 PM",108,108,"Tofu Pad Thai",Asian,14.5
10765,4716,2023-03-20,"8:33:22 PM",108,108,"Tofu Pad Thai",Asian,14.5
10775,4722,2023-03-20,"9:49:53 PM",108,108,"Tofu Pad Thai",Asian,14.5
10796,4729,2023-03-21,"11:56:23 AM",108,108,"Tofu Pad Thai",Asian,14.5
10835,4742,2023-03-21,"2:06:43 PM",108,108,"Tofu Pad Thai",Asian,14.5
10851,4750,2023-03-21,"3:17:26 PM",108,108,"Tofu Pad Thai",Asian,14.5
10884,4765,2023-03-21,"6:53:49 PM",108,108,"Tofu Pad Thai",Asian,14.5
10928,4786,2023-03-22,"12:54:56 PM",108,108,"Tofu Pad Thai",Asian,14.5
10933,4789,2023-03-22,"1:56:27 PM",108,108,"Tofu Pad Thai",Asian,14.5
10934,4789,2023-03-22,"1:56:27 PM",108,108,"Tofu Pad Thai",Asian,14.5
10948,4795,2023-03-22,"4:01:29 PM",108,108,"Tofu Pad Thai",Asian,14.5
10971,4806,2023-03-22,"6:14:21 PM",108,108,"Tofu Pad Thai",Asian,14.5
11003,4822,2023-03-23,"11:31:48 AM",108,108,"Tofu Pad Thai",Asian,14.5
11010,4825,2023-03-23,"11:48:12 AM",108,108,"Tofu Pad Thai",Asian,14.5
11019,4830,2023-03-23,"12:40:25 PM",108,108,"Tofu Pad Thai",Asian,14.5
11029,4836,2023-03-23,"12:57:49 PM",108,108,"Tofu Pad Thai",Asian,14.5
11046,4838,2023-03-23,"1:14:04 PM",108,108,"Tofu Pad Thai",Asian,14.5
11069,4847,2023-03-23,"4:08:52 PM",108,108,"Tofu Pad Thai",Asian,14.5
11074,4850,2023-03-23,"4:30:47 PM",108,108,"Tofu Pad Thai",Asian,14.5
11084,4857,2023-03-23,"5:10:42 PM",108,108,"Tofu Pad Thai",Asian,14.5
11090,4859,2023-03-23,"5:30:36 PM",108,108,"Tofu Pad Thai",Asian,14.5
11145,4890,2023-03-24,"12:26:16 PM",108,108,"Tofu Pad Thai",Asian,14.5
11153,4893,2023-03-24,"12:53:26 PM",108,108,"Tofu Pad Thai",Asian,14.5
11180,4905,2023-03-24,"4:07:27 PM",108,108,"Tofu Pad Thai",Asian,14.5
11204,4917,2023-03-24,"5:28:09 PM",108,108,"Tofu Pad Thai",Asian,14.5
11245,4937,2023-03-24,"10:03:54 PM",108,108,"Tofu Pad Thai",Asian,14.5
11248,4938,2023-03-24,"10:14:02 PM",108,108,"Tofu Pad Thai",Asian,14.5
11273,4950,2023-03-25,"12:22:09 PM",108,108,"Tofu Pad Thai",Asian,14.5
11276,4951,2023-03-25,"12:41:13 PM",108,108,"Tofu Pad Thai",Asian,14.5
11283,4955,2023-03-25,"1:10:57 PM",108,108,"Tofu Pad Thai",Asian,14.5
11289,4956,2023-03-25,"1:26:18 PM",108,108,"Tofu Pad Thai",Asian,14.5
11292,4958,2023-03-25,"1:36:37 PM",108,108,"Tofu Pad Thai",Asian,14.5
11303,4966,2023-03-25,"4:43:47 PM",108,108,"Tofu Pad Thai",Asian,14.5
11375,4999,2023-03-26,"11:37:06 AM",108,108,"Tofu Pad Thai",Asian,14.5
11383,5003,2023-03-26,"11:50:45 AM",108,108,"Tofu Pad Thai",Asian,14.5
11413,5017,2023-03-26,"1:58:44 PM",108,108,"Tofu Pad Thai",Asian,14.5
11414,5017,2023-03-26,"1:58:44 PM",108,108,"Tofu Pad Thai",Asian,14.5
11454,5034,2023-03-26,"4:51:53 PM",108,108,"Tofu Pad Thai",Asian,14.5
11475,5045,2023-03-26,"6:12:55 PM",108,108,"Tofu Pad Thai",Asian,14.5
11479,5048,2023-03-26,"6:34:53 PM",108,108,"Tofu Pad Thai",Asian,14.5
11531,5069,2023-03-27,"12:29:41 PM",108,108,"Tofu Pad Thai",Asian,14.5
11533,5071,2023-03-27,"12:47:48 PM",108,108,"Tofu Pad Thai",Asian,14.5
11539,5075,2023-03-27,"1:08:15 PM",108,108,"Tofu Pad Thai",Asian,14.5
11573,5089,2023-03-27,"4:12:46 PM",108,108,"Tofu Pad Thai",Asian,14.5
11583,5093,2023-03-27,"4:58:24 PM",108,108,"Tofu Pad Thai",Asian,14.5
11590,5096,2023-03-27,"5:28:05 PM",108,108,"Tofu Pad Thai",Asian,14.5
11591,5096,2023-03-27,"5:28:05 PM",108,108,"Tofu Pad Thai",Asian,14.5
11628,5111,2023-03-27,"6:46:46 PM",108,108,"Tofu Pad Thai",Asian,14.5
11639,5117,2023-03-27,"7:33:52 PM",108,108,"Tofu Pad Thai",Asian,14.5
11692,5138,2023-03-28,"12:40:47 PM",108,108,"Tofu Pad Thai",Asian,14.5
11718,5150,2023-03-28,"3:08:03 PM",108,108,"Tofu Pad Thai",Asian,14.5
11743,5160,2023-03-28,"4:53:33 PM",108,108,"Tofu Pad Thai",Asian,14.5
11792,5184,2023-03-28,"8:20:01 PM",108,108,"Tofu Pad Thai",Asian,14.5
11799,5187,2023-03-28,"8:39:16 PM",108,108,"Tofu Pad Thai",Asian,14.5
11816,5194,2023-03-29,"11:39:53 AM",108,108,"Tofu Pad Thai",Asian,14.5
11825,5199,2023-03-29,"12:12:15 PM",108,108,"Tofu Pad Thai",Asian,14.5
11861,5207,2023-03-29,"2:06:28 PM",108,108,"Tofu Pad Thai",Asian,14.5
11875,5214,2023-03-29,"3:39:45 PM",108,108,"Tofu Pad Thai",Asian,14.5
11885,5218,2023-03-29,"4:17:59 PM",108,108,"Tofu Pad Thai",Asian,14.5
11935,5242,2023-03-29,"7:56:06 PM",108,108,"Tofu Pad Thai",Asian,14.5
11974,5262,2023-03-30,"1:20:55 PM",108,108,"Tofu Pad Thai",Asian,14.5
11975,5263,2023-03-30,"1:23:38 PM",108,108,"Tofu Pad Thai",Asian,14.5
12012,5278,2023-03-30,"4:41:21 PM",108,108,"Tofu Pad Thai",Asian,14.5
12050,5295,2023-03-30,"7:10:56 PM",108,108,"Tofu Pad Thai",Asian,14.5
12069,5305,2023-03-30,"9:34:09 PM",108,108,"Tofu Pad Thai",Asian,14.5
12070,5306,2023-03-30,"9:35:15 PM",108,108,"Tofu Pad Thai",Asian,14.5
12110,5320,2023-03-31,"1:22:56 PM",108,108,"Tofu Pad Thai",Asian,14.5
12115,5322,2023-03-31,"1:35:58 PM",108,108,"Tofu Pad Thai",Asian,14.5
12134,5329,2023-03-31,"2:48:27 PM",108,108,"Tofu Pad Thai",Asian,14.5
12148,5334,2023-03-31,"3:29:36 PM",108,108,"Tofu Pad Thai",Asian,14.5
12152,5336,2023-03-31,"3:32:39 PM",108,108,"Tofu Pad Thai",Asian,14.5
12157,5338,2023-03-31,"4:06:36 PM",108,108,"Tofu Pad Thai",Asian,14.5
12221,5366,2023-03-31,"9:01:41 PM",108,108,"Tofu Pad Thai",Asian,14.5
1,1,2023-01-01,"11:38:36 AM",109,109,"Korean Beef Bowl",Asian,17.95
94,38,2023-01-01,"5:03:00 PM",109,109,"Korean Beef Bowl",Asian,17.95
110,45,2023-01-01,"5:55:48 PM",109,109,"Korean Beef Bowl",Asian,17.95
125,52,2023-01-01,"6:53:02 PM",109,109,"Korean Beef Bowl",Asian,17.95
175,76,2023-01-02,"12:21:17 PM",109,109,"Korean Beef Bowl",Asian,17.95
179,77,2023-01-02,"12:22:46 PM",109,109,"Korean Beef Bowl",Asian,17.95
202,86,2023-01-02,"1:40:31 PM",109,109,"Korean Beef Bowl",Asian,17.95
234,100,2023-01-02,"5:46:17 PM",109,109,"Korean Beef Bowl",Asian,17.95
246,105,2023-01-02,"6:12:01 PM",109,109,"Korean Beef Bowl",Asian,17.95
256,108,2023-01-02,"6:25:25 PM",109,109,"Korean Beef Bowl",Asian,17.95
286,120,2023-01-02,"7:35:07 PM",109,109,"Korean Beef Bowl",Asian,17.95
304,130,2023-01-02,"9:14:55 PM",109,109,"Korean Beef Bowl",Asian,17.95
314,133,2023-01-02,"10:00:17 PM",109,109,"Korean Beef Bowl",Asian,17.95
336,143,2023-01-03,"1:41:36 PM",109,109,"Korean Beef Bowl",Asian,17.95
357,146,2023-01-03,"2:22:10 PM",109,109,"Korean Beef Bowl",Asian,17.95
364,152,2023-01-03,"3:09:42 PM",109,109,"Korean Beef Bowl",Asian,17.95
385,161,2023-01-03,"4:43:46 PM",109,109,"Korean Beef Bowl",Asian,17.95
389,163,2023-01-03,"4:54:54 PM",109,109,"Korean Beef Bowl",Asian,17.95
404,170,2023-01-03,"5:21:31 PM",109,109,"Korean Beef Bowl",Asian,17.95
422,179,2023-01-03,"6:20:14 PM",109,109,"Korean Beef Bowl",Asian,17.95
433,184,2023-01-03,"6:59:05 PM",109,109,"Korean Beef Bowl",Asian,17.95
505,216,2023-01-04,"2:31:56 PM",109,109,"Korean Beef Bowl",Asian,17.95
513,220,2023-01-04,"3:31:59 PM",109,109,"Korean Beef Bowl",Asian,17.95
568,247,2023-01-04,"8:55:29 PM",109,109,"Korean Beef Bowl",Asian,17.95
571,248,2023-01-04,"8:58:19 PM",109,109,"Korean Beef Bowl",Asian,17.95
584,255,2023-01-05,"11:23:35 AM",109,109,"Korean Beef Bowl",Asian,17.95
645,284,2023-01-05,"4:58:16 PM",109,109,"Korean Beef Bowl",Asian,17.95
690,304,2023-01-05,"8:07:58 PM",109,109,"Korean Beef Bowl",Asian,17.95
696,306,2023-01-05,"8:37:40 PM",109,109,"Korean Beef Bowl",Asian,17.95
700,308,2023-01-05,"9:59:46 PM",109,109,"Korean Beef Bowl",Asian,17.95
705,310,2023-01-06,"11:40:48 AM",109,109,"Korean Beef Bowl",Asian,17.95
716,314,2023-01-06,"12:11:58 PM",109,109,"Korean Beef Bowl",Asian,17.95
719,316,2023-01-06,"12:29:34 PM",109,109,"Korean Beef Bowl",Asian,17.95
724,317,2023-01-06,"12:31:00 PM",109,109,"Korean Beef Bowl",Asian,17.95
756,330,2023-01-06,"1:27:11 PM",109,109,"Korean Beef Bowl",Asian,17.95
775,337,2023-01-06,"3:03:12 PM",109,109,"Korean Beef Bowl",Asian,17.95
792,346,2023-01-06,"4:30:00 PM",109,109,"Korean Beef Bowl",Asian,17.95
806,351,2023-01-06,"5:37:29 PM",109,109,"Korean Beef Bowl",Asian,17.95
825,360,2023-01-06,"6:50:38 PM",109,109,"Korean Beef Bowl",Asian,17.95
838,367,2023-01-06,"8:05:12 PM",109,109,"Korean Beef Bowl",Asian,17.95
844,370,2023-01-06,"9:02:30 PM",109,109,"Korean Beef Bowl",Asian,17.95
856,377,2023-01-07,"12:03:18 PM",109,109,"Korean Beef Bowl",Asian,17.95
866,384,2023-01-07,"12:51:46 PM",109,109,"Korean Beef Bowl",Asian,17.95
897,393,2023-01-07,"1:48:31 PM",109,109,"Korean Beef Bowl",Asian,17.95
900,394,2023-01-07,"2:02:18 PM",109,109,"Korean Beef Bowl",Asian,17.95
901,394,2023-01-07,"2:02:18 PM",109,109,"Korean Beef Bowl",Asian,17.95
913,397,2023-01-07,"2:31:10 PM",109,109,"Korean Beef Bowl",Asian,17.95
956,419,2023-01-07,"7:02:31 PM",109,109,"Korean Beef Bowl",Asian,17.95
983,431,2023-01-08,"11:17:13 AM",109,109,"Korean Beef Bowl",Asian,17.95
1010,440,2023-01-08,"12:16:34 PM",109,109,"Korean Beef Bowl",Asian,17.95
1035,445,2023-01-08,"12:57:39 PM",109,109,"Korean Beef Bowl",Asian,17.95
1040,448,2023-01-08,"1:03:34 PM",109,109,"Korean Beef Bowl",Asian,17.95
1068,461,2023-01-08,"2:21:19 PM",109,109,"Korean Beef Bowl",Asian,17.95
1086,473,2023-01-08,"4:41:27 PM",109,109,"Korean Beef Bowl",Asian,17.95
1116,487,2023-01-08,"6:30:16 PM",109,109,"Korean Beef Bowl",Asian,17.95
1138,496,2023-01-08,"7:46:18 PM",109,109,"Korean Beef Bowl",Asian,17.95
1148,501,2023-01-08,"9:51:31 PM",109,109,"Korean Beef Bowl",Asian,17.95
1206,529,2023-01-09,"3:31:01 PM",109,109,"Korean Beef Bowl",Asian,17.95
1221,537,2023-01-09,"5:23:52 PM",109,109,"Korean Beef Bowl",Asian,17.95
1242,548,2023-01-09,"7:06:09 PM",109,109,"Korean Beef Bowl",Asian,17.95
1258,555,2023-01-09,"8:18:25 PM",109,109,"Korean Beef Bowl",Asian,17.95
1263,558,2023-01-09,"8:51:10 PM",109,109,"Korean Beef Bowl",Asian,17.95
1312,580,2023-01-10,"1:56:01 PM",109,109,"Korean Beef Bowl",Asian,17.95
1365,608,2023-01-10,"7:36:33 PM",109,109,"Korean Beef Bowl",Asian,17.95
1402,623,2023-01-10,"9:21:21 PM",109,109,"Korean Beef Bowl",Asian,17.95
1428,635,2023-01-11,"12:18:31 PM",109,109,"Korean Beef Bowl",Asian,17.95
1457,646,2023-01-11,"2:07:26 PM",109,109,"Korean Beef Bowl",Asian,17.95
1459,647,2023-01-11,"2:07:35 PM",109,109,"Korean Beef Bowl",Asian,17.95
1499,666,2023-01-11,"5:42:25 PM",109,109,"Korean Beef Bowl",Asian,17.95
1570,701,2023-01-12,"2:33:39 PM",109,109,"Korean Beef Bowl",Asian,17.95
1587,710,2023-01-12,"3:59:52 PM",109,109,"Korean Beef Bowl",Asian,17.95
1599,714,2023-01-12,"4:55:08 PM",109,109,"Korean Beef Bowl",Asian,17.95
1600,714,2023-01-12,"4:55:08 PM",109,109,"Korean Beef Bowl",Asian,17.95
1635,729,2023-01-12,"7:20:41 PM",109,109,"Korean Beef Bowl",Asian,17.95
1688,751,2023-01-13,"3:07:35 PM",109,109,"Korean Beef Bowl",Asian,17.95
1691,752,2023-01-13,"3:19:25 PM",109,109,"Korean Beef Bowl",Asian,17.95
1694,753,2023-01-13,"3:22:11 PM",109,109,"Korean Beef Bowl",Asian,17.95
1768,785,2023-01-14,"11:28:44 AM",109,109,"Korean Beef Bowl",Asian,17.95
1801,800,2023-01-14,"12:54:35 PM",109,109,"Korean Beef Bowl",Asian,17.95
1819,802,2023-01-14,"1:23:47 PM",109,109,"Korean Beef Bowl",Asian,17.95
1827,809,2023-01-14,"2:26:17 PM",109,109,"Korean Beef Bowl",Asian,17.95
1872,830,2023-01-14,"6:38:17 PM",109,109,"Korean Beef Bowl",Asian,17.95
1879,832,2023-01-14,"6:47:06 PM",109,109,"Korean Beef Bowl",Asian,17.95
1892,836,2023-01-14,"8:08:08 PM",109,109,"Korean Beef Bowl",Asian,17.95
1946,864,2023-01-15,"2:04:23 PM",109,109,"Korean Beef Bowl",Asian,17.95
1956,867,2023-01-15,"2:19:28 PM",109,109,"Korean Beef Bowl",Asian,17.95
1957,867,2023-01-15,"2:19:28 PM",109,109,"Korean Beef Bowl",Asian,17.95
1969,876,2023-01-15,"3:27:03 PM",109,109,"Korean Beef Bowl",Asian,17.95
1986,883,2023-01-15,"4:56:05 PM",109,109,"Korean Beef Bowl",Asian,17.95
1988,884,2023-01-15,"4:57:15 PM",109,109,"Korean Beef Bowl",Asian,17.95
2008,895,2023-01-15,"6:18:11 PM",109,109,"Korean Beef Bowl",Asian,17.95
2081,927,2023-01-16,"1:59:21 PM",109,109,"Korean Beef Bowl",Asian,17.95
2122,945,2023-01-16,"5:58:38 PM",109,109,"Korean Beef Bowl",Asian,17.95
2175,968,2023-01-16,"9:23:01 PM",109,109,"Korean Beef Bowl",Asian,17.95
2196,978,2023-01-17,"12:24:36 PM",109,109,"Korean Beef Bowl",Asian,17.95
2197,978,2023-01-17,"12:24:36 PM",109,109,"Korean Beef Bowl",Asian,17.95
2213,982,2023-01-17,"2:12:58 PM",109,109,"Korean Beef Bowl",Asian,17.95
2218,985,2023-01-17,"2:34:50 PM",109,109,"Korean Beef Bowl",Asian,17.95
2226,989,2023-01-17,"3:08:38 PM",109,109,"Korean Beef Bowl",Asian,17.95
2233,994,2023-01-17,"4:19:42 PM",109,109,"Korean Beef Bowl",Asian,17.95
2278,1016,2023-01-17,"7:44:36 PM",109,109,"Korean Beef Bowl",Asian,17.95
2284,1019,2023-01-17,"8:50:54 PM",109,109,"Korean Beef Bowl",Asian,17.95
2313,1031,2023-01-18,"11:39:03 AM",109,109,"Korean Beef Bowl",Asian,17.95
2336,1038,2023-01-18,"1:14:59 PM",109,109,"Korean Beef Bowl",Asian,17.95
2372,1057,2023-01-18,"4:18:37 PM",109,109,"Korean Beef Bowl",Asian,17.95
2398,1067,2023-01-18,"6:13:43 PM",109,109,"Korean Beef Bowl",Asian,17.95
2435,1085,2023-01-19,"11:37:05 AM",109,109,"Korean Beef Bowl",Asian,17.95
2452,1090,2023-01-19,"12:14:24 PM",109,109,"Korean Beef Bowl",Asian,17.95
2460,1092,2023-01-19,"12:23:38 PM",109,109,"Korean Beef Bowl",Asian,17.95
2507,1110,2023-01-19,"4:33:35 PM",109,109,"Korean Beef Bowl",Asian,17.95
2511,1112,2023-01-19,"4:46:00 PM",109,109,"Korean Beef Bowl",Asian,17.95
2515,1113,2023-01-19,"5:00:44 PM",109,109,"Korean Beef Bowl",Asian,17.95
2537,1123,2023-01-19,"6:21:36 PM",109,109,"Korean Beef Bowl",Asian,17.95
2540,1125,2023-01-19,"6:45:40 PM",109,109,"Korean Beef Bowl",Asian,17.95
2549,1129,2023-01-19,"7:00:20 PM",109,109,"Korean Beef Bowl",Asian,17.95
2625,1155,2023-01-20,"1:05:11 PM",109,109,"Korean Beef Bowl",Asian,17.95
2680,1185,2023-01-20,"7:10:26 PM",109,109,"Korean Beef Bowl",Asian,17.95
2712,1204,2023-01-21,"12:23:38 PM",109,109,"Korean Beef Bowl",Asian,17.95
2719,1206,2023-01-21,"12:38:38 PM",109,109,"Korean Beef Bowl",Asian,17.95
2773,1227,2023-01-21,"4:20:21 PM",109,109,"Korean Beef Bowl",Asian,17.95
2776,1229,2023-01-21,"4:28:19 PM",109,109,"Korean Beef Bowl",Asian,17.95
2791,1234,2023-01-21,"5:36:59 PM",109,109,"Korean Beef Bowl",Asian,17.95
2826,1247,2023-01-21,"7:54:37 PM",109,109,"Korean Beef Bowl",Asian,17.95
2860,1265,2023-01-22,"12:59:26 PM",109,109,"Korean Beef Bowl",Asian,17.95
2872,1268,2023-01-22,"1:01:39 PM",109,109,"Korean Beef Bowl",Asian,17.95
2890,1274,2023-01-22,"1:24:14 PM",109,109,"Korean Beef Bowl",Asian,17.95
2915,1284,2023-01-22,"3:53:38 PM",109,109,"Korean Beef Bowl",Asian,17.95
2918,1286,2023-01-22,"4:29:13 PM",109,109,"Korean Beef Bowl",Asian,17.95
2933,1292,2023-01-22,"5:35:48 PM",109,109,"Korean Beef Bowl",Asian,17.95
2935,1294,2023-01-22,"5:43:01 PM",109,109,"Korean Beef Bowl",Asian,17.95
2958,1302,2023-01-22,"6:44:04 PM",109,109,"Korean Beef Bowl",Asian,17.95
2959,1302,2023-01-22,"6:44:04 PM",109,109,"Korean Beef Bowl",Asian,17.95
2997,1323,2023-01-23,"11:45:37 AM",109,109,"Korean Beef Bowl",Asian,17.95
2998,1323,2023-01-23,"11:45:37 AM",109,109,"Korean Beef Bowl",Asian,17.95
3052,1347,2023-01-23,"3:32:59 PM",109,109,"Korean Beef Bowl",Asian,17.95
3066,1355,2023-01-23,"4:30:25 PM",109,109,"Korean Beef Bowl",Asian,17.95
3104,1374,2023-01-23,"7:06:56 PM",109,109,"Korean Beef Bowl",Asian,17.95
3125,1382,2023-01-23,"8:11:35 PM",109,109,"Korean Beef Bowl",Asian,17.95
3149,1394,2023-01-24,"1:25:55 PM",109,109,"Korean Beef Bowl",Asian,17.95
3154,1398,2023-01-24,"2:04:36 PM",109,109,"Korean Beef Bowl",Asian,17.95
3166,1402,2023-01-24,"2:23:57 PM",109,109,"Korean Beef Bowl",Asian,17.95
3187,1413,2023-01-24,"4:48:03 PM",109,109,"Korean Beef Bowl",Asian,17.95
3278,1451,2023-01-24,"9:23:59 PM",109,109,"Korean Beef Bowl",Asian,17.95
3286,1454,2023-01-25,"12:27:51 PM",109,109,"Korean Beef Bowl",Asian,17.95
3288,1455,2023-01-25,"1:30:03 PM",109,109,"Korean Beef Bowl",Asian,17.95
3315,1465,2023-01-25,"2:45:05 PM",109,109,"Korean Beef Bowl",Asian,17.95
3372,1492,2023-01-25,"8:46:56 PM",109,109,"Korean Beef Bowl",Asian,17.95
3387,1499,2023-01-26,"11:33:33 AM",109,109,"Korean Beef Bowl",Asian,17.95
3436,1521,2023-01-26,"2:32:57 PM",109,109,"Korean Beef Bowl",Asian,17.95
3453,1531,2023-01-26,"3:58:50 PM",109,109,"Korean Beef Bowl",Asian,17.95
3486,1545,2023-01-26,"7:33:23 PM",109,109,"Korean Beef Bowl",Asian,17.95
3504,1557,2023-01-27,"12:21:21 PM",109,109,"Korean Beef Bowl",Asian,17.95
3507,1559,2023-01-27,"12:34:12 PM",109,109,"Korean Beef Bowl",Asian,17.95
3515,1564,2023-01-27,"1:05:50 PM",109,109,"Korean Beef Bowl",Asian,17.95
3523,1567,2023-01-27,"1:31:08 PM",109,109,"Korean Beef Bowl",Asian,17.95
3532,1569,2023-01-27,"1:38:50 PM",109,109,"Korean Beef Bowl",Asian,17.95
3566,1582,2023-01-27,"4:34:55 PM",109,109,"Korean Beef Bowl",Asian,17.95
3614,1603,2023-01-27,"7:16:45 PM",109,109,"Korean Beef Bowl",Asian,17.95
3622,1607,2023-01-27,"8:09:27 PM",109,109,"Korean Beef Bowl",Asian,17.95
3625,1609,2023-01-27,"8:17:48 PM",109,109,"Korean Beef Bowl",Asian,17.95
3659,1626,2023-01-28,"12:04:16 PM",109,109,"Korean Beef Bowl",Asian,17.95
3690,1639,2023-01-28,"1:37:57 PM",109,109,"Korean Beef Bowl",Asian,17.95
3691,1639,2023-01-28,"1:37:57 PM",109,109,"Korean Beef Bowl",Asian,17.95
3692,1639,2023-01-28,"1:37:57 PM",109,109,"Korean Beef Bowl",Asian,17.95
3733,1656,2023-01-28,"6:15:57 PM",109,109,"Korean Beef Bowl",Asian,17.95
3759,1668,2023-01-28,"10:28:44 PM",109,109,"Korean Beef Bowl",Asian,17.95
3771,1675,2023-01-29,"12:26:53 PM",109,109,"Korean Beef Bowl",Asian,17.95
3847,1710,2023-01-29,"6:58:20 PM",109,109,"Korean Beef Bowl",Asian,17.95
3854,1715,2023-01-29,"7:36:45 PM",109,109,"Korean Beef Bowl",Asian,17.95
3872,1725,2023-01-29,"9:27:53 PM",109,109,"Korean Beef Bowl",Asian,17.95
3881,1730,2023-01-30,"11:39:14 AM",109,109,"Korean Beef Bowl",Asian,17.95
3908,1738,2023-01-30,"1:46:49 PM",109,109,"Korean Beef Bowl",Asian,17.95
3943,1755,2023-01-30,"5:22:31 PM",109,109,"Korean Beef Bowl",Asian,17.95
3969,1769,2023-01-30,"7:28:51 PM",109,109,"Korean Beef Bowl",Asian,17.95
3985,1778,2023-01-30,"8:26:02 PM",109,109,"Korean Beef Bowl",Asian,17.95
4057,1805,2023-01-31,"4:01:42 PM",109,109,"Korean Beef Bowl",Asian,17.95
4059,1806,2023-01-31,"4:02:17 PM",109,109,"Korean Beef Bowl",Asian,17.95
4071,1811,2023-01-31,"4:23:44 PM",109,109,"Korean Beef Bowl",Asian,17.95
4081,1815,2023-01-31,"5:33:56 PM",109,109,"Korean Beef Bowl",Asian,17.95
4084,1816,2023-01-31,"5:59:29 PM",109,109,"Korean Beef Bowl",Asian,17.95
4129,1835,2023-01-31,"8:28:11 PM",109,109,"Korean Beef Bowl",Asian,17.95
4143,1840,2023-01-31,"9:01:00 PM",109,109,"Korean Beef Bowl",Asian,17.95
4164,1850,2023-02-01,"11:44:12 AM",109,109,"Korean Beef Bowl",Asian,17.95
4241,1883,2023-02-01,"4:25:39 PM",109,109,"Korean Beef Bowl",Asian,17.95
4244,1884,2023-02-01,"4:34:15 PM",109,109,"Korean Beef Bowl",Asian,17.95
4267,1892,2023-02-01,"5:11:28 PM",109,109,"Korean Beef Bowl",Asian,17.95
4283,1900,2023-02-01,"5:42:49 PM",109,109,"Korean Beef Bowl",Asian,17.95
4338,1929,2023-02-01,"10:08:01 PM",109,109,"Korean Beef Bowl",Asian,17.95
4352,1936,2023-02-02,"11:34:50 AM",109,109,"Korean Beef Bowl",Asian,17.95
4362,1943,2023-02-02,"12:40:35 PM",109,109,"Korean Beef Bowl",Asian,17.95
4418,1965,2023-02-02,"4:10:04 PM",109,109,"Korean Beef Bowl",Asian,17.95
4424,1967,2023-02-02,"4:41:43 PM",109,109,"Korean Beef Bowl",Asian,17.95
4431,1969,2023-02-02,"5:10:43 PM",109,109,"Korean Beef Bowl",Asian,17.95
4453,1981,2023-02-02,"7:10:40 PM",109,109,"Korean Beef Bowl",Asian,17.95
4475,1990,2023-02-02,"9:22:35 PM",109,109,"Korean Beef Bowl",Asian,17.95
4481,1994,2023-02-02,"10:08:10 PM",109,109,"Korean Beef Bowl",Asian,17.95
4531,2006,2023-02-03,"12:35:28 PM",109,109,"Korean Beef Bowl",Asian,17.95
4551,2015,2023-02-03,"1:23:49 PM",109,109,"Korean Beef Bowl",Asian,17.95
4659,2066,2023-02-04,"12:44:20 PM",109,109,"Korean Beef Bowl",Asian,17.95
4660,2066,2023-02-04,"12:44:20 PM",109,109,"Korean Beef Bowl",Asian,17.95
4672,2073,2023-02-04,"1:35:51 PM",109,109,"Korean Beef Bowl",Asian,17.95
4673,2073,2023-02-04,"1:35:51 PM",109,109,"Korean Beef Bowl",Asian,17.95
4680,2074,2023-02-04,"1:41:08 PM",109,109,"Korean Beef Bowl",Asian,17.95
4711,2086,2023-02-04,"4:38:50 PM",109,109,"Korean Beef Bowl",Asian,17.95
4723,2092,2023-02-04,"5:31:43 PM",109,109,"Korean Beef Bowl",Asian,17.95
4727,2094,2023-02-04,"5:35:45 PM",109,109,"Korean Beef Bowl",Asian,17.95
4777,2115,2023-02-05,"11:15:19 AM",109,109,"Korean Beef Bowl",Asian,17.95
4796,2125,2023-02-05,"1:06:10 PM",109,109,"Korean Beef Bowl",Asian,17.95
4802,2126,2023-02-05,"1:31:29 PM",109,109,"Korean Beef Bowl",Asian,17.95
4814,2129,2023-02-05,"1:48:38 PM",109,109,"Korean Beef Bowl",Asian,17.95
4820,2132,2023-02-05,"2:18:04 PM",109,109,"Korean Beef Bowl",Asian,17.95
4835,2137,2023-02-05,"3:00:15 PM",109,109,"Korean Beef Bowl",Asian,17.95
4836,2138,2023-02-05,"3:08:13 PM",109,109,"Korean Beef Bowl",Asian,17.95
4865,2153,2023-02-05,"6:38:01 PM",109,109,"Korean Beef Bowl",Asian,17.95
4881,2159,2023-02-05,"7:55:12 PM",109,109,"Korean Beef Bowl",Asian,17.95
4912,2178,2023-02-06,"11:32:25 AM",109,109,"Korean Beef Bowl",Asian,17.95
4922,2182,2023-02-06,"12:22:30 PM",109,109,"Korean Beef Bowl",Asian,17.95
4944,2188,2023-02-06,"1:13:33 PM",109,109,"Korean Beef Bowl",Asian,17.95
4945,2188,2023-02-06,"1:13:33 PM",109,109,"Korean Beef Bowl",Asian,17.95
4963,2193,2023-02-06,"1:21:21 PM",109,109,"Korean Beef Bowl",Asian,17.95
4972,2197,2023-02-06,"2:01:18 PM",109,109,"Korean Beef Bowl",Asian,17.95
4995,2208,2023-02-06,"5:10:44 PM",109,109,"Korean Beef Bowl",Asian,17.95
5007,2215,2023-02-06,"6:07:53 PM",109,109,"Korean Beef Bowl",Asian,17.95
5036,2229,2023-02-06,"8:16:54 PM",109,109,"Korean Beef Bowl",Asian,17.95
5043,2233,2023-02-06,"9:07:01 PM",109,109,"Korean Beef Bowl",Asian,17.95
5054,2237,2023-02-06,"9:37:09 PM",109,109,"Korean Beef Bowl",Asian,17.95
5060,2241,2023-02-07,"11:40:43 AM",109,109,"Korean Beef Bowl",Asian,17.95
5118,2265,2023-02-07,"5:05:42 PM",109,109,"Korean Beef Bowl",Asian,17.95
5139,2275,2023-02-07,"6:42:49 PM",109,109,"Korean Beef Bowl",Asian,17.95
5220,2312,2023-02-08,"2:10:27 PM",109,109,"Korean Beef Bowl",Asian,17.95
5224,2313,2023-02-08,"2:12:59 PM",109,109,"Korean Beef Bowl",Asian,17.95
5232,2316,2023-02-08,"2:37:47 PM",109,109,"Korean Beef Bowl",Asian,17.95
5250,2326,2023-02-08,"4:28:40 PM",109,109,"Korean Beef Bowl",Asian,17.95
5256,2329,2023-02-08,"5:19:00 PM",109,109,"Korean Beef Bowl",Asian,17.95
5278,2337,2023-02-08,"6:50:18 PM",109,109,"Korean Beef Bowl",Asian,17.95
5291,2344,2023-02-08,"8:20:37 PM",109,109,"Korean Beef Bowl",Asian,17.95
5306,2351,2023-02-08,"9:52:14 PM",109,109,"Korean Beef Bowl",Asian,17.95
5334,2364,2023-02-09,"12:52:36 PM",109,109,"Korean Beef Bowl",Asian,17.95
5342,2365,2023-02-09,"1:02:33 PM",109,109,"Korean Beef Bowl",Asian,17.95
5380,2377,2023-02-09,"3:26:16 PM",109,109,"Korean Beef Bowl",Asian,17.95
5396,2383,2023-02-09,"5:12:03 PM",109,109,"Korean Beef Bowl",Asian,17.95
5400,2386,2023-02-09,"5:36:17 PM",109,109,"Korean Beef Bowl",Asian,17.95
5430,2399,2023-02-09,"7:00:56 PM",109,109,"Korean Beef Bowl",Asian,17.95
5439,2403,2023-02-09,"7:54:24 PM",109,109,"Korean Beef Bowl",Asian,17.95
5442,2404,2023-02-09,"8:09:44 PM",109,109,"Korean Beef Bowl",Asian,17.95
5478,2423,2023-02-10,"1:04:06 PM",109,109,"Korean Beef Bowl",Asian,17.95
5583,2471,2023-02-11,"11:48:07 AM",109,109,"Korean Beef Bowl",Asian,17.95
5590,2476,2023-02-11,"12:11:27 PM",109,109,"Korean Beef Bowl",Asian,17.95
5622,2491,2023-02-11,"2:00:00 PM",109,109,"Korean Beef Bowl",Asian,17.95
5631,2495,2023-02-11,"2:50:55 PM",109,109,"Korean Beef Bowl",Asian,17.95
5658,2507,2023-02-11,"5:47:02 PM",109,109,"Korean Beef Bowl",Asian,17.95
5661,2508,2023-02-11,"5:47:30 PM",109,109,"Korean Beef Bowl",Asian,17.95
5664,2511,2023-02-11,"6:00:12 PM",109,109,"Korean Beef Bowl",Asian,17.95
5668,2512,2023-02-11,"6:02:54 PM",109,109,"Korean Beef Bowl",Asian,17.95
5672,2514,2023-02-11,"6:25:46 PM",109,109,"Korean Beef Bowl",Asian,17.95
5711,2529,2023-02-11,"8:06:11 PM",109,109,"Korean Beef Bowl",Asian,17.95
5719,2532,2023-02-11,"8:33:15 PM",109,109,"Korean Beef Bowl",Asian,17.95
5731,2540,2023-02-12,"11:48:50 AM",109,109,"Korean Beef Bowl",Asian,17.95
5748,2547,2023-02-12,"12:45:49 PM",109,109,"Korean Beef Bowl",Asian,17.95
5763,2551,2023-02-12,"1:28:21 PM",109,109,"Korean Beef Bowl",Asian,17.95
5776,2558,2023-02-12,"2:20:14 PM",109,109,"Korean Beef Bowl",Asian,17.95
5790,2565,2023-02-12,"3:04:49 PM",109,109,"Korean Beef Bowl",Asian,17.95
5800,2570,2023-02-12,"3:54:49 PM",109,109,"Korean Beef Bowl",Asian,17.95
5824,2581,2023-02-12,"5:56:55 PM",109,109,"Korean Beef Bowl",Asian,17.95
5827,2584,2023-02-12,"6:25:21 PM",109,109,"Korean Beef Bowl",Asian,17.95
5884,2609,2023-02-13,"1:12:42 PM",109,109,"Korean Beef Bowl",Asian,17.95
5920,2625,2023-02-13,"4:23:52 PM",109,109,"Korean Beef Bowl",Asian,17.95
5963,2642,2023-02-13,"8:02:53 PM",109,109,"Korean Beef Bowl",Asian,17.95
5964,2643,2023-02-13,"8:08:34 PM",109,109,"Korean Beef Bowl",Asian,17.95
5967,2644,2023-02-13,"8:22:27 PM",109,109,"Korean Beef Bowl",Asian,17.95
5979,2649,2023-02-13,"8:52:50 PM",109,109,"Korean Beef Bowl",Asian,17.95
5987,2652,2023-02-13,"9:00:56 PM",109,109,"Korean Beef Bowl",Asian,17.95
6066,2692,2023-02-14,"5:55:07 PM",109,109,"Korean Beef Bowl",Asian,17.95
6075,2696,2023-02-14,"6:32:58 PM",109,109,"Korean Beef Bowl",Asian,17.95
6078,2697,2023-02-14,"6:43:18 PM",109,109,"Korean Beef Bowl",Asian,17.95
6109,2708,2023-02-14,"7:40:04 PM",109,109,"Korean Beef Bowl",Asian,17.95
6147,2722,2023-02-14,"10:52:37 PM",109,109,"Korean Beef Bowl",Asian,17.95
6156,2725,2023-02-15,"11:52:00 AM",109,109,"Korean Beef Bowl",Asian,17.95
6210,2750,2023-02-15,"5:26:04 PM",109,109,"Korean Beef Bowl",Asian,17.95
6211,2750,2023-02-15,"5:26:04 PM",109,109,"Korean Beef Bowl",Asian,17.95
6282,2781,2023-02-16,"11:47:04 AM",109,109,"Korean Beef Bowl",Asian,17.95
6302,2786,2023-02-16,"12:18:19 PM",109,109,"Korean Beef Bowl",Asian,17.95
6316,2791,2023-02-16,"12:53:24 PM",109,109,"Korean Beef Bowl",Asian,17.95
6326,2795,2023-02-16,"1:44:29 PM",109,109,"Korean Beef Bowl",Asian,17.95
6333,2799,2023-02-16,"2:47:20 PM",109,109,"Korean Beef Bowl",Asian,17.95
6339,2802,2023-02-16,"4:01:31 PM",109,109,"Korean Beef Bowl",Asian,17.95
6345,2805,2023-02-16,"4:57:14 PM",109,109,"Korean Beef Bowl",Asian,17.95
6348,2807,2023-02-16,"5:13:02 PM",109,109,"Korean Beef Bowl",Asian,17.95
6378,2819,2023-02-16,"7:26:51 PM",109,109,"Korean Beef Bowl",Asian,17.95
6389,2825,2023-02-16,"8:46:23 PM",109,109,"Korean Beef Bowl",Asian,17.95
6393,2826,2023-02-16,"10:40:27 PM",109,109,"Korean Beef Bowl",Asian,17.95
6414,2840,2023-02-17,"1:21:27 PM",109,109,"Korean Beef Bowl",Asian,17.95
6429,2847,2023-02-17,"2:00:42 PM",109,109,"Korean Beef Bowl",Asian,17.95
6443,2851,2023-02-17,"2:23:26 PM",109,109,"Korean Beef Bowl",Asian,17.95
6476,2866,2023-02-17,"5:36:11 PM",109,109,"Korean Beef Bowl",Asian,17.95
6477,2866,2023-02-17,"5:36:11 PM",109,109,"Korean Beef Bowl",Asian,17.95
6482,2870,2023-02-17,"6:09:41 PM",109,109,"Korean Beef Bowl",Asian,17.95
6489,2874,2023-02-17,"7:03:32 PM",109,109,"Korean Beef Bowl",Asian,17.95
6498,2877,2023-02-17,"7:57:06 PM",109,109,"Korean Beef Bowl",Asian,17.95
6517,2884,2023-02-17,"10:06:26 PM",109,109,"Korean Beef Bowl",Asian,17.95
6531,2892,2023-02-18,"11:41:20 AM",109,109,"Korean Beef Bowl",Asian,17.95
6543,2895,2023-02-18,"12:06:59 PM",109,109,"Korean Beef Bowl",Asian,17.95
6552,2897,2023-02-18,"12:25:17 PM",109,109,"Korean Beef Bowl",Asian,17.95
6565,2904,2023-02-18,"1:20:44 PM",109,109,"Korean Beef Bowl",Asian,17.95
6580,2910,2023-02-18,"2:32:22 PM",109,109,"Korean Beef Bowl",Asian,17.95
6593,2916,2023-02-18,"4:50:00 PM",109,109,"Korean Beef Bowl",Asian,17.95
6605,2920,2023-02-18,"5:08:04 PM",109,109,"Korean Beef Bowl",Asian,17.95
6638,2933,2023-02-18,"6:50:39 PM",109,109,"Korean Beef Bowl",Asian,17.95
6642,2934,2023-02-18,"7:00:00 PM",109,109,"Korean Beef Bowl",Asian,17.95
6662,2942,2023-02-18,"8:34:26 PM",109,109,"Korean Beef Bowl",Asian,17.95
6672,2945,2023-02-18,"9:30:26 PM",109,109,"Korean Beef Bowl",Asian,17.95
6702,2958,2023-02-19,"12:56:06 PM",109,109,"Korean Beef Bowl",Asian,17.95
6706,2959,2023-02-19,"1:01:24 PM",109,109,"Korean Beef Bowl",Asian,17.95
6712,2961,2023-02-19,"1:13:54 PM",109,109,"Korean Beef Bowl",Asian,17.95
6723,2963,2023-02-19,"1:22:56 PM",109,109,"Korean Beef Bowl",Asian,17.95
6745,2976,2023-02-19,"3:29:10 PM",109,109,"Korean Beef Bowl",Asian,17.95
6759,2984,2023-02-19,"5:36:12 PM",109,109,"Korean Beef Bowl",Asian,17.95
6777,2993,2023-02-19,"6:49:06 PM",109,109,"Korean Beef Bowl",Asian,17.95
6817,3010,2023-02-20,"12:26:16 PM",109,109,"Korean Beef Bowl",Asian,17.95
6825,3014,2023-02-20,"12:58:29 PM",109,109,"Korean Beef Bowl",Asian,17.95
6883,3037,2023-02-20,"3:16:15 PM",109,109,"Korean Beef Bowl",Asian,17.95
6899,3043,2023-02-20,"4:46:25 PM",109,109,"Korean Beef Bowl",Asian,17.95
6930,3058,2023-02-20,"7:19:17 PM",109,109,"Korean Beef Bowl",Asian,17.95
6957,3071,2023-02-20,"9:14:34 PM",109,109,"Korean Beef Bowl",Asian,17.95
6984,3082,2023-02-21,"12:37:30 PM",109,109,"Korean Beef Bowl",Asian,17.95
7006,3090,2023-02-21,"2:03:29 PM",109,109,"Korean Beef Bowl",Asian,17.95
7013,3093,2023-02-21,"3:07:39 PM",109,109,"Korean Beef Bowl",Asian,17.95
7081,3125,2023-02-21,"8:12:37 PM",109,109,"Korean Beef Bowl",Asian,17.95
7087,3128,2023-02-21,"9:45:43 PM",109,109,"Korean Beef Bowl",Asian,17.95
7102,3136,2023-02-22,"12:39:19 PM",109,109,"Korean Beef Bowl",Asian,17.95
7133,3145,2023-02-22,"3:41:07 PM",109,109,"Korean Beef Bowl",Asian,17.95
7162,3158,2023-02-22,"7:35:02 PM",109,109,"Korean Beef Bowl",Asian,17.95
7186,3169,2023-02-22,"9:50:42 PM",109,109,"Korean Beef Bowl",Asian,17.95
7198,3175,2023-02-23,"12:10:43 PM",109,109,"Korean Beef Bowl",Asian,17.95
7237,3189,2023-02-23,"1:59:04 PM",109,109,"Korean Beef Bowl",Asian,17.95
7260,3200,2023-02-23,"5:16:39 PM",109,109,"Korean Beef Bowl",Asian,17.95
7282,3207,2023-02-23,"5:34:41 PM",109,109,"Korean Beef Bowl",Asian,17.95
7307,3220,2023-02-23,"8:33:37 PM",109,109,"Korean Beef Bowl",Asian,17.95
7309,3222,2023-02-23,"9:19:27 PM",109,109,"Korean Beef Bowl",Asian,17.95
7324,3228,2023-02-24,"12:08:42 PM",109,109,"Korean Beef Bowl",Asian,17.95
7343,3234,2023-02-24,"12:34:37 PM",109,109,"Korean Beef Bowl",Asian,17.95
7373,3249,2023-02-24,"3:18:55 PM",109,109,"Korean Beef Bowl",Asian,17.95
7376,3250,2023-02-24,"4:09:29 PM",109,109,"Korean Beef Bowl",Asian,17.95
7382,3254,2023-02-24,"4:39:08 PM",109,109,"Korean Beef Bowl",Asian,17.95
7395,3258,2023-02-24,"5:40:49 PM",109,109,"Korean Beef Bowl",Asian,17.95
7419,3269,2023-02-24,"7:26:01 PM",109,109,"Korean Beef Bowl",Asian,17.95
7431,3276,2023-02-24,"8:46:55 PM",109,109,"Korean Beef Bowl",Asian,17.95
7435,3278,2023-02-24,"9:03:42 PM",109,109,"Korean Beef Bowl",Asian,17.95
7450,3284,2023-02-25,"11:37:52 AM",109,109,"Korean Beef Bowl",Asian,17.95
7495,3300,2023-02-25,"1:10:46 PM",109,109,"Korean Beef Bowl",Asian,17.95
7503,3304,2023-02-25,"1:36:09 PM",109,109,"Korean Beef Bowl",Asian,17.95
7606,3354,2023-02-26,"12:58:00 PM",109,109,"Korean Beef Bowl",Asian,17.95
7609,3355,2023-02-26,"1:04:26 PM",109,109,"Korean Beef Bowl",Asian,17.95
7628,3362,2023-02-26,"1:50:14 PM",109,109,"Korean Beef Bowl",Asian,17.95
7652,3369,2023-02-26,"3:22:08 PM",109,109,"Korean Beef Bowl",Asian,17.95
7662,3372,2023-02-26,"3:58:38 PM",109,109,"Korean Beef Bowl",Asian,17.95
7683,3384,2023-02-26,"5:37:19 PM",109,109,"Korean Beef Bowl",Asian,17.95
7687,3385,2023-02-26,"5:45:02 PM",109,109,"Korean Beef Bowl",Asian,17.95
7694,3388,2023-02-26,"5:53:56 PM",109,109,"Korean Beef Bowl",Asian,17.95
7708,3394,2023-02-26,"7:03:13 PM",109,109,"Korean Beef Bowl",Asian,17.95
7714,3397,2023-02-26,"7:25:04 PM",109,109,"Korean Beef Bowl",Asian,17.95
7720,3399,2023-02-26,"8:22:43 PM",109,109,"Korean Beef Bowl",Asian,17.95
7749,3412,2023-02-27,"12:40:41 PM",109,109,"Korean Beef Bowl",Asian,17.95
7768,3418,2023-02-27,"1:07:39 PM",109,109,"Korean Beef Bowl",Asian,17.95
7786,3424,2023-02-27,"2:14:57 PM",109,109,"Korean Beef Bowl",Asian,17.95
7839,3447,2023-02-27,"6:14:22 PM",109,109,"Korean Beef Bowl",Asian,17.95
7886,3465,2023-02-27,"8:23:35 PM",109,109,"Korean Beef Bowl",Asian,17.95
7903,3473,2023-02-28,"11:49:43 AM",109,109,"Korean Beef Bowl",Asian,17.95
7952,3494,2023-02-28,"4:34:35 PM",109,109,"Korean Beef Bowl",Asian,17.95
7958,3496,2023-02-28,"5:01:57 PM",109,109,"Korean Beef Bowl",Asian,17.95
7963,3499,2023-02-28,"5:28:45 PM",109,109,"Korean Beef Bowl",Asian,17.95
7977,3503,2023-02-28,"6:15:31 PM",109,109,"Korean Beef Bowl",Asian,17.95
7993,3509,2023-02-28,"7:05:49 PM",109,109,"Korean Beef Bowl",Asian,17.95
8011,3516,2023-02-28,"8:05:17 PM",109,109,"Korean Beef Bowl",Asian,17.95
8027,3522,2023-02-28,"9:03:34 PM",109,109,"Korean Beef Bowl",Asian,17.95
8036,3526,2023-02-28,"9:28:39 PM",109,109,"Korean Beef Bowl",Asian,17.95
8060,3537,2023-03-01,"12:52:52 PM",109,109,"Korean Beef Bowl",Asian,17.95
8063,3538,2023-03-01,"1:25:47 PM",109,109,"Korean Beef Bowl",Asian,17.95
8080,3546,2023-03-01,"3:20:14 PM",109,109,"Korean Beef Bowl",Asian,17.95
8101,3555,2023-03-01,"5:48:53 PM",109,109,"Korean Beef Bowl",Asian,17.95
8123,3566,2023-03-01,"7:14:27 PM",109,109,"Korean Beef Bowl",Asian,17.95
8138,3574,2023-03-01,"8:49:00 PM",109,109,"Korean Beef Bowl",Asian,17.95
8177,3589,2023-03-02,"12:46:49 PM",109,109,"Korean Beef Bowl",Asian,17.95
8183,3590,2023-03-02,"12:50:05 PM",109,109,"Korean Beef Bowl",Asian,17.95
8202,3601,2023-03-02,"2:04:41 PM",109,109,"Korean Beef Bowl",Asian,17.95
8208,3605,2023-03-02,"3:27:51 PM",109,109,"Korean Beef Bowl",Asian,17.95
8246,3622,2023-03-02,"6:06:22 PM",109,109,"Korean Beef Bowl",Asian,17.95
8273,3633,2023-03-02,"9:03:49 PM",109,109,"Korean Beef Bowl",Asian,17.95
8285,3637,2023-03-02,"10:21:24 PM",109,109,"Korean Beef Bowl",Asian,17.95
8292,3642,2023-03-03,"12:24:18 PM",109,109,"Korean Beef Bowl",Asian,17.95
8298,3644,2023-03-03,"12:48:47 PM",109,109,"Korean Beef Bowl",Asian,17.95
8304,3648,2023-03-03,"1:05:06 PM",109,109,"Korean Beef Bowl",Asian,17.95
8311,3650,2023-03-03,"1:13:33 PM",109,109,"Korean Beef Bowl",Asian,17.95
8324,3654,2023-03-03,"1:38:34 PM",109,109,"Korean Beef Bowl",Asian,17.95
8325,3654,2023-03-03,"1:38:34 PM",109,109,"Korean Beef Bowl",Asian,17.95
8340,3659,2023-03-03,"2:03:25 PM",109,109,"Korean Beef Bowl",Asian,17.95
8351,3660,2023-03-03,"2:08:53 PM",109,109,"Korean Beef Bowl",Asian,17.95
8371,3668,2023-03-03,"5:06:11 PM",109,109,"Korean Beef Bowl",Asian,17.95
8387,3675,2023-03-03,"6:18:27 PM",109,109,"Korean Beef Bowl",Asian,17.95
8399,3681,2023-03-03,"7:11:50 PM",109,109,"Korean Beef Bowl",Asian,17.95
8425,3692,2023-03-04,"11:31:04 AM",109,109,"Korean Beef Bowl",Asian,17.95
8433,3696,2023-03-04,"12:07:09 PM",109,109,"Korean Beef Bowl",Asian,17.95
8456,3704,2023-03-04,"1:06:24 PM",109,109,"Korean Beef Bowl",Asian,17.95
8463,3707,2023-03-04,"1:20:21 PM",109,109,"Korean Beef Bowl",Asian,17.95
8481,3713,2023-03-04,"2:45:20 PM",109,109,"Korean Beef Bowl",Asian,17.95
8483,3714,2023-03-04,"2:47:48 PM",109,109,"Korean Beef Bowl",Asian,17.95
8487,3716,2023-03-04,"2:57:58 PM",109,109,"Korean Beef Bowl",Asian,17.95
8560,3749,2023-03-04,"9:02:21 PM",109,109,"Korean Beef Bowl",Asian,17.95
8570,3753,2023-03-05,"12:01:47 PM",109,109,"Korean Beef Bowl",Asian,17.95
8572,3754,2023-03-05,"12:05:20 PM",109,109,"Korean Beef Bowl",Asian,17.95
8583,3762,2023-03-05,"1:03:52 PM",109,109,"Korean Beef Bowl",Asian,17.95
8608,3774,2023-03-05,"1:47:15 PM",109,109,"Korean Beef Bowl",Asian,17.95
8617,3776,2023-03-05,"1:59:08 PM",109,109,"Korean Beef Bowl",Asian,17.95
8621,3777,2023-03-05,"2:05:21 PM",109,109,"Korean Beef Bowl",Asian,17.95
8626,3780,2023-03-05,"2:39:18 PM",109,109,"Korean Beef Bowl",Asian,17.95
8636,3783,2023-03-05,"3:31:22 PM",109,109,"Korean Beef Bowl",Asian,17.95
8641,3786,2023-03-05,"3:48:08 PM",109,109,"Korean Beef Bowl",Asian,17.95
8675,3800,2023-03-05,"5:30:54 PM",109,109,"Korean Beef Bowl",Asian,17.95
8684,3803,2023-03-05,"6:05:39 PM",109,109,"Korean Beef Bowl",Asian,17.95
8718,3821,2023-03-06,"12:29:52 PM",109,109,"Korean Beef Bowl",Asian,17.95
8743,3830,2023-03-06,"1:09:50 PM",109,109,"Korean Beef Bowl",Asian,17.95
8749,3834,2023-03-06,"1:48:02 PM",109,109,"Korean Beef Bowl",Asian,17.95
8771,3847,2023-03-06,"4:47:39 PM",109,109,"Korean Beef Bowl",Asian,17.95
8779,3852,2023-03-06,"5:27:18 PM",109,109,"Korean Beef Bowl",Asian,17.95
8794,3858,2023-03-06,"6:42:52 PM",109,109,"Korean Beef Bowl",Asian,17.95
8813,3865,2023-03-06,"7:58:48 PM",109,109,"Korean Beef Bowl",Asian,17.95
8846,3878,2023-03-06,"10:23:06 PM",109,109,"Korean Beef Bowl",Asian,17.95
8855,3884,2023-03-07,"11:52:36 AM",109,109,"Korean Beef Bowl",Asian,17.95
8888,3895,2023-03-07,"4:08:09 PM",109,109,"Korean Beef Bowl",Asian,17.95
8913,3905,2023-03-07,"5:39:40 PM",109,109,"Korean Beef Bowl",Asian,17.95
8928,3913,2023-03-07,"6:45:53 PM",109,109,"Korean Beef Bowl",Asian,17.95
8939,3917,2023-03-07,"7:31:49 PM",109,109,"Korean Beef Bowl",Asian,17.95
8980,3935,2023-03-07,"10:42:37 PM",109,109,"Korean Beef Bowl",Asian,17.95
8987,3938,2023-03-08,"11:50:19 AM",109,109,"Korean Beef Bowl",Asian,17.95
9012,3946,2023-03-08,"1:16:01 PM",109,109,"Korean Beef Bowl",Asian,17.95
9019,3951,2023-03-08,"2:14:25 PM",109,109,"Korean Beef Bowl",Asian,17.95
9027,3957,2023-03-08,"3:02:47 PM",109,109,"Korean Beef Bowl",Asian,17.95
9036,3963,2023-03-08,"3:59:35 PM",109,109,"Korean Beef Bowl",Asian,17.95
9043,3966,2023-03-08,"4:32:58 PM",109,109,"Korean Beef Bowl",Asian,17.95
9074,3978,2023-03-08,"5:55:21 PM",109,109,"Korean Beef Bowl",Asian,17.95
9077,3979,2023-03-08,"6:11:37 PM",109,109,"Korean Beef Bowl",Asian,17.95
9083,3984,2023-03-08,"6:28:07 PM",109,109,"Korean Beef Bowl",Asian,17.95
9172,4017,2023-03-09,"2:20:15 PM",109,109,"Korean Beef Bowl",Asian,17.95
9174,4019,2023-03-09,"2:55:28 PM",109,109,"Korean Beef Bowl",Asian,17.95
9202,4031,2023-03-09,"5:26:17 PM",109,109,"Korean Beef Bowl",Asian,17.95
9206,4034,2023-03-09,"5:48:17 PM",109,109,"Korean Beef Bowl",Asian,17.95
9234,4046,2023-03-09,"7:19:40 PM",109,109,"Korean Beef Bowl",Asian,17.95
9238,4048,2023-03-09,"7:42:52 PM",109,109,"Korean Beef Bowl",Asian,17.95
9256,4056,2023-03-10,"11:25:36 AM",109,109,"Korean Beef Bowl",Asian,17.95
9260,4057,2023-03-10,"11:28:54 AM",109,109,"Korean Beef Bowl",Asian,17.95
9271,4063,2023-03-10,"12:34:52 PM",109,109,"Korean Beef Bowl",Asian,17.95
9276,4064,2023-03-10,"12:39:50 PM",109,109,"Korean Beef Bowl",Asian,17.95
9307,4077,2023-03-10,"1:55:11 PM",109,109,"Korean Beef Bowl",Asian,17.95
9315,4078,2023-03-10,"2:06:41 PM",109,109,"Korean Beef Bowl",Asian,17.95
9354,4097,2023-03-10,"5:57:38 PM",109,109,"Korean Beef Bowl",Asian,17.95
9357,4098,2023-03-10,"6:20:47 PM",109,109,"Korean Beef Bowl",Asian,17.95
9361,4100,2023-03-10,"6:30:06 PM",109,109,"Korean Beef Bowl",Asian,17.95
9406,4121,2023-03-11,"12:37:36 PM",109,109,"Korean Beef Bowl",Asian,17.95
9417,4123,2023-03-11,"12:53:38 PM",109,109,"Korean Beef Bowl",Asian,17.95
9483,4152,2023-03-11,"4:51:16 PM",109,109,"Korean Beef Bowl",Asian,17.95
9489,4155,2023-03-11,"5:12:58 PM",109,109,"Korean Beef Bowl",Asian,17.95
9492,4157,2023-03-11,"5:29:31 PM",109,109,"Korean Beef Bowl",Asian,17.95
9536,4180,2023-03-12,"12:00:07 PM",109,109,"Korean Beef Bowl",Asian,17.95
9592,4203,2023-03-12,"4:06:48 PM",109,109,"Korean Beef Bowl",Asian,17.95
9593,4203,2023-03-12,"4:06:48 PM",109,109,"Korean Beef Bowl",Asian,17.95
9653,4232,2023-03-13,"12:22:05 PM",109,109,"Korean Beef Bowl",Asian,17.95
9654,4232,2023-03-13,"12:22:05 PM",109,109,"Korean Beef Bowl",Asian,17.95
9669,4235,2023-03-13,"12:43:20 PM",109,109,"Korean Beef Bowl",Asian,17.95
9674,4236,2023-03-13,"12:46:50 PM",109,109,"Korean Beef Bowl",Asian,17.95
9727,4261,2023-03-13,"5:39:14 PM",109,109,"Korean Beef Bowl",Asian,17.95
9778,4283,2023-03-13,"8:00:35 PM",109,109,"Korean Beef Bowl",Asian,17.95
9787,4287,2023-03-13,"8:22:24 PM",109,109,"Korean Beef Bowl",Asian,17.95
9849,4310,2023-03-14,"1:47:57 PM",109,109,"Korean Beef Bowl",Asian,17.95
9900,4337,2023-03-14,"6:42:43 PM",109,109,"Korean Beef Bowl",Asian,17.95
9912,4343,2023-03-14,"7:53:17 PM",109,109,"Korean Beef Bowl",Asian,17.95
9931,4351,2023-03-14,"9:05:17 PM",109,109,"Korean Beef Bowl",Asian,17.95
9946,4357,2023-03-15,"11:49:01 AM",109,109,"Korean Beef Bowl",Asian,17.95
9960,4363,2023-03-15,"1:41:43 PM",109,109,"Korean Beef Bowl",Asian,17.95
10039,4393,2023-03-15,"6:48:37 PM",109,109,"Korean Beef Bowl",Asian,17.95
10051,4397,2023-03-15,"7:49:03 PM",109,109,"Korean Beef Bowl",Asian,17.95
10060,4402,2023-03-15,"9:26:48 PM",109,109,"Korean Beef Bowl",Asian,17.95
10062,4403,2023-03-15,"10:17:47 PM",109,109,"Korean Beef Bowl",Asian,17.95
10094,4422,2023-03-16,"1:14:57 PM",109,109,"Korean Beef Bowl",Asian,17.95
10105,4423,2023-03-16,"1:25:45 PM",109,109,"Korean Beef Bowl",Asian,17.95
10106,4423,2023-03-16,"1:25:45 PM",109,109,"Korean Beef Bowl",Asian,17.95
10144,4441,2023-03-16,"4:57:19 PM",109,109,"Korean Beef Bowl",Asian,17.95
10162,4449,2023-03-16,"5:49:16 PM",109,109,"Korean Beef Bowl",Asian,17.95
10239,4482,2023-03-17,"1:57:38 PM",109,109,"Korean Beef Bowl",Asian,17.95
10262,4488,2023-03-17,"2:57:23 PM",109,109,"Korean Beef Bowl",Asian,17.95
10275,4495,2023-03-17,"4:09:57 PM",109,109,"Korean Beef Bowl",Asian,17.95
10278,4496,2023-03-17,"4:15:33 PM",109,109,"Korean Beef Bowl",Asian,17.95
10290,4501,2023-03-17,"4:48:42 PM",109,109,"Korean Beef Bowl",Asian,17.95
10299,4505,2023-03-17,"5:17:44 PM",109,109,"Korean Beef Bowl",Asian,17.95
10301,4506,2023-03-17,"5:18:34 PM",109,109,"Korean Beef Bowl",Asian,17.95
10320,4513,2023-03-17,"6:20:51 PM",109,109,"Korean Beef Bowl",Asian,17.95
10326,4516,2023-03-17,"6:59:02 PM",109,109,"Korean Beef Bowl",Asian,17.95
10355,4530,2023-03-17,"7:58:25 PM",109,109,"Korean Beef Bowl",Asian,17.95
10403,4555,2023-03-18,"1:07:53 PM",109,109,"Korean Beef Bowl",Asian,17.95
10404,4555,2023-03-18,"1:07:53 PM",109,109,"Korean Beef Bowl",Asian,17.95
10422,4563,2023-03-18,"2:03:10 PM",109,109,"Korean Beef Bowl",Asian,17.95
10438,4571,2023-03-18,"5:13:04 PM",109,109,"Korean Beef Bowl",Asian,17.95
10445,4575,2023-03-18,"5:27:18 PM",109,109,"Korean Beef Bowl",Asian,17.95
10453,4578,2023-03-18,"5:59:02 PM",109,109,"Korean Beef Bowl",Asian,17.95
10456,4580,2023-03-18,"6:11:13 PM",109,109,"Korean Beef Bowl",Asian,17.95
10457,4580,2023-03-18,"6:11:13 PM",109,109,"Korean Beef Bowl",Asian,17.95
10473,4589,2023-03-18,"7:57:35 PM",109,109,"Korean Beef Bowl",Asian,17.95
10489,4597,2023-03-18,"8:45:48 PM",109,109,"Korean Beef Bowl",Asian,17.95
10497,4602,2023-03-18,"10:28:11 PM",109,109,"Korean Beef Bowl",Asian,17.95
10528,4614,2023-03-19,"1:02:47 PM",109,109,"Korean Beef Bowl",Asian,17.95
10552,4623,2023-03-19,"2:41:44 PM",109,109,"Korean Beef Bowl",Asian,17.95
10568,4628,2023-03-19,"4:16:31 PM",109,109,"Korean Beef Bowl",Asian,17.95
10571,4629,2023-03-19,"4:24:30 PM",109,109,"Korean Beef Bowl",Asian,17.95
10575,4630,2023-03-19,"4:51:19 PM",109,109,"Korean Beef Bowl",Asian,17.95
10642,4661,2023-03-20,"11:33:30 AM",109,109,"Korean Beef Bowl",Asian,17.95
10688,4676,2023-03-20,"1:28:26 PM",109,109,"Korean Beef Bowl",Asian,17.95
10720,4695,2023-03-20,"6:04:31 PM",109,109,"Korean Beef Bowl",Asian,17.95
10739,4704,2023-03-20,"7:01:03 PM",109,109,"Korean Beef Bowl",Asian,17.95
10764,4715,2023-03-20,"8:16:44 PM",109,109,"Korean Beef Bowl",Asian,17.95
10767,4716,2023-03-20,"8:33:22 PM",109,109,"Korean Beef Bowl",Asian,17.95
10823,4736,2023-03-21,"1:35:05 PM",109,109,"Korean Beef Bowl",Asian,17.95
10837,4742,2023-03-21,"2:06:43 PM",109,109,"Korean Beef Bowl",Asian,17.95
10849,4749,2023-03-21,"2:46:54 PM",109,109,"Korean Beef Bowl",Asian,17.95
10850,4749,2023-03-21,"2:46:54 PM",109,109,"Korean Beef Bowl",Asian,17.95
10867,4759,2023-03-21,"5:08:35 PM",109,109,"Korean Beef Bowl",Asian,17.95
10878,4763,2023-03-21,"6:44:01 PM",109,109,"Korean Beef Bowl",Asian,17.95
10885,4765,2023-03-21,"6:53:49 PM",109,109,"Korean Beef Bowl",Asian,17.95
10886,4766,2023-03-21,"7:04:51 PM",109,109,"Korean Beef Bowl",Asian,17.95
10906,4774,2023-03-21,"8:14:45 PM",109,109,"Korean Beef Bowl",Asian,17.95
10913,4777,2023-03-21,"8:35:51 PM",109,109,"Korean Beef Bowl",Asian,17.95
10965,4803,2023-03-22,"5:50:14 PM",109,109,"Korean Beef Bowl",Asian,17.95
10966,4804,2023-03-22,"5:52:20 PM",109,109,"Korean Beef Bowl",Asian,17.95
10977,4808,2023-03-22,"6:57:35 PM",109,109,"Korean Beef Bowl",Asian,17.95
10978,4808,2023-03-22,"6:57:35 PM",109,109,"Korean Beef Bowl",Asian,17.95
11000,4821,2023-03-23,"11:23:52 AM",109,109,"Korean Beef Bowl",Asian,17.95
11013,4826,2023-03-23,"11:56:58 AM",109,109,"Korean Beef Bowl",Asian,17.95
11032,4836,2023-03-23,"12:57:49 PM",109,109,"Korean Beef Bowl",Asian,17.95
11052,4840,2023-03-23,"1:42:58 PM",109,109,"Korean Beef Bowl",Asian,17.95
11060,4843,2023-03-23,"2:03:50 PM",109,109,"Korean Beef Bowl",Asian,17.95
11103,4866,2023-03-23,"7:20:18 PM",109,109,"Korean Beef Bowl",Asian,17.95
11116,4872,2023-03-23,"8:09:11 PM",109,109,"Korean Beef Bowl",Asian,17.95
11128,4880,2023-03-23,"10:39:18 PM",109,109,"Korean Beef Bowl",Asian,17.95
11152,4892,2023-03-24,"12:49:05 PM",109,109,"Korean Beef Bowl",Asian,17.95
11165,4897,2023-03-24,"1:11:23 PM",109,109,"Korean Beef Bowl",Asian,17.95
11167,4899,2023-03-24,"2:14:11 PM",109,109,"Korean Beef Bowl",Asian,17.95
11251,4939,2023-03-24,"10:20:17 PM",109,109,"Korean Beef Bowl",Asian,17.95
11269,4947,2023-03-25,"12:09:12 PM",109,109,"Korean Beef Bowl",Asian,17.95
11328,4974,2023-03-25,"5:59:15 PM",109,109,"Korean Beef Bowl",Asian,17.95
11331,4976,2023-03-25,"6:11:17 PM",109,109,"Korean Beef Bowl",Asian,17.95
11356,4987,2023-03-25,"8:34:13 PM",109,109,"Korean Beef Bowl",Asian,17.95
11368,4994,2023-03-25,"9:26:47 PM",109,109,"Korean Beef Bowl",Asian,17.95
11373,4997,2023-03-26,"11:22:59 AM",109,109,"Korean Beef Bowl",Asian,17.95
11376,4999,2023-03-26,"11:37:06 AM",109,109,"Korean Beef Bowl",Asian,17.95
11378,5000,2023-03-26,"11:37:43 AM",109,109,"Korean Beef Bowl",Asian,17.95
11425,5019,2023-03-26,"2:12:31 PM",109,109,"Korean Beef Bowl",Asian,17.95
11450,5032,2023-03-26,"4:20:57 PM",109,109,"Korean Beef Bowl",Asian,17.95
11455,5034,2023-03-26,"4:51:53 PM",109,109,"Korean Beef Bowl",Asian,17.95
11461,5036,2023-03-26,"5:10:08 PM",109,109,"Korean Beef Bowl",Asian,17.95
11466,5039,2023-03-26,"5:30:05 PM",109,109,"Korean Beef Bowl",Asian,17.95
11483,5049,2023-03-26,"6:40:21 PM",109,109,"Korean Beef Bowl",Asian,17.95
11498,5057,2023-03-26,"8:08:07 PM",109,109,"Korean Beef Bowl",Asian,17.95
11505,5059,2023-03-26,"8:25:19 PM",109,109,"Korean Beef Bowl",Asian,17.95
11509,5062,2023-03-27,"11:49:29 AM",109,109,"Korean Beef Bowl",Asian,17.95
11528,5067,2023-03-27,"12:26:17 PM",109,109,"Korean Beef Bowl",Asian,17.95
11564,5085,2023-03-27,"2:57:13 PM",109,109,"Korean Beef Bowl",Asian,17.95
11586,5095,2023-03-27,"5:04:40 PM",109,109,"Korean Beef Bowl",Asian,17.95
11598,5100,2023-03-27,"5:49:28 PM",109,109,"Korean Beef Bowl",Asian,17.95
11603,5102,2023-03-27,"5:52:41 PM",109,109,"Korean Beef Bowl",Asian,17.95
11651,5121,2023-03-27,"8:03:34 PM",109,109,"Korean Beef Bowl",Asian,17.95
11677,5134,2023-03-28,"12:15:35 PM",109,109,"Korean Beef Bowl",Asian,17.95
11700,5141,2023-03-28,"12:57:51 PM",109,109,"Korean Beef Bowl",Asian,17.95
11701,5141,2023-03-28,"12:57:51 PM",109,109,"Korean Beef Bowl",Asian,17.95
11771,5174,2023-03-28,"6:55:54 PM",109,109,"Korean Beef Bowl",Asian,17.95
11788,5182,2023-03-28,"8:05:31 PM",109,109,"Korean Beef Bowl",Asian,17.95
11791,5183,2023-03-28,"8:13:50 PM",109,109,"Korean Beef Bowl",Asian,17.95
11794,5185,2023-03-28,"8:24:32 PM",109,109,"Korean Beef Bowl",Asian,17.95
11803,5188,2023-03-28,"8:43:58 PM",109,109,"Korean Beef Bowl",Asian,17.95
11821,5197,2023-03-29,"12:07:16 PM",109,109,"Korean Beef Bowl",Asian,17.95
11847,5202,2023-03-29,"1:00:19 PM",109,109,"Korean Beef Bowl",Asian,17.95
11853,5203,2023-03-29,"1:45:56 PM",109,109,"Korean Beef Bowl",Asian,17.95
11863,5208,2023-03-29,"2:15:37 PM",109,109,"Korean Beef Bowl",Asian,17.95
11866,5211,2023-03-29,"3:01:24 PM",109,109,"Korean Beef Bowl",Asian,17.95
11901,5223,2023-03-29,"4:59:08 PM",109,109,"Korean Beef Bowl",Asian,17.95
11986,5266,2023-03-30,"1:53:43 PM",109,109,"Korean Beef Bowl",Asian,17.95
12005,5274,2023-03-30,"3:55:42 PM",109,109,"Korean Beef Bowl",Asian,17.95
12088,5315,2023-03-31,"12:48:46 PM",109,109,"Korean Beef Bowl",Asian,17.95
12140,5331,2023-03-31,"2:50:38 PM",109,109,"Korean Beef Bowl",Asian,17.95
12188,5352,2023-03-31,"6:04:35 PM",109,109,"Korean Beef Bowl",Asian,17.95
12230,5369,2023-03-31,"10:05:04 PM",109,109,"Korean Beef Bowl",Asian,17.95
17,9,2023-01-01,"12:52:01 PM",110,110,"Pork Ramen",Asian,17.95
54,19,2023-01-01,"1:59:09 PM",110,110,"Pork Ramen",Asian,17.95
58,21,2023-01-01,"2:14:29 PM",110,110,"Pork Ramen",Asian,17.95
60,22,2023-01-01,"2:16:26 PM",110,110,"Pork Ramen",Asian,17.95
64,24,2023-01-01,"2:23:01 PM",110,110,"Pork Ramen",Asian,17.95
81,32,2023-01-01,"3:53:18 PM",110,110,"Pork Ramen",Asian,17.95
95,38,2023-01-01,"5:03:00 PM",110,110,"Pork Ramen",Asian,17.95
156,66,2023-01-01,"9:47:55 PM",110,110,"Pork Ramen",Asian,17.95
183,78,2023-01-02,"12:28:14 PM",110,110,"Pork Ramen",Asian,17.95
186,79,2023-01-02,"12:29:11 PM",110,110,"Pork Ramen",Asian,17.95
203,87,2023-01-02,"2:01:02 PM",110,110,"Pork Ramen",Asian,17.95
225,94,2023-01-02,"4:17:16 PM",110,110,"Pork Ramen",Asian,17.95
258,109,2023-01-02,"6:27:50 PM",110,110,"Pork Ramen",Asian,17.95
293,123,2023-01-02,"8:12:09 PM",110,110,"Pork Ramen",Asian,17.95
305,130,2023-01-02,"9:14:55 PM",110,110,"Pork Ramen",Asian,17.95
402,169,2023-01-03,"5:15:48 PM",110,110,"Pork Ramen",Asian,17.95
415,174,2023-01-03,"5:37:49 PM",110,110,"Pork Ramen",Asian,17.95
464,197,2023-01-03,"9:47:48 PM",110,110,"Pork Ramen",Asian,17.95
496,212,2023-01-04,"1:16:03 PM",110,110,"Pork Ramen",Asian,17.95
498,214,2023-01-04,"1:39:16 PM",110,110,"Pork Ramen",Asian,17.95
514,220,2023-01-04,"3:31:59 PM",110,110,"Pork Ramen",Asian,17.95
672,296,2023-01-05,"6:46:54 PM",110,110,"Pork Ramen",Asian,17.95
682,300,2023-01-05,"7:42:54 PM",110,110,"Pork Ramen",Asian,17.95
688,303,2023-01-05,"8:02:51 PM",110,110,"Pork Ramen",Asian,17.95
728,318,2023-01-06,"12:45:14 PM",110,110,"Pork Ramen",Asian,17.95
788,344,2023-01-06,"4:01:11 PM",110,110,"Pork Ramen",Asian,17.95
793,346,2023-01-06,"4:30:00 PM",110,110,"Pork Ramen",Asian,17.95
808,352,2023-01-06,"5:45:48 PM",110,110,"Pork Ramen",Asian,17.95
827,361,2023-01-06,"7:12:38 PM",110,110,"Pork Ramen",Asian,17.95
837,366,2023-01-06,"8:04:20 PM",110,110,"Pork Ramen",Asian,17.95
867,384,2023-01-07,"12:51:46 PM",110,110,"Pork Ramen",Asian,17.95
976,428,2023-01-07,"10:05:00 PM",110,110,"Pork Ramen",Asian,17.95
984,432,2023-01-08,"11:39:07 AM",110,110,"Pork Ramen",Asian,17.95
1023,443,2023-01-08,"12:34:20 PM",110,110,"Pork Ramen",Asian,17.95
1046,451,2023-01-08,"1:19:06 PM",110,110,"Pork Ramen",Asian,17.95
1101,479,2023-01-08,"5:37:03 PM",110,110,"Pork Ramen",Asian,17.95
1190,522,2023-01-09,"2:09:33 PM",110,110,"Pork Ramen",Asian,17.95
1203,528,2023-01-09,"3:27:21 PM",110,110,"Pork Ramen",Asian,17.95
1321,586,2023-01-10,"4:09:57 PM",110,110,"Pork Ramen",Asian,17.95
1390,619,2023-01-10,"8:41:58 PM",110,110,"Pork Ramen",Asian,17.95
1506,669,2023-01-11,"6:40:44 PM",110,110,"Pork Ramen",Asian,17.95
1508,670,2023-01-11,"6:46:25 PM",110,110,"Pork Ramen",Asian,17.95
1552,693,2023-01-12,"1:04:24 PM",110,110,"Pork Ramen",Asian,17.95
1567,700,2023-01-12,"2:31:13 PM",110,110,"Pork Ramen",Asian,17.95
1601,714,2023-01-12,"4:55:08 PM",110,110,"Pork Ramen",Asian,17.95
1642,733,2023-01-12,"7:57:36 PM",110,110,"Pork Ramen",Asian,17.95
1659,740,2023-01-13,"12:29:51 PM",110,110,"Pork Ramen",Asian,17.95
1714,762,2023-01-13,"4:36:36 PM",110,110,"Pork Ramen",Asian,17.95
1722,765,2023-01-13,"5:11:41 PM",110,110,"Pork Ramen",Asian,17.95
1753,779,2023-01-13,"7:19:58 PM",110,110,"Pork Ramen",Asian,17.95
1757,780,2023-01-13,"8:12:49 PM",110,110,"Pork Ramen",Asian,17.95
1758,781,2023-01-13,"8:31:17 PM",110,110,"Pork Ramen",Asian,17.95
2012,897,2023-01-15,"6:53:07 PM",110,110,"Pork Ramen",Asian,17.95
2038,910,2023-01-16,"11:25:40 AM",110,110,"Pork Ramen",Asian,17.95
2082,927,2023-01-16,"1:59:21 PM",110,110,"Pork Ramen",Asian,17.95
2089,930,2023-01-16,"3:00:11 PM",110,110,"Pork Ramen",Asian,17.95
2114,941,2023-01-16,"5:09:08 PM",110,110,"Pork Ramen",Asian,17.95
2160,961,2023-01-16,"7:42:20 PM",110,110,"Pork Ramen",Asian,17.95
2176,968,2023-01-16,"9:23:01 PM",110,110,"Pork Ramen",Asian,17.95
2217,984,2023-01-17,"2:33:55 PM",110,110,"Pork Ramen",Asian,17.95
2237,996,2023-01-17,"5:11:07 PM",110,110,"Pork Ramen",Asian,17.95
2238,996,2023-01-17,"5:11:07 PM",110,110,"Pork Ramen",Asian,17.95
2242,998,2023-01-17,"5:19:16 PM",110,110,"Pork Ramen",Asian,17.95
2296,1023,2023-01-17,"9:20:18 PM",110,110,"Pork Ramen",Asian,17.95
2422,1078,2023-01-18,"8:20:42 PM",110,110,"Pork Ramen",Asian,17.95
2493,1102,2023-01-19,"2:03:20 PM",110,110,"Pork Ramen",Asian,17.95
2527,1119,2023-01-19,"5:42:23 PM",110,110,"Pork Ramen",Asian,17.95
2539,1124,2023-01-19,"6:29:26 PM",110,110,"Pork Ramen",Asian,17.95
2559,1133,2023-01-19,"7:59:17 PM",110,110,"Pork Ramen",Asian,17.95
2575,1140,2023-01-20,"11:31:16 AM",110,110,"Pork Ramen",Asian,17.95
2614,1153,2023-01-20,"12:56:30 PM",110,110,"Pork Ramen",Asian,17.95
2626,1156,2023-01-20,"1:14:15 PM",110,110,"Pork Ramen",Asian,17.95
2647,1169,2023-01-20,"4:08:25 PM",110,110,"Pork Ramen",Asian,17.95
2658,1175,2023-01-20,"5:05:14 PM",110,110,"Pork Ramen",Asian,17.95
2720,1206,2023-01-21,"12:38:38 PM",110,110,"Pork Ramen",Asian,17.95
2728,1208,2023-01-21,"1:03:21 PM",110,110,"Pork Ramen",Asian,17.95
2740,1214,2023-01-21,"2:00:05 PM",110,110,"Pork Ramen",Asian,17.95
2771,1226,2023-01-21,"4:10:57 PM",110,110,"Pork Ramen",Asian,17.95
2790,1233,2023-01-21,"5:11:27 PM",110,110,"Pork Ramen",Asian,17.95
2999,1323,2023-01-23,"11:45:37 AM",110,110,"Pork Ramen",Asian,17.95
3036,1340,2023-01-23,"2:12:26 PM",110,110,"Pork Ramen",Asian,17.95
3042,1341,2023-01-23,"2:15:37 PM",110,110,"Pork Ramen",Asian,17.95
3085,1364,2023-01-23,"5:50:42 PM",110,110,"Pork Ramen",Asian,17.95
3101,1372,2023-01-23,"6:57:10 PM",110,110,"Pork Ramen",Asian,17.95
3134,1386,2023-01-23,"9:01:24 PM",110,110,"Pork Ramen",Asian,17.95
3197,1417,2023-01-24,"5:31:05 PM",110,110,"Pork Ramen",Asian,17.95
3235,1433,2023-01-24,"7:43:23 PM",110,110,"Pork Ramen",Asian,17.95
3260,1444,2023-01-24,"8:29:10 PM",110,110,"Pork Ramen",Asian,17.95
3301,1458,2023-01-25,"1:46:05 PM",110,110,"Pork Ramen",Asian,17.95
3488,1547,2023-01-26,"8:58:38 PM",110,110,"Pork Ramen",Asian,17.95
3490,1548,2023-01-26,"8:59:51 PM",110,110,"Pork Ramen",Asian,17.95
3496,1552,2023-01-27,"11:23:30 AM",110,110,"Pork Ramen",Asian,17.95
3513,1563,2023-01-27,"1:04:38 PM",110,110,"Pork Ramen",Asian,17.95
3520,1565,2023-01-27,"1:21:20 PM",110,110,"Pork Ramen",Asian,17.95
3521,1565,2023-01-27,"1:21:20 PM",110,110,"Pork Ramen",Asian,17.95
3533,1569,2023-01-27,"1:38:50 PM",110,110,"Pork Ramen",Asian,17.95
3574,1585,2023-01-27,"5:14:26 PM",110,110,"Pork Ramen",Asian,17.95
3576,1586,2023-01-27,"5:15:31 PM",110,110,"Pork Ramen",Asian,17.95
3610,1601,2023-01-27,"6:48:01 PM",110,110,"Pork Ramen",Asian,17.95
3617,1605,2023-01-27,"8:05:27 PM",110,110,"Pork Ramen",Asian,17.95
3623,1607,2023-01-27,"8:09:27 PM",110,110,"Pork Ramen",Asian,17.95
3635,1613,2023-01-27,"9:05:59 PM",110,110,"Pork Ramen",Asian,17.95
3684,1638,2023-01-28,"1:34:25 PM",110,110,"Pork Ramen",Asian,17.95
3711,1646,2023-01-28,"3:28:30 PM",110,110,"Pork Ramen",Asian,17.95
3721,1650,2023-01-28,"4:35:45 PM",110,110,"Pork Ramen",Asian,17.95
3742,1659,2023-01-28,"6:48:06 PM",110,110,"Pork Ramen",Asian,17.95
3794,1685,2023-01-29,"1:36:52 PM",110,110,"Pork Ramen",Asian,17.95
3805,1686,2023-01-29,"1:37:50 PM",110,110,"Pork Ramen",Asian,17.95
3813,1691,2023-01-29,"2:13:32 PM",110,110,"Pork Ramen",Asian,17.95
3836,1705,2023-01-29,"6:38:41 PM",110,110,"Pork Ramen",Asian,17.95
3839,1707,2023-01-29,"6:45:58 PM",110,110,"Pork Ramen",Asian,17.95
3888,1733,2023-01-30,"12:26:56 PM",110,110,"Pork Ramen",Asian,17.95
3947,1757,2023-01-30,"5:32:30 PM",110,110,"Pork Ramen",Asian,17.95
3956,1762,2023-01-30,"6:14:18 PM",110,110,"Pork Ramen",Asian,17.95
4001,1787,2023-01-30,"9:25:54 PM",110,110,"Pork Ramen",Asian,17.95
4034,1796,2023-01-31,"1:31:47 PM",110,110,"Pork Ramen",Asian,17.95
4044,1801,2023-01-31,"2:37:52 PM",110,110,"Pork Ramen",Asian,17.95
4049,1802,2023-01-31,"2:55:20 PM",110,110,"Pork Ramen",Asian,17.95
4052,1803,2023-01-31,"3:12:38 PM",110,110,"Pork Ramen",Asian,17.95
4082,1815,2023-01-31,"5:33:56 PM",110,110,"Pork Ramen",Asian,17.95
4134,1837,2023-01-31,"8:56:35 PM",110,110,"Pork Ramen",Asian,17.95
4138,1838,2023-01-31,"8:56:38 PM",110,110,"Pork Ramen",Asian,17.95
4160,1848,2023-02-01,"11:40:46 AM",110,110,"Pork Ramen",Asian,17.95
4215,1871,2023-02-01,"3:01:40 PM",110,110,"Pork Ramen",Asian,17.95
4234,1880,2023-02-01,"4:15:40 PM",110,110,"Pork Ramen",Asian,17.95
4253,1887,2023-02-01,"4:48:06 PM",110,110,"Pork Ramen",Asian,17.95
4287,1902,2023-02-01,"5:50:51 PM",110,110,"Pork Ramen",Asian,17.95
4369,1946,2023-02-02,"1:01:49 PM",110,110,"Pork Ramen",Asian,17.95
4380,1950,2023-02-02,"1:14:40 PM",110,110,"Pork Ramen",Asian,17.95
4419,1965,2023-02-02,"4:10:04 PM",110,110,"Pork Ramen",Asian,17.95
4433,1971,2023-02-02,"5:31:16 PM",110,110,"Pork Ramen",Asian,17.95
4434,1971,2023-02-02,"5:31:16 PM",110,110,"Pork Ramen",Asian,17.95
4441,1974,2023-02-02,"5:49:37 PM",110,110,"Pork Ramen",Asian,17.95
4451,1980,2023-02-02,"7:07:15 PM",110,110,"Pork Ramen",Asian,17.95
4489,1996,2023-02-03,"11:25:25 AM",110,110,"Pork Ramen",Asian,17.95
4496,1999,2023-02-03,"12:07:51 PM",110,110,"Pork Ramen",Asian,17.95
4517,2001,2023-02-03,"12:20:45 PM",110,110,"Pork Ramen",Asian,17.95
4522,2004,2023-02-03,"12:24:06 PM",110,110,"Pork Ramen",Asian,17.95
4556,2017,2023-02-03,"1:51:56 PM",110,110,"Pork Ramen",Asian,17.95
4564,2021,2023-02-03,"2:25:13 PM",110,110,"Pork Ramen",Asian,17.95
4596,2036,2023-02-03,"5:17:29 PM",110,110,"Pork Ramen",Asian,17.95
4635,2055,2023-02-03,"8:59:30 PM",110,110,"Pork Ramen",Asian,17.95
4646,2060,2023-02-04,"11:45:09 AM",110,110,"Pork Ramen",Asian,17.95
4650,2062,2023-02-04,"11:56:32 AM",110,110,"Pork Ramen",Asian,17.95
4674,2073,2023-02-04,"1:35:51 PM",110,110,"Pork Ramen",Asian,17.95
4675,2073,2023-02-04,"1:35:51 PM",110,110,"Pork Ramen",Asian,17.95
4718,2090,2023-02-04,"5:17:07 PM",110,110,"Pork Ramen",Asian,17.95
4731,2095,2023-02-04,"5:49:55 PM",110,110,"Pork Ramen",Asian,17.95
4770,2111,2023-02-04,"9:28:44 PM",110,110,"Pork Ramen",Asian,17.95
4788,2122,2023-02-05,"12:52:55 PM",110,110,"Pork Ramen",Asian,17.95
4789,2122,2023-02-05,"12:52:55 PM",110,110,"Pork Ramen",Asian,17.95
4824,2134,2023-02-05,"2:36:32 PM",110,110,"Pork Ramen",Asian,17.95
4860,2150,2023-02-05,"6:22:25 PM",110,110,"Pork Ramen",Asian,17.95
4863,2152,2023-02-05,"6:35:11 PM",110,110,"Pork Ramen",Asian,17.95
4874,2157,2023-02-05,"7:39:29 PM",110,110,"Pork Ramen",Asian,17.95
4923,2182,2023-02-06,"12:22:30 PM",110,110,"Pork Ramen",Asian,17.95
4977,2198,2023-02-06,"2:13:09 PM",110,110,"Pork Ramen",Asian,17.95
5065,2242,2023-02-07,"11:57:32 AM",110,110,"Pork Ramen",Asian,17.95
5109,2261,2023-02-07,"3:48:00 PM",110,110,"Pork Ramen",Asian,17.95
5114,2264,2023-02-07,"4:46:03 PM",110,110,"Pork Ramen",Asian,17.95
5136,2273,2023-02-07,"6:31:29 PM",110,110,"Pork Ramen",Asian,17.95
5160,2284,2023-02-07,"7:35:53 PM",110,110,"Pork Ramen",Asian,17.95
5162,2286,2023-02-07,"7:42:45 PM",110,110,"Pork Ramen",Asian,17.95
5169,2290,2023-02-07,"8:47:23 PM",110,110,"Pork Ramen",Asian,17.95
5196,2302,2023-02-08,"11:46:15 AM",110,110,"Pork Ramen",Asian,17.95
5243,2322,2023-02-08,"3:46:13 PM",110,110,"Pork Ramen",Asian,17.95
5267,2333,2023-02-08,"6:02:00 PM",110,110,"Pork Ramen",Asian,17.95
5268,2333,2023-02-08,"6:02:00 PM",110,110,"Pork Ramen",Asian,17.95
5292,2344,2023-02-08,"8:20:37 PM",110,110,"Pork Ramen",Asian,17.95
5379,2376,2023-02-09,"3:25:59 PM",110,110,"Pork Ramen",Asian,17.95
5384,2379,2023-02-09,"4:18:14 PM",110,110,"Pork Ramen",Asian,17.95
5438,2402,2023-02-09,"7:38:23 PM",110,110,"Pork Ramen",Asian,17.95
5486,2426,2023-02-10,"1:37:25 PM",110,110,"Pork Ramen",Asian,17.95
5502,2432,2023-02-10,"2:11:49 PM",110,110,"Pork Ramen",Asian,17.95
5537,2450,2023-02-10,"5:55:50 PM",110,110,"Pork Ramen",Asian,17.95
5552,2456,2023-02-10,"7:19:00 PM",110,110,"Pork Ramen",Asian,17.95
5566,2463,2023-02-10,"8:20:20 PM",110,110,"Pork Ramen",Asian,17.95
5574,2469,2023-02-11,"11:44:58 AM",110,110,"Pork Ramen",Asian,17.95
5727,2538,2023-02-12,"11:37:34 AM",110,110,"Pork Ramen",Asian,17.95
5757,2548,2023-02-12,"12:48:03 PM",110,110,"Pork Ramen",Asian,17.95
5780,2562,2023-02-12,"2:30:22 PM",110,110,"Pork Ramen",Asian,17.95
5815,2578,2023-02-12,"5:36:09 PM",110,110,"Pork Ramen",Asian,17.95
5893,2612,2023-02-13,"1:43:11 PM",110,110,"Pork Ramen",Asian,17.95
5901,2613,2023-02-13,"1:46:46 PM",110,110,"Pork Ramen",Asian,17.95
5912,2620,2023-02-13,"3:00:24 PM",110,110,"Pork Ramen",Asian,17.95
5913,2621,2023-02-13,"3:34:03 PM",110,110,"Pork Ramen",Asian,17.95
5961,2641,2023-02-13,"7:52:22 PM",110,110,"Pork Ramen",Asian,17.95
5973,2647,2023-02-13,"8:45:14 PM",110,110,"Pork Ramen",Asian,17.95
6041,2676,2023-02-14,"3:17:34 PM",110,110,"Pork Ramen",Asian,17.95
6056,2686,2023-02-14,"5:23:06 PM",110,110,"Pork Ramen",Asian,17.95
6067,2692,2023-02-14,"5:55:07 PM",110,110,"Pork Ramen",Asian,17.95
6069,2693,2023-02-14,"6:01:21 PM",110,110,"Pork Ramen",Asian,17.95
6134,2716,2023-02-14,"9:33:46 PM",110,110,"Pork Ramen",Asian,17.95
6167,2727,2023-02-15,"11:56:33 AM",110,110,"Pork Ramen",Asian,17.95
6183,2735,2023-02-15,"2:53:31 PM",110,110,"Pork Ramen",Asian,17.95
6254,2769,2023-02-15,"8:14:22 PM",110,110,"Pork Ramen",Asian,17.95
6313,2789,2023-02-16,"12:40:50 PM",110,110,"Pork Ramen",Asian,17.95
6323,2794,2023-02-16,"1:13:19 PM",110,110,"Pork Ramen",Asian,17.95
6330,2798,2023-02-16,"2:39:07 PM",110,110,"Pork Ramen",Asian,17.95
6390,2825,2023-02-16,"8:46:23 PM",110,110,"Pork Ramen",Asian,17.95
6403,2831,2023-02-17,"12:01:02 PM",110,110,"Pork Ramen",Asian,17.95
6412,2838,2023-02-17,"1:00:48 PM",110,110,"Pork Ramen",Asian,17.95
6457,2855,2023-02-17,"3:26:05 PM",110,110,"Pork Ramen",Asian,17.95
6458,2855,2023-02-17,"3:26:05 PM",110,110,"Pork Ramen",Asian,17.95
6483,2870,2023-02-17,"6:09:41 PM",110,110,"Pork Ramen",Asian,17.95
6519,2885,2023-02-17,"10:20:14 PM",110,110,"Pork Ramen",Asian,17.95
6529,2890,2023-02-18,"11:32:11 AM",110,110,"Pork Ramen",Asian,17.95
6585,2912,2023-02-18,"3:39:02 PM",110,110,"Pork Ramen",Asian,17.95
6652,2938,2023-02-18,"8:07:26 PM",110,110,"Pork Ramen",Asian,17.95
6874,3033,2023-02-20,"2:54:29 PM",110,110,"Pork Ramen",Asian,17.95
6953,3069,2023-02-20,"8:47:39 PM",110,110,"Pork Ramen",Asian,17.95
6971,3076,2023-02-20,"10:12:20 PM",110,110,"Pork Ramen",Asian,17.95
7065,3116,2023-02-21,"6:28:28 PM",110,110,"Pork Ramen",Asian,17.95
7072,3121,2023-02-21,"7:25:20 PM",110,110,"Pork Ramen",Asian,17.95
7085,3127,2023-02-21,"8:40:10 PM",110,110,"Pork Ramen",Asian,17.95
7118,3139,2023-02-22,"1:11:07 PM",110,110,"Pork Ramen",Asian,17.95
7122,3142,2023-02-22,"2:17:17 PM",110,110,"Pork Ramen",Asian,17.95
7150,3152,2023-02-22,"4:42:27 PM",110,110,"Pork Ramen",Asian,17.95
7226,3187,2023-02-23,"1:27:18 PM",110,110,"Pork Ramen",Asian,17.95
7238,3189,2023-02-23,"1:59:04 PM",110,110,"Pork Ramen",Asian,17.95
7263,3201,2023-02-23,"5:21:33 PM",110,110,"Pork Ramen",Asian,17.95
7267,3202,2023-02-23,"5:22:50 PM",110,110,"Pork Ramen",Asian,17.95
7286,3210,2023-02-23,"6:05:29 PM",110,110,"Pork Ramen",Asian,17.95
7411,3265,2023-02-24,"6:39:12 PM",110,110,"Pork Ramen",Asian,17.95
7425,3272,2023-02-24,"7:43:11 PM",110,110,"Pork Ramen",Asian,17.95
7427,3273,2023-02-24,"8:20:10 PM",110,110,"Pork Ramen",Asian,17.95
7460,3288,2023-02-25,"12:00:55 PM",110,110,"Pork Ramen",Asian,17.95
7486,3295,2023-02-25,"12:44:09 PM",110,110,"Pork Ramen",Asian,17.95
7523,3312,2023-02-25,"3:49:29 PM",110,110,"Pork Ramen",Asian,17.95
7551,3325,2023-02-25,"6:00:51 PM",110,110,"Pork Ramen",Asian,17.95
7603,3353,2023-02-26,"12:39:02 PM",110,110,"Pork Ramen",Asian,17.95
7657,3371,2023-02-26,"3:58:02 PM",110,110,"Pork Ramen",Asian,17.95
7663,3372,2023-02-26,"3:58:38 PM",110,110,"Pork Ramen",Asian,17.95
7667,3374,2023-02-26,"4:15:25 PM",110,110,"Pork Ramen",Asian,17.95
7713,3396,2023-02-26,"7:13:12 PM",110,110,"Pork Ramen",Asian,17.95
7779,3423,2023-02-27,"2:09:03 PM",110,110,"Pork Ramen",Asian,17.95
7790,3425,2023-02-27,"2:26:06 PM",110,110,"Pork Ramen",Asian,17.95
7856,3452,2023-02-27,"6:47:21 PM",110,110,"Pork Ramen",Asian,17.95
7873,3459,2023-02-27,"7:11:44 PM",110,110,"Pork Ramen",Asian,17.95
7877,3461,2023-02-27,"7:44:21 PM",110,110,"Pork Ramen",Asian,17.95
7967,3500,2023-02-28,"5:41:37 PM",110,110,"Pork Ramen",Asian,17.95
8015,3517,2023-02-28,"8:06:50 PM",110,110,"Pork Ramen",Asian,17.95
8044,3529,2023-02-28,"9:52:13 PM",110,110,"Pork Ramen",Asian,17.95
8090,3550,2023-03-01,"5:04:49 PM",110,110,"Pork Ramen",Asian,17.95
8104,3556,2023-03-01,"5:52:21 PM",110,110,"Pork Ramen",Asian,17.95
8112,3560,2023-03-01,"6:19:41 PM",110,110,"Pork Ramen",Asian,17.95
8157,3583,2023-03-02,"12:07:16 PM",110,110,"Pork Ramen",Asian,17.95
8217,3608,2023-03-02,"3:50:46 PM",110,110,"Pork Ramen",Asian,17.95
8268,3630,2023-03-02,"7:34:40 PM",110,110,"Pork Ramen",Asian,17.95
8295,3643,2023-03-03,"12:39:57 PM",110,110,"Pork Ramen",Asian,17.95
8337,3658,2023-03-03,"2:00:33 PM",110,110,"Pork Ramen",Asian,17.95
8354,3661,2023-03-03,"3:05:02 PM",110,110,"Pork Ramen",Asian,17.95
8364,3665,2023-03-03,"4:32:20 PM",110,110,"Pork Ramen",Asian,17.95
8372,3668,2023-03-03,"5:06:11 PM",110,110,"Pork Ramen",Asian,17.95
8407,3685,2023-03-03,"8:05:12 PM",110,110,"Pork Ramen",Asian,17.95
8432,3695,2023-03-04,"12:02:42 PM",110,110,"Pork Ramen",Asian,17.95
8437,3698,2023-03-04,"12:28:30 PM",110,110,"Pork Ramen",Asian,17.95
8448,3702,2023-03-04,"12:53:29 PM",110,110,"Pork Ramen",Asian,17.95
8449,3702,2023-03-04,"12:53:29 PM",110,110,"Pork Ramen",Asian,17.95
8492,3719,2023-03-04,"4:09:26 PM",110,110,"Pork Ramen",Asian,17.95
8539,3738,2023-03-04,"6:36:42 PM",110,110,"Pork Ramen",Asian,17.95
8541,3739,2023-03-04,"6:59:47 PM",110,110,"Pork Ramen",Asian,17.95
8579,3758,2023-03-05,"12:34:45 PM",110,110,"Pork Ramen",Asian,17.95
8602,3773,2023-03-05,"1:41:31 PM",110,110,"Pork Ramen",Asian,17.95
8650,3789,2023-03-05,"4:12:54 PM",110,110,"Pork Ramen",Asian,17.95
8680,3801,2023-03-05,"5:51:47 PM",110,110,"Pork Ramen",Asian,17.95
8690,3807,2023-03-05,"6:35:58 PM",110,110,"Pork Ramen",Asian,17.95
8807,3863,2023-03-06,"7:50:37 PM",110,110,"Pork Ramen",Asian,17.95
8842,3876,2023-03-06,"9:34:49 PM",110,110,"Pork Ramen",Asian,17.95
8876,3889,2023-03-07,"1:28:07 PM",110,110,"Pork Ramen",Asian,17.95
8918,3907,2023-03-07,"6:06:44 PM",110,110,"Pork Ramen",Asian,17.95
8926,3912,2023-03-07,"6:43:59 PM",110,110,"Pork Ramen",Asian,17.95
8958,3925,2023-03-07,"8:39:45 PM",110,110,"Pork Ramen",Asian,17.95
9008,3945,2023-03-08,"1:08:44 PM",110,110,"Pork Ramen",Asian,17.95
9086,3985,2023-03-08,"6:29:24 PM",110,110,"Pork Ramen",Asian,17.95
9127,4003,2023-03-09,"11:49:50 AM",110,110,"Pork Ramen",Asian,17.95
9156,4014,2023-03-09,"1:39:39 PM",110,110,"Pork Ramen",Asian,17.95
9178,4021,2023-03-09,"3:39:32 PM",110,110,"Pork Ramen",Asian,17.95
9179,4021,2023-03-09,"3:39:32 PM",110,110,"Pork Ramen",Asian,17.95
9266,4060,2023-03-10,"12:25:20 PM",110,110,"Pork Ramen",Asian,17.95
9272,4063,2023-03-10,"12:34:52 PM",110,110,"Pork Ramen",Asian,17.95
9362,4101,2023-03-10,"6:42:29 PM",110,110,"Pork Ramen",Asian,17.95
9371,4105,2023-03-10,"7:30:41 PM",110,110,"Pork Ramen",Asian,17.95
9383,4109,2023-03-10,"8:45:34 PM",110,110,"Pork Ramen",Asian,17.95
9387,4110,2023-03-10,"8:55:20 PM",110,110,"Pork Ramen",Asian,17.95
9447,4134,2023-03-11,"2:23:53 PM",110,110,"Pork Ramen",Asian,17.95
9471,4147,2023-03-11,"4:37:46 PM",110,110,"Pork Ramen",Asian,17.95
9553,4186,2023-03-12,"12:38:05 PM",110,110,"Pork Ramen",Asian,17.95
9649,4231,2023-03-13,"12:11:55 PM",110,110,"Pork Ramen",Asian,17.95
9655,4232,2023-03-13,"12:22:05 PM",110,110,"Pork Ramen",Asian,17.95
9682,4240,2023-03-13,"1:06:51 PM",110,110,"Pork Ramen",Asian,17.95
9701,4248,2023-03-13,"2:52:08 PM",110,110,"Pork Ramen",Asian,17.95
9702,4249,2023-03-13,"2:57:41 PM",110,110,"Pork Ramen",Asian,17.95
9763,4276,2023-03-13,"7:26:19 PM",110,110,"Pork Ramen",Asian,17.95
9782,4285,2023-03-13,"8:07:36 PM",110,110,"Pork Ramen",Asian,17.95
9803,4293,2023-03-13,"9:12:29 PM",110,110,"Pork Ramen",Asian,17.95
9816,4298,2023-03-13,"10:18:17 PM",110,110,"Pork Ramen",Asian,17.95
9876,4322,2023-03-14,"4:34:46 PM",110,110,"Pork Ramen",Asian,17.95
9905,4340,2023-03-14,"6:45:37 PM",110,110,"Pork Ramen",Asian,17.95
9955,4361,2023-03-15,"1:08:26 PM",110,110,"Pork Ramen",Asian,17.95
9969,4364,2023-03-15,"1:43:32 PM",110,110,"Pork Ramen",Asian,17.95
9982,4370,2023-03-15,"3:29:07 PM",110,110,"Pork Ramen",Asian,17.95
10008,4381,2023-03-15,"4:31:44 PM",110,110,"Pork Ramen",Asian,17.95
10037,4392,2023-03-15,"6:44:40 PM",110,110,"Pork Ramen",Asian,17.95
10043,4395,2023-03-15,"7:02:12 PM",110,110,"Pork Ramen",Asian,17.95
10054,4400,2023-03-15,"8:49:02 PM",110,110,"Pork Ramen",Asian,17.95
10066,4405,2023-03-16,"11:55:19 AM",110,110,"Pork Ramen",Asian,17.95
10112,4425,2023-03-16,"1:39:34 PM",110,110,"Pork Ramen",Asian,17.95
10123,4431,2023-03-16,"2:55:57 PM",110,110,"Pork Ramen",Asian,17.95
10125,4432,2023-03-16,"3:00:56 PM",110,110,"Pork Ramen",Asian,17.95
10180,4458,2023-03-16,"7:02:27 PM",110,110,"Pork Ramen",Asian,17.95
10196,4467,2023-03-16,"8:29:39 PM",110,110,"Pork Ramen",Asian,17.95
10207,4471,2023-03-17,"11:43:47 AM",110,110,"Pork Ramen",Asian,17.95
10210,4472,2023-03-17,"11:58:27 AM",110,110,"Pork Ramen",Asian,17.95
10263,4488,2023-03-17,"2:57:23 PM",110,110,"Pork Ramen",Asian,17.95
10365,4534,2023-03-17,"8:45:20 PM",110,110,"Pork Ramen",Asian,17.95
10493,4600,2023-03-18,"9:35:26 PM",110,110,"Pork Ramen",Asian,17.95
10580,4632,2023-03-19,"5:25:31 PM",110,110,"Pork Ramen",Asian,17.95
10582,4634,2023-03-19,"5:44:39 PM",110,110,"Pork Ramen",Asian,17.95
10595,4639,2023-03-19,"6:19:16 PM",110,110,"Pork Ramen",Asian,17.95
10671,4669,2023-03-20,"12:55:55 PM",110,110,"Pork Ramen",Asian,17.95
10683,4673,2023-03-20,"1:18:11 PM",110,110,"Pork Ramen",Asian,17.95
10706,4689,2023-03-20,"4:54:26 PM",110,110,"Pork Ramen",Asian,17.95
10742,4706,2023-03-20,"7:16:21 PM",110,110,"Pork Ramen",Asian,17.95
10752,4710,2023-03-20,"7:50:29 PM",110,110,"Pork Ramen",Asian,17.95
10780,4723,2023-03-20,"9:52:10 PM",110,110,"Pork Ramen",Asian,17.95
10896,4769,2023-03-21,"7:41:04 PM",110,110,"Pork Ramen",Asian,17.95
11087,4858,2023-03-23,"5:20:36 PM",110,110,"Pork Ramen",Asian,17.95
11113,4871,2023-03-23,"7:54:00 PM",110,110,"Pork Ramen",Asian,17.95
11225,4928,2023-03-24,"7:44:15 PM",110,110,"Pork Ramen",Asian,17.95
11246,4937,2023-03-24,"10:03:54 PM",110,110,"Pork Ramen",Asian,17.95
11249,4938,2023-03-24,"10:14:02 PM",110,110,"Pork Ramen",Asian,17.95
11255,4940,2023-03-24,"10:20:25 PM",110,110,"Pork Ramen",Asian,17.95
11265,4945,2023-03-25,"12:00:40 PM",110,110,"Pork Ramen",Asian,17.95
11315,4970,2023-03-25,"5:32:07 PM",110,110,"Pork Ramen",Asian,17.95
11407,5015,2023-03-26,"1:35:54 PM",110,110,"Pork Ramen",Asian,17.95
11415,5017,2023-03-26,"1:58:44 PM",110,110,"Pork Ramen",Asian,17.95
11464,5038,2023-03-26,"5:12:05 PM",110,110,"Pork Ramen",Asian,17.95
11485,5050,2023-03-26,"6:45:15 PM",110,110,"Pork Ramen",Asian,17.95
11506,5059,2023-03-26,"8:25:19 PM",110,110,"Pork Ramen",Asian,17.95
11517,5066,2023-03-27,"12:20:59 PM",110,110,"Pork Ramen",Asian,17.95
11542,5076,2023-03-27,"1:12:12 PM",110,110,"Pork Ramen",Asian,17.95
11560,5081,2023-03-27,"1:59:35 PM",110,110,"Pork Ramen",Asian,17.95
11619,5108,2023-03-27,"6:16:47 PM",110,110,"Pork Ramen",Asian,17.95
11631,5112,2023-03-27,"6:54:36 PM",110,110,"Pork Ramen",Asian,17.95
11647,5120,2023-03-27,"7:59:09 PM",110,110,"Pork Ramen",Asian,17.95
11652,5121,2023-03-27,"8:03:34 PM",110,110,"Pork Ramen",Asian,17.95
11656,5123,2023-03-27,"8:28:06 PM",110,110,"Pork Ramen",Asian,17.95
11841,5201,2023-03-29,"12:38:11 PM",110,110,"Pork Ramen",Asian,17.95
11902,5224,2023-03-29,"5:02:33 PM",110,110,"Pork Ramen",Asian,17.95
11931,5239,2023-03-29,"7:23:31 PM",110,110,"Pork Ramen",Asian,17.95
11934,5241,2023-03-29,"7:53:21 PM",110,110,"Pork Ramen",Asian,17.95
11940,5244,2023-03-29,"8:26:29 PM",110,110,"Pork Ramen",Asian,17.95
11954,5251,2023-03-30,"11:52:18 AM",110,110,"Pork Ramen",Asian,17.95
11963,5256,2023-03-30,"12:36:09 PM",110,110,"Pork Ramen",Asian,17.95
12017,5280,2023-03-30,"4:52:59 PM",110,110,"Pork Ramen",Asian,17.95
12025,5282,2023-03-30,"5:01:37 PM",110,110,"Pork Ramen",Asian,17.95
12034,5286,2023-03-30,"5:49:12 PM",110,110,"Pork Ramen",Asian,17.95
12084,5314,2023-03-31,"12:33:13 PM",110,110,"Pork Ramen",Asian,17.95
12107,5319,2023-03-31,"1:19:18 PM",110,110,"Pork Ramen",Asian,17.95
41,16,2023-01-01,"1:34:07 PM",111,111,"California Roll",Asian,11.95
53,18,2023-01-01,"1:57:08 PM",111,111,"California Roll",Asian,11.95
173,75,2023-01-02,"12:10:15 PM",111,111,"California Roll",Asian,11.95
227,95,2023-01-02,"4:18:04 PM",111,111,"California Roll",Asian,11.95
229,96,2023-01-02,"4:21:20 PM",111,111,"California Roll",Asian,11.95
232,98,2023-01-02,"5:18:18 PM",111,111,"California Roll",Asian,11.95
263,110,2023-01-02,"6:36:19 PM",111,111,"California Roll",Asian,11.95
277,115,2023-01-02,"7:05:17 PM",111,111,"California Roll",Asian,11.95
371,155,2023-01-03,"3:28:59 PM",111,111,"California Roll",Asian,11.95
374,156,2023-01-03,"3:42:19 PM",111,111,"California Roll",Asian,11.95
405,171,2023-01-03,"5:23:03 PM",111,111,"California Roll",Asian,11.95
406,172,2023-01-03,"5:29:24 PM",111,111,"California Roll",Asian,11.95
419,177,2023-01-03,"5:54:36 PM",111,111,"California Roll",Asian,11.95
430,183,2023-01-03,"6:54:55 PM",111,111,"California Roll",Asian,11.95
484,206,2023-01-04,"11:45:10 AM",111,111,"California Roll",Asian,11.95
515,220,2023-01-04,"3:31:59 PM",111,111,"California Roll",Asian,11.95
525,224,2023-01-04,"4:39:58 PM",111,111,"California Roll",Asian,11.95
539,231,2023-01-04,"6:04:18 PM",111,111,"California Roll",Asian,11.95
546,234,2023-01-04,"6:36:09 PM",111,111,"California Roll",Asian,11.95
604,267,2023-01-05,"1:37:50 PM",111,111,"California Roll",Asian,11.95
643,283,2023-01-05,"4:51:43 PM",111,111,"California Roll",Asian,11.95
646,284,2023-01-05,"4:58:16 PM",111,111,"California Roll",Asian,11.95
685,301,2023-01-05,"7:45:58 PM",111,111,"California Roll",Asian,11.95
697,306,2023-01-05,"8:37:40 PM",111,111,"California Roll",Asian,11.95
794,346,2023-01-06,"4:30:00 PM",111,111,"California Roll",Asian,11.95
910,395,2023-01-07,"2:11:08 PM",111,111,"California Roll",Asian,11.95
988,434,2023-01-08,"11:54:14 AM",111,111,"California Roll",Asian,11.95
1074,465,2023-01-08,"2:55:23 PM",111,111,"California Roll",Asian,11.95
1109,483,2023-01-08,"5:54:05 PM",111,111,"California Roll",Asian,11.95
1123,490,2023-01-08,"6:49:24 PM",111,111,"California Roll",Asian,11.95
1124,491,2023-01-08,"7:01:12 PM",111,111,"California Roll",Asian,11.95
1175,516,2023-01-09,"1:09:09 PM",111,111,"California Roll",Asian,11.95
1234,544,2023-01-09,"6:31:04 PM",111,111,"California Roll",Asian,11.95
1298,575,2023-01-10,"1:41:04 PM",111,111,"California Roll",Asian,11.95
1380,613,2023-01-10,"8:10:44 PM",111,111,"California Roll",Asian,11.95
1443,640,2023-01-11,"1:28:08 PM",111,111,"California Roll",Asian,11.95
1483,658,2023-01-11,"4:55:24 PM",111,111,"California Roll",Asian,11.95
1490,661,2023-01-11,"5:18:14 PM",111,111,"California Roll",Asian,11.95
1519,675,2023-01-11,"7:33:19 PM",111,111,"California Roll",Asian,11.95
1524,678,2023-01-11,"7:52:49 PM",111,111,"California Roll",Asian,11.95
1581,706,2023-01-12,"3:39:04 PM",111,111,"California Roll",Asian,11.95
1613,720,2023-01-12,"5:53:59 PM",111,111,"California Roll",Asian,11.95
1618,722,2023-01-12,"6:20:58 PM",111,111,"California Roll",Asian,11.95
1661,740,2023-01-13,"12:29:51 PM",111,111,"California Roll",Asian,11.95
1668,741,2023-01-13,"12:49:09 PM",111,111,"California Roll",Asian,11.95
1670,743,2023-01-13,"1:08:32 PM",111,111,"California Roll",Asian,11.95
1677,745,2023-01-13,"1:36:53 PM",111,111,"California Roll",Asian,11.95
1689,751,2023-01-13,"3:07:35 PM",111,111,"California Roll",Asian,11.95
1704,757,2023-01-13,"4:10:34 PM",111,111,"California Roll",Asian,11.95
1767,784,2023-01-13,"9:39:41 PM",111,111,"California Roll",Asian,11.95
1787,794,2023-01-14,"12:39:16 PM",111,111,"California Roll",Asian,11.95
1803,800,2023-01-14,"12:54:35 PM",111,111,"California Roll",Asian,11.95
1810,801,2023-01-14,"1:10:53 PM",111,111,"California Roll",Asian,11.95
1836,815,2023-01-14,"4:38:00 PM",111,111,"California Roll",Asian,11.95
1865,827,2023-01-14,"6:09:48 PM",111,111,"California Roll",Asian,11.95
1868,829,2023-01-14,"6:27:42 PM",111,111,"California Roll",Asian,11.95
1881,833,2023-01-14,"7:07:45 PM",111,111,"California Roll",Asian,11.95
1932,857,2023-01-15,"1:01:53 PM",111,111,"California Roll",Asian,11.95
2006,894,2023-01-15,"6:17:26 PM",111,111,"California Roll",Asian,11.95
2049,915,2023-01-16,"12:20:22 PM",111,111,"California Roll",Asian,11.95
2060,919,2023-01-16,"1:11:15 PM",111,111,"California Roll",Asian,11.95
2084,927,2023-01-16,"1:59:21 PM",111,111,"California Roll",Asian,11.95
2090,930,2023-01-16,"3:00:11 PM",111,111,"California Roll",Asian,11.95
2110,940,2023-01-16,"5:05:08 PM",111,111,"California Roll",Asian,11.95
2148,955,2023-01-16,"7:24:16 PM",111,111,"California Roll",Asian,11.95
2206,980,2023-01-17,"12:58:36 PM",111,111,"California Roll",Asian,11.95
2239,996,2023-01-17,"5:11:07 PM",111,111,"California Roll",Asian,11.95
2304,1028,2023-01-17,"10:02:45 PM",111,111,"California Roll",Asian,11.95
2318,1034,2023-01-18,"12:07:59 PM",111,111,"California Roll",Asian,11.95
2319,1034,2023-01-18,"12:07:59 PM",111,111,"California Roll",Asian,11.95
2384,1062,2023-01-18,"5:21:38 PM",111,111,"California Roll",Asian,11.95
2456,1090,2023-01-19,"12:14:24 PM",111,111,"California Roll",Asian,11.95
2463,1093,2023-01-19,"12:33:24 PM",111,111,"California Roll",Asian,11.95
2475,1096,2023-01-19,"12:56:45 PM",111,111,"California Roll",Asian,11.95
2476,1096,2023-01-19,"12:56:45 PM",111,111,"California Roll",Asian,11.95
2483,1098,2023-01-19,"1:25:39 PM",111,111,"California Roll",Asian,11.95
2490,1100,2023-01-19,"1:34:27 PM",111,111,"California Roll",Asian,11.95
2560,1133,2023-01-19,"7:59:17 PM",111,111,"California Roll",Asian,11.95
2604,1150,2023-01-20,"12:39:05 PM",111,111,"California Roll",Asian,11.95
2605,1150,2023-01-20,"12:39:05 PM",111,111,"California Roll",Asian,11.95
2616,1153,2023-01-20,"12:56:30 PM",111,111,"California Roll",Asian,11.95
2628,1157,2023-01-20,"1:16:58 PM",111,111,"California Roll",Asian,11.95
2689,1191,2023-01-20,"7:56:41 PM",111,111,"California Roll",Asian,11.95
2765,1224,2023-01-21,"3:45:47 PM",111,111,"California Roll",Asian,11.95
2772,1226,2023-01-21,"4:10:57 PM",111,111,"California Roll",Asian,11.95
2775,1228,2023-01-21,"4:26:36 PM",111,111,"California Roll",Asian,11.95
2818,1244,2023-01-21,"7:24:32 PM",111,111,"California Roll",Asian,11.95
2863,1265,2023-01-22,"12:59:26 PM",111,111,"California Roll",Asian,11.95
2878,1271,2023-01-22,"1:14:17 PM",111,111,"California Roll",Asian,11.95
2928,1291,2023-01-22,"5:20:13 PM",111,111,"California Roll",Asian,11.95
2947,1298,2023-01-22,"5:54:25 PM",111,111,"California Roll",Asian,11.95
2978,1314,2023-01-22,"8:40:55 PM",111,111,"California Roll",Asian,11.95
2982,1316,2023-01-22,"8:48:12 PM",111,111,"California Roll",Asian,11.95
2992,1321,2023-01-23,"11:17:12 AM",111,111,"California Roll",Asian,11.95
3006,1324,2023-01-23,"11:46:56 AM",111,111,"California Roll",Asian,11.95
3059,1351,2023-01-23,"4:06:00 PM",111,111,"California Roll",Asian,11.95
3089,1367,2023-01-23,"6:09:22 PM",111,111,"California Roll",Asian,11.95
3097,1370,2023-01-23,"6:45:57 PM",111,111,"California Roll",Asian,11.95
3098,1370,2023-01-23,"6:45:57 PM",111,111,"California Roll",Asian,11.95
3135,1387,2023-01-23,"9:11:38 PM",111,111,"California Roll",Asian,11.95
3146,1392,2023-01-24,"12:37:39 PM",111,111,"California Roll",Asian,11.95
3160,1399,2023-01-24,"2:07:38 PM",111,111,"California Roll",Asian,11.95
3200,1417,2023-01-24,"5:31:05 PM",111,111,"California Roll",Asian,11.95
3202,1419,2023-01-24,"6:07:48 PM",111,111,"California Roll",Asian,11.95
3266,1446,2023-01-24,"8:40:47 PM",111,111,"California Roll",Asian,11.95
3302,1458,2023-01-25,"1:46:05 PM",111,111,"California Roll",Asian,11.95
3310,1461,2023-01-25,"2:21:02 PM",111,111,"California Roll",Asian,11.95
3349,1480,2023-01-25,"5:48:20 PM",111,111,"California Roll",Asian,11.95
3373,1492,2023-01-25,"8:46:56 PM",111,111,"California Roll",Asian,11.95
3376,1494,2023-01-25,"9:01:50 PM",111,111,"California Roll",Asian,11.95
3382,1496,2023-01-25,"9:32:38 PM",111,111,"California Roll",Asian,11.95
3389,1500,2023-01-26,"11:52:57 AM",111,111,"California Roll",Asian,11.95
3484,1544,2023-01-26,"7:32:50 PM",111,111,"California Roll",Asian,11.95
3509,1560,2023-01-27,"12:56:17 PM",111,111,"California Roll",Asian,11.95
3534,1569,2023-01-27,"1:38:50 PM",111,111,"California Roll",Asian,11.95
3586,1590,2023-01-27,"5:56:16 PM",111,111,"California Roll",Asian,11.95
3608,1600,2023-01-27,"6:37:54 PM",111,111,"California Roll",Asian,11.95
3616,1604,2023-01-27,"8:05:01 PM",111,111,"California Roll",Asian,11.95
3639,1614,2023-01-27,"10:10:01 PM",111,111,"California Roll",Asian,11.95
3640,1615,2023-01-27,"10:11:38 PM",111,111,"California Roll",Asian,11.95
3705,1643,2023-01-28,"2:46:45 PM",111,111,"California Roll",Asian,11.95
3712,1646,2023-01-28,"3:28:30 PM",111,111,"California Roll",Asian,11.95
3747,1661,2023-01-28,"7:05:34 PM",111,111,"California Roll",Asian,11.95
3748,1662,2023-01-28,"7:54:25 PM",111,111,"California Roll",Asian,11.95
3757,1667,2023-01-28,"9:41:42 PM",111,111,"California Roll",Asian,11.95
3798,1685,2023-01-29,"1:36:52 PM",111,111,"California Roll",Asian,11.95
3828,1701,2023-01-29,"4:40:57 PM",111,111,"California Roll",Asian,11.95
3991,1782,2023-01-30,"9:05:29 PM",111,111,"California Roll",Asian,11.95
4035,1796,2023-01-31,"1:31:47 PM",111,111,"California Roll",Asian,11.95
4038,1797,2023-01-31,"1:40:00 PM",111,111,"California Roll",Asian,11.95
4060,1806,2023-01-31,"4:02:17 PM",111,111,"California Roll",Asian,11.95
4089,1818,2023-01-31,"6:05:33 PM",111,111,"California Roll",Asian,11.95
4096,1820,2023-01-31,"6:13:57 PM",111,111,"California Roll",Asian,11.95
4123,1832,2023-01-31,"8:08:22 PM",111,111,"California Roll",Asian,11.95
4147,1842,2023-01-31,"9:07:17 PM",111,111,"California Roll",Asian,11.95
4170,1851,2023-02-01,"11:49:01 AM",111,111,"California Roll",Asian,11.95
4181,1853,2023-02-01,"12:12:59 PM",111,111,"California Roll",Asian,11.95
4232,1878,2023-02-01,"4:07:22 PM",111,111,"California Roll",Asian,11.95
4237,1881,2023-02-01,"4:16:16 PM",111,111,"California Roll",Asian,11.95
4257,1888,2023-02-01,"5:01:44 PM",111,111,"California Roll",Asian,11.95
4309,1916,2023-02-01,"7:27:59 PM",111,111,"California Roll",Asian,11.95
4339,1929,2023-02-01,"10:08:01 PM",111,111,"California Roll",Asian,11.95
4463,1986,2023-02-02,"8:07:17 PM",111,111,"California Roll",Asian,11.95
4499,1999,2023-02-03,"12:07:51 PM",111,111,"California Roll",Asian,11.95
4535,2008,2023-02-03,"12:47:12 PM",111,111,"California Roll",Asian,11.95
4610,2046,2023-02-03,"6:46:54 PM",111,111,"California Roll",Asian,11.95
4688,2075,2023-02-04,"2:03:04 PM",111,111,"California Roll",Asian,11.95
4712,2086,2023-02-04,"4:38:50 PM",111,111,"California Roll",Asian,11.95
4766,2110,2023-02-04,"9:16:34 PM",111,111,"California Roll",Asian,11.95
4785,2119,2023-02-05,"12:30:46 PM",111,111,"California Roll",Asian,11.95
4804,2126,2023-02-05,"1:31:29 PM",111,111,"California Roll",Asian,11.95
4821,2132,2023-02-05,"2:18:04 PM",111,111,"California Roll",Asian,11.95
4832,2136,2023-02-05,"2:54:49 PM",111,111,"California Roll",Asian,11.95
4849,2145,2023-02-05,"5:57:12 PM",111,111,"California Roll",Asian,11.95
4929,2183,2023-02-06,"12:25:17 PM",111,111,"California Roll",Asian,11.95
4957,2190,2023-02-06,"1:19:45 PM",111,111,"California Roll",Asian,11.95
4973,2197,2023-02-06,"2:01:18 PM",111,111,"California Roll",Asian,11.95
4981,2202,2023-02-06,"3:31:14 PM",111,111,"California Roll",Asian,11.95
5001,2211,2023-02-06,"5:30:36 PM",111,111,"California Roll",Asian,11.95
5033,2228,2023-02-06,"8:04:33 PM",111,111,"California Roll",Asian,11.95
5048,2235,2023-02-06,"9:26:37 PM",111,111,"California Roll",Asian,11.95
5251,2326,2023-02-08,"4:28:40 PM",111,111,"California Roll",Asian,11.95
5254,2327,2023-02-08,"4:58:21 PM",111,111,"California Roll",Asian,11.95
5327,2362,2023-02-09,"12:30:05 PM",111,111,"California Roll",Asian,11.95
5374,2375,2023-02-09,"3:14:42 PM",111,111,"California Roll",Asian,11.95
5382,2378,2023-02-09,"4:05:30 PM",111,111,"California Roll",Asian,11.95
5387,2380,2023-02-09,"4:22:26 PM",111,111,"California Roll",Asian,11.95
5425,2397,2023-02-09,"6:35:19 PM",111,111,"California Roll",Asian,11.95
5455,2410,2023-02-10,"11:43:09 AM",111,111,"California Roll",Asian,11.95
5468,2417,2023-02-10,"12:38:36 PM",111,111,"California Roll",Asian,11.95
5479,2423,2023-02-10,"1:04:06 PM",111,111,"California Roll",Asian,11.95
5482,2424,2023-02-10,"1:04:23 PM",111,111,"California Roll",Asian,11.95
5491,2430,2023-02-10,"1:54:52 PM",111,111,"California Roll",Asian,11.95
5497,2431,2023-02-10,"2:06:28 PM",111,111,"California Roll",Asian,11.95
5515,2439,2023-02-10,"4:43:26 PM",111,111,"California Roll",Asian,11.95
5555,2457,2023-02-10,"8:01:34 PM",111,111,"California Roll",Asian,11.95
5562,2460,2023-02-10,"8:13:13 PM",111,111,"California Roll",Asian,11.95
5691,2522,2023-02-11,"7:25:46 PM",111,111,"California Roll",Asian,11.95
5785,2563,2023-02-12,"2:43:38 PM",111,111,"California Roll",Asian,11.95
5829,2585,2023-02-12,"6:27:56 PM",111,111,"California Roll",Asian,11.95
5858,2598,2023-02-13,"11:37:51 AM",111,111,"California Roll",Asian,11.95
5880,2607,2023-02-13,"1:00:12 PM",111,111,"California Roll",Asian,11.95
5894,2612,2023-02-13,"1:43:11 PM",111,111,"California Roll",Asian,11.95
5917,2623,2023-02-13,"4:08:36 PM",111,111,"California Roll",Asian,11.95
5921,2625,2023-02-13,"4:23:52 PM",111,111,"California Roll",Asian,11.95
6007,2663,2023-02-13,"10:24:52 PM",111,111,"California Roll",Asian,11.95
6015,2668,2023-02-14,"12:22:58 PM",111,111,"California Roll",Asian,11.95
6158,2725,2023-02-15,"11:52:00 AM",111,111,"California Roll",Asian,11.95
6214,2751,2023-02-15,"5:28:16 PM",111,111,"California Roll",Asian,11.95
6226,2755,2023-02-15,"5:49:17 PM",111,111,"California Roll",Asian,11.95
6262,2772,2023-02-15,"9:02:21 PM",111,111,"California Roll",Asian,11.95
6305,2786,2023-02-16,"12:18:19 PM",111,111,"California Roll",Asian,11.95
6324,2794,2023-02-16,"1:13:19 PM",111,111,"California Roll",Asian,11.95
6346,2805,2023-02-16,"4:57:14 PM",111,111,"California Roll",Asian,11.95
6351,2808,2023-02-16,"5:27:14 PM",111,111,"California Roll",Asian,11.95
6355,2810,2023-02-16,"5:54:00 PM",111,111,"California Roll",Asian,11.95
6357,2811,2023-02-16,"6:03:29 PM",111,111,"California Roll",Asian,11.95
6380,2820,2023-02-16,"7:35:17 PM",111,111,"California Roll",Asian,11.95
6387,2824,2023-02-16,"7:55:28 PM",111,111,"California Roll",Asian,11.95
6425,2845,2023-02-17,"1:47:42 PM",111,111,"California Roll",Asian,11.95
6454,2854,2023-02-17,"3:24:37 PM",111,111,"California Roll",Asian,11.95
6506,2880,2023-02-17,"8:41:21 PM",111,111,"California Roll",Asian,11.95
6558,2902,2023-02-18,"1:04:25 PM",111,111,"California Roll",Asian,11.95
6587,2912,2023-02-18,"3:39:02 PM",111,111,"California Roll",Asian,11.95
6676,2947,2023-02-18,"10:15:02 PM",111,111,"California Roll",Asian,11.95
6728,2965,2023-02-19,"1:35:13 PM",111,111,"California Roll",Asian,11.95
6791,2999,2023-02-19,"7:57:15 PM",111,111,"California Roll",Asian,11.95
6820,3012,2023-02-20,"12:32:03 PM",111,111,"California Roll",Asian,11.95
6836,3018,2023-02-20,"1:12:40 PM",111,111,"California Roll",Asian,11.95
6865,3030,2023-02-20,"1:59:16 PM",111,111,"California Roll",Asian,11.95
6896,3042,2023-02-20,"4:30:09 PM",111,111,"California Roll",Asian,11.95
6925,3055,2023-02-20,"6:42:15 PM",111,111,"California Roll",Asian,11.95
6977,3080,2023-02-21,"12:23:18 PM",111,111,"California Roll",Asian,11.95
6980,3081,2023-02-21,"12:35:15 PM",111,111,"California Roll",Asian,11.95
6986,3082,2023-02-21,"12:37:30 PM",111,111,"California Roll",Asian,11.95
7007,3090,2023-02-21,"2:03:29 PM",111,111,"California Roll",Asian,11.95
7088,3129,2023-02-21,"9:50:56 PM",111,111,"California Roll",Asian,11.95
7089,3130,2023-02-21,"9:59:36 PM",111,111,"California Roll",Asian,11.95
7096,3133,2023-02-21,"11:05:24 PM",111,111,"California Roll",Asian,11.95
7195,3173,2023-02-23,"11:54:41 AM",111,111,"California Roll",Asian,11.95
7217,3185,2023-02-23,"1:22:07 PM",111,111,"California Roll",Asian,11.95
7220,3186,2023-02-23,"1:22:54 PM",111,111,"California Roll",Asian,11.95
7253,3196,2023-02-23,"4:28:00 PM",111,111,"California Roll",Asian,11.95
7272,3204,2023-02-23,"5:29:25 PM",111,111,"California Roll",Asian,11.95
7275,3205,2023-02-23,"5:31:33 PM",111,111,"California Roll",Asian,11.95
7325,3228,2023-02-24,"12:08:42 PM",111,111,"California Roll",Asian,11.95
7384,3254,2023-02-24,"4:39:08 PM",111,111,"California Roll",Asian,11.95
7392,3257,2023-02-24,"5:38:20 PM",111,111,"California Roll",Asian,11.95
7436,3278,2023-02-24,"9:03:42 PM",111,111,"California Roll",Asian,11.95
7449,3283,2023-02-25,"10:54:03 AM",111,111,"California Roll",Asian,11.95
7524,3312,2023-02-25,"3:49:29 PM",111,111,"California Roll",Asian,11.95
7557,3329,2023-02-25,"6:49:43 PM",111,111,"California Roll",Asian,11.95
7568,3334,2023-02-25,"7:54:47 PM",111,111,"California Roll",Asian,11.95
7587,3344,2023-02-25,"9:26:35 PM",111,111,"California Roll",Asian,11.95
7588,3345,2023-02-25,"9:39:51 PM",111,111,"California Roll",Asian,11.95
7592,3348,2023-02-26,"12:08:52 PM",111,111,"California Roll",Asian,11.95
7635,3363,2023-02-26,"1:52:23 PM",111,111,"California Roll",Asian,11.95
7646,3366,2023-02-26,"2:18:48 PM",111,111,"California Roll",Asian,11.95
7680,3382,2023-02-26,"5:24:43 PM",111,111,"California Roll",Asian,11.95
7730,3402,2023-02-27,"11:51:02 AM",111,111,"California Roll",Asian,11.95
7759,3415,2023-02-27,"1:02:11 PM",111,111,"California Roll",Asian,11.95
7813,3436,2023-02-27,"5:09:56 PM",111,111,"California Roll",Asian,11.95
7847,3449,2023-02-27,"6:43:12 PM",111,111,"California Roll",Asian,11.95
7878,3461,2023-02-27,"7:44:21 PM",111,111,"California Roll",Asian,11.95
7916,3476,2023-02-28,"12:08:55 PM",111,111,"California Roll",Asian,11.95
7934,3484,2023-02-28,"1:57:51 PM",111,111,"California Roll",Asian,11.95
7965,3499,2023-02-28,"5:28:45 PM",111,111,"California Roll",Asian,11.95
8042,3528,2023-02-28,"9:39:40 PM",111,111,"California Roll",Asian,11.95
8097,3553,2023-03-01,"5:29:42 PM",111,111,"California Roll",Asian,11.95
8168,3585,2023-03-02,"12:33:30 PM",111,111,"California Roll",Asian,11.95
8179,3589,2023-03-02,"12:46:49 PM",111,111,"California Roll",Asian,11.95
8242,3619,2023-03-02,"5:47:31 PM",111,111,"California Roll",Asian,11.95
8290,3641,2023-03-03,"12:14:07 PM",111,111,"California Roll",Asian,11.95
8296,3643,2023-03-03,"12:39:57 PM",111,111,"California Roll",Asian,11.95
8327,3654,2023-03-03,"1:38:34 PM",111,111,"California Roll",Asian,11.95
8331,3655,2023-03-03,"1:39:24 PM",111,111,"California Roll",Asian,11.95
8436,3697,2023-03-04,"12:19:37 PM",111,111,"California Roll",Asian,11.95
8462,3706,2023-03-04,"1:17:31 PM",111,111,"California Roll",Asian,11.95
8488,3716,2023-03-04,"2:57:58 PM",111,111,"California Roll",Asian,11.95
8503,3725,2023-03-04,"4:56:16 PM",111,111,"California Roll",Asian,11.95
8509,3728,2023-03-04,"5:30:38 PM",111,111,"California Roll",Asian,11.95
8516,3729,2023-03-04,"5:52:09 PM",111,111,"California Roll",Asian,11.95
8525,3733,2023-03-04,"6:19:59 PM",111,111,"California Roll",Asian,11.95
8552,3746,2023-03-04,"8:45:53 PM",111,111,"California Roll",Asian,11.95
8565,3751,2023-03-05,"11:47:34 AM",111,111,"California Roll",Asian,11.95
8603,3773,2023-03-05,"1:41:31 PM",111,111,"California Roll",Asian,11.95
8618,3776,2023-03-05,"1:59:08 PM",111,111,"California Roll",Asian,11.95
8751,3834,2023-03-06,"1:48:02 PM",111,111,"California Roll",Asian,11.95
8821,3867,2023-03-06,"8:10:12 PM",111,111,"California Roll",Asian,11.95
8863,3886,2023-03-07,"12:23:20 PM",111,111,"California Roll",Asian,11.95
8896,3899,2023-03-07,"4:21:06 PM",111,111,"California Roll",Asian,11.95
8951,3922,2023-03-07,"8:12:39 PM",111,111,"California Roll",Asian,11.95
8968,3929,2023-03-07,"9:13:37 PM",111,111,"California Roll",Asian,11.95
9047,3968,2023-03-08,"4:55:44 PM",111,111,"California Roll",Asian,11.95
9100,3991,2023-03-08,"8:03:54 PM",111,111,"California Roll",Asian,11.95
9223,4040,2023-03-09,"6:31:54 PM",111,111,"California Roll",Asian,11.95
9231,4045,2023-03-09,"7:07:54 PM",111,111,"California Roll",Asian,11.95
9288,4068,2023-03-10,"12:56:40 PM",111,111,"California Roll",Asian,11.95
9375,4106,2023-03-10,"8:08:25 PM",111,111,"California Roll",Asian,11.95
9401,4119,2023-03-11,"12:17:41 PM",111,111,"California Roll",Asian,11.95
9402,4120,2023-03-11,"12:31:01 PM",111,111,"California Roll",Asian,11.95
9517,4168,2023-03-11,"7:25:05 PM",111,111,"California Roll",Asian,11.95
9544,4184,2023-03-12,"12:19:43 PM",111,111,"California Roll",Asian,11.95
9556,4186,2023-03-12,"12:38:05 PM",111,111,"California Roll",Asian,11.95
9574,4194,2023-03-12,"2:30:20 PM",111,111,"California Roll",Asian,11.95
9639,4225,2023-03-12,"8:30:07 PM",111,111,"California Roll",Asian,11.95
9640,4225,2023-03-12,"8:30:07 PM",111,111,"California Roll",Asian,11.95
9705,4250,2023-03-13,"3:18:42 PM",111,111,"California Roll",Asian,11.95
9717,4256,2023-03-13,"5:09:06 PM",111,111,"California Roll",Asian,11.95
9736,4264,2023-03-13,"5:48:27 PM",111,111,"California Roll",Asian,11.95
9822,4301,2023-03-14,"12:43:04 PM",111,111,"California Roll",Asian,11.95
9831,4305,2023-03-14,"1:09:20 PM",111,111,"California Roll",Asian,11.95
9850,4310,2023-03-14,"1:47:57 PM",111,111,"California Roll",Asian,11.95
9869,4319,2023-03-14,"4:10:40 PM",111,111,"California Roll",Asian,11.95
9872,4320,2023-03-14,"4:22:10 PM",111,111,"California Roll",Asian,11.95
9878,4323,2023-03-14,"4:38:05 PM",111,111,"California Roll",Asian,11.95
9914,4343,2023-03-14,"7:53:17 PM",111,111,"California Roll",Asian,11.95
9919,4345,2023-03-14,"8:18:21 PM",111,111,"California Roll",Asian,11.95
9925,4349,2023-03-14,"8:47:01 PM",111,111,"California Roll",Asian,11.95
9942,4356,2023-03-15,"11:48:27 AM",111,111,"California Roll",Asian,11.95
9952,4359,2023-03-15,"12:42:51 PM",111,111,"California Roll",Asian,11.95
10003,4379,2023-03-15,"4:12:56 PM",111,111,"California Roll",Asian,11.95
10024,4386,2023-03-15,"5:30:07 PM",111,111,"California Roll",Asian,11.95
10042,4394,2023-03-15,"6:56:08 PM",111,111,"California Roll",Asian,11.95
10063,4404,2023-03-16,"11:18:16 AM",111,111,"California Roll",Asian,11.95
10095,4422,2023-03-16,"1:14:57 PM",111,111,"California Roll",Asian,11.95
10096,4422,2023-03-16,"1:14:57 PM",111,111,"California Roll",Asian,11.95
10118,4428,2023-03-16,"2:00:48 PM",111,111,"California Roll",Asian,11.95
10175,4457,2023-03-16,"6:41:34 PM",111,111,"California Roll",Asian,11.95
10197,4467,2023-03-16,"8:29:39 PM",111,111,"California Roll",Asian,11.95
10229,4479,2023-03-17,"1:33:20 PM",111,111,"California Roll",Asian,11.95
10243,4482,2023-03-17,"1:57:38 PM",111,111,"California Roll",Asian,11.95
10266,4490,2023-03-17,"3:35:21 PM",111,111,"California Roll",Asian,11.95
10420,4562,2023-03-18,"1:45:29 PM",111,111,"California Roll",Asian,11.95
10425,4564,2023-03-18,"2:15:58 PM",111,111,"California Roll",Asian,11.95
10485,4595,2023-03-18,"8:41:38 PM",111,111,"California Roll",Asian,11.95
10508,4607,2023-03-19,"11:40:57 AM",111,111,"California Roll",Asian,11.95
10545,4622,2023-03-19,"2:31:45 PM",111,111,"California Roll",Asian,11.95
10583,4634,2023-03-19,"5:44:39 PM",111,111,"California Roll",Asian,11.95
10673,4669,2023-03-20,"12:55:55 PM",111,111,"California Roll",Asian,11.95
10686,4675,2023-03-20,"1:27:10 PM",111,111,"California Roll",Asian,11.95
10714,4693,2023-03-20,"5:37:54 PM",111,111,"California Roll",Asian,11.95
10722,4697,2023-03-20,"6:24:39 PM",111,111,"California Roll",Asian,11.95
10724,4698,2023-03-20,"6:29:47 PM",111,111,"California Roll",Asian,11.95
10758,4711,2023-03-20,"7:52:39 PM",111,111,"California Roll",Asian,11.95
10784,4725,2023-03-20,"10:20:00 PM",111,111,"California Roll",Asian,11.95
10852,4750,2023-03-21,"3:17:26 PM",111,111,"California Roll",Asian,11.95
10945,4793,2023-03-22,"2:56:38 PM",111,111,"California Roll",Asian,11.95
10986,4811,2023-03-22,"7:34:54 PM",111,111,"California Roll",Asian,11.95
11054,4841,2023-03-23,"1:45:24 PM",111,111,"California Roll",Asian,11.95
11097,4863,2023-03-23,"6:18:12 PM",111,111,"California Roll",Asian,11.95
11107,4868,2023-03-23,"7:39:40 PM",111,111,"California Roll",Asian,11.95
11172,4901,2023-03-24,"2:42:01 PM",111,111,"California Roll",Asian,11.95
11197,4912,2023-03-24,"4:58:45 PM",111,111,"California Roll",Asian,11.95
11258,4941,2023-03-25,"11:32:56 AM",111,111,"California Roll",Asian,11.95
11364,4991,2023-03-25,"9:09:19 PM",111,111,"California Roll",Asian,11.95
11443,5029,2023-03-26,"3:55:20 PM",111,111,"California Roll",Asian,11.95
11465,5038,2023-03-26,"5:12:05 PM",111,111,"California Roll",Asian,11.95
11521,5066,2023-03-27,"12:20:59 PM",111,111,"California Roll",Asian,11.95
11545,5077,2023-03-27,"1:21:18 PM",111,111,"California Roll",Asian,11.95
11662,5125,2023-03-27,"9:08:30 PM",111,111,"California Roll",Asian,11.95
11694,5138,2023-03-28,"12:40:47 PM",111,111,"California Roll",Asian,11.95
11707,5144,2023-03-28,"1:58:24 PM",111,111,"California Roll",Asian,11.95
11785,5181,2023-03-28,"7:54:39 PM",111,111,"California Roll",Asian,11.95
11864,5209,2023-03-29,"2:40:49 PM",111,111,"California Roll",Asian,11.95
11932,5240,2023-03-29,"7:43:26 PM",111,111,"California Roll",Asian,11.95
11962,5255,2023-03-30,"12:30:24 PM",111,111,"California Roll",Asian,11.95
11987,5266,2023-03-30,"1:53:43 PM",111,111,"California Roll",Asian,11.95
12100,5317,2023-03-31,"1:04:13 PM",111,111,"California Roll",Asian,11.95
12118,5322,2023-03-31,"1:35:58 PM",111,111,"California Roll",Asian,11.95
12133,5328,2023-03-31,"2:23:57 PM",111,111,"California Roll",Asian,11.95
12138,5330,2023-03-31,"2:48:47 PM",111,111,"California Roll",Asian,11.95
12196,5356,2023-03-31,"6:52:00 PM",111,111,"California Roll",Asian,11.95
12222,5366,2023-03-31,"9:01:41 PM",111,111,"California Roll",Asian,11.95
12223,5366,2023-03-31,"9:01:41 PM",111,111,"California Roll",Asian,11.95
87,35,2023-01-01,"4:32:04 PM",112,112,"Salmon Roll",Asian,14.95
124,51,2023-01-01,"6:48:28 PM",112,112,"Salmon Roll",Asian,14.95
128,53,2023-01-01,"6:54:17 PM",112,112,"Salmon Roll",Asian,14.95
141,59,2023-01-01,"7:40:08 PM",112,112,"Salmon Roll",Asian,14.95
149,63,2023-01-01,"8:51:42 PM",112,112,"Salmon Roll",Asian,14.95
151,65,2023-01-01,"9:16:00 PM",112,112,"Salmon Roll",Asian,14.95
187,79,2023-01-02,"12:29:11 PM",112,112,"Salmon Roll",Asian,14.95
348,144,2023-01-03,"1:44:28 PM",112,112,"Salmon Roll",Asian,14.95
449,190,2023-01-03,"8:14:23 PM",112,112,"Salmon Roll",Asian,14.95
478,203,2023-01-04,"11:30:48 AM",112,112,"Salmon Roll",Asian,14.95
522,223,2023-01-04,"4:08:20 PM",112,112,"Salmon Roll",Asian,14.95
586,256,2023-01-05,"11:56:06 AM",112,112,"Salmon Roll",Asian,14.95
651,287,2023-01-05,"5:30:09 PM",112,112,"Salmon Roll",Asian,14.95
701,308,2023-01-05,"9:59:46 PM",112,112,"Salmon Roll",Asian,14.95
725,317,2023-01-06,"12:31:00 PM",112,112,"Salmon Roll",Asian,14.95
757,330,2023-01-06,"1:27:11 PM",112,112,"Salmon Roll",Asian,14.95
886,390,2023-01-07,"1:15:32 PM",112,112,"Salmon Roll",Asian,14.95
902,394,2023-01-07,"2:02:18 PM",112,112,"Salmon Roll",Asian,14.95
960,420,2023-01-07,"7:04:40 PM",112,112,"Salmon Roll",Asian,14.95
992,435,2023-01-08,"12:06:09 PM",112,112,"Salmon Roll",Asian,14.95
996,436,2023-01-08,"12:07:21 PM",112,112,"Salmon Roll",Asian,14.95
1041,448,2023-01-08,"1:03:34 PM",112,112,"Salmon Roll",Asian,14.95
1110,483,2023-01-08,"5:54:05 PM",112,112,"Salmon Roll",Asian,14.95
1145,499,2023-01-08,"9:10:46 PM",112,112,"Salmon Roll",Asian,14.95
1334,592,2023-01-10,"5:41:55 PM",112,112,"Salmon Roll",Asian,14.95
1341,596,2023-01-10,"6:24:07 PM",112,112,"Salmon Roll",Asian,14.95
1383,615,2023-01-10,"8:14:03 PM",112,112,"Salmon Roll",Asian,14.95
1417,629,2023-01-10,"10:48:39 PM",112,112,"Salmon Roll",Asian,14.95
1440,639,2023-01-11,"1:23:21 PM",112,112,"Salmon Roll",Asian,14.95
1554,694,2023-01-12,"1:30:47 PM",112,112,"Salmon Roll",Asian,14.95
1562,698,2023-01-12,"2:08:16 PM",112,112,"Salmon Roll",Asian,14.95
1593,711,2023-01-12,"4:21:10 PM",112,112,"Salmon Roll",Asian,14.95
1614,720,2023-01-12,"5:53:59 PM",112,112,"Salmon Roll",Asian,14.95
1647,735,2023-01-12,"8:35:34 PM",112,112,"Salmon Roll",Asian,14.95
1648,735,2023-01-12,"8:35:34 PM",112,112,"Salmon Roll",Asian,14.95
1686,750,2023-01-13,"2:48:09 PM",112,112,"Salmon Roll",Asian,14.95
1697,754,2023-01-13,"3:47:56 PM",112,112,"Salmon Roll",Asian,14.95
1737,773,2023-01-13,"6:18:15 PM",112,112,"Salmon Roll",Asian,14.95
1742,775,2023-01-13,"6:42:12 PM",112,112,"Salmon Roll",Asian,14.95
1798,799,2023-01-14,"12:51:29 PM",112,112,"Salmon Roll",Asian,14.95
1831,812,2023-01-14,"3:37:45 PM",112,112,"Salmon Roll",Asian,14.95
1843,818,2023-01-14,"5:15:50 PM",112,112,"Salmon Roll",Asian,14.95
1966,874,2023-01-15,"3:20:36 PM",112,112,"Salmon Roll",Asian,14.95
2026,904,2023-01-15,"8:07:01 PM",112,112,"Salmon Roll",Asian,14.95
2043,912,2023-01-16,"11:39:48 AM",112,112,"Salmon Roll",Asian,14.95
2091,930,2023-01-16,"3:00:11 PM",112,112,"Salmon Roll",Asian,14.95
2111,940,2023-01-16,"5:05:08 PM",112,112,"Salmon Roll",Asian,14.95
2130,948,2023-01-16,"6:42:17 PM",112,112,"Salmon Roll",Asian,14.95
2162,962,2023-01-16,"7:55:17 PM",112,112,"Salmon Roll",Asian,14.95
2191,977,2023-01-17,"12:01:58 PM",112,112,"Salmon Roll",Asian,14.95
2267,1011,2023-01-17,"7:20:20 PM",112,112,"Salmon Roll",Asian,14.95
2283,1018,2023-01-17,"8:38:50 PM",112,112,"Salmon Roll",Asian,14.95
2298,1025,2023-01-17,"9:49:00 PM",112,112,"Salmon Roll",Asian,14.95
2342,1042,2023-01-18,"2:06:19 PM",112,112,"Salmon Roll",Asian,14.95
2396,1066,2023-01-18,"6:10:50 PM",112,112,"Salmon Roll",Asian,14.95
2407,1071,2023-01-18,"6:27:40 PM",112,112,"Salmon Roll",Asian,14.95
2477,1096,2023-01-19,"12:56:45 PM",112,112,"Salmon Roll",Asian,14.95
2505,1109,2023-01-19,"4:20:22 PM",112,112,"Salmon Roll",Asian,14.95
2529,1120,2023-01-19,"5:46:46 PM",112,112,"Salmon Roll",Asian,14.95
2544,1127,2023-01-19,"6:53:52 PM",112,112,"Salmon Roll",Asian,14.95
2550,1129,2023-01-19,"7:00:20 PM",112,112,"Salmon Roll",Asian,14.95
2561,1133,2023-01-19,"7:59:17 PM",112,112,"Salmon Roll",Asian,14.95
2563,1134,2023-01-19,"8:05:41 PM",112,112,"Salmon Roll",Asian,14.95
2635,1160,2023-01-20,"2:14:54 PM",112,112,"Salmon Roll",Asian,14.95
2640,1164,2023-01-20,"3:13:31 PM",112,112,"Salmon Roll",Asian,14.95
2755,1219,2023-01-21,"3:13:10 PM",112,112,"Salmon Roll",Asian,14.95
2778,1230,2023-01-21,"4:38:28 PM",112,112,"Salmon Roll",Asian,14.95
2794,1235,2023-01-21,"5:55:58 PM",112,112,"Salmon Roll",Asian,14.95
2864,1265,2023-01-22,"12:59:26 PM",112,112,"Salmon Roll",Asian,14.95
2871,1267,2023-01-22,"1:01:27 PM",112,112,"Salmon Roll",Asian,14.95
2925,1290,2023-01-22,"5:17:19 PM",112,112,"Salmon Roll",Asian,14.95
2934,1293,2023-01-22,"5:37:59 PM",112,112,"Salmon Roll",Asian,14.95
3001,1323,2023-01-23,"11:45:37 AM",112,112,"Salmon Roll",Asian,14.95
3010,1325,2023-01-23,"11:50:45 AM",112,112,"Salmon Roll",Asian,14.95
3018,1331,2023-01-23,"12:54:56 PM",112,112,"Salmon Roll",Asian,14.95
3021,1332,2023-01-23,"12:55:29 PM",112,112,"Salmon Roll",Asian,14.95
3023,1333,2023-01-23,"12:57:07 PM",112,112,"Salmon Roll",Asian,14.95
3080,1363,2023-01-23,"5:46:45 PM",112,112,"Salmon Roll",Asian,14.95
3132,1385,2023-01-23,"8:57:30 PM",112,112,"Salmon Roll",Asian,14.95
3176,1408,2023-01-24,"4:05:14 PM",112,112,"Salmon Roll",Asian,14.95
3226,1429,2023-01-24,"7:36:22 PM",112,112,"Salmon Roll",Asian,14.95
3279,1451,2023-01-24,"9:23:59 PM",112,112,"Salmon Roll",Asian,14.95
3295,1457,2023-01-25,"1:35:53 PM",112,112,"Salmon Roll",Asian,14.95
3363,1488,2023-01-25,"7:49:28 PM",112,112,"Salmon Roll",Asian,14.95
3419,1509,2023-01-26,"1:08:25 PM",112,112,"Salmon Roll",Asian,14.95
3457,1533,2023-01-26,"4:08:02 PM",112,112,"Salmon Roll",Asian,14.95
3552,1575,2023-01-27,"3:37:13 PM",112,112,"Salmon Roll",Asian,14.95
3555,1577,2023-01-27,"3:48:27 PM",112,112,"Salmon Roll",Asian,14.95
3571,1584,2023-01-27,"5:08:55 PM",112,112,"Salmon Roll",Asian,14.95
3609,1600,2023-01-27,"6:37:54 PM",112,112,"Salmon Roll",Asian,14.95
3629,1611,2023-01-27,"9:03:04 PM",112,112,"Salmon Roll",Asian,14.95
3672,1632,2023-01-28,"12:20:31 PM",112,112,"Salmon Roll",Asian,14.95
3734,1656,2023-01-28,"6:15:57 PM",112,112,"Salmon Roll",Asian,14.95
3743,1659,2023-01-28,"6:48:06 PM",112,112,"Salmon Roll",Asian,14.95
3852,1714,2023-01-29,"7:34:31 PM",112,112,"Salmon Roll",Asian,14.95
3857,1716,2023-01-29,"8:05:12 PM",112,112,"Salmon Roll",Asian,14.95
3875,1726,2023-01-29,"10:44:10 PM",112,112,"Salmon Roll",Asian,14.95
4012,1791,2023-01-30,"10:46:02 PM",112,112,"Salmon Roll",Asian,14.95
4118,1829,2023-01-31,"7:15:50 PM",112,112,"Salmon Roll",Asian,14.95
4131,1835,2023-01-31,"8:28:11 PM",112,112,"Salmon Roll",Asian,14.95
4151,1844,2023-01-31,"10:09:40 PM",112,112,"Salmon Roll",Asian,14.95
4261,1890,2023-02-01,"5:09:36 PM",112,112,"Salmon Roll",Asian,14.95
4277,1897,2023-02-01,"5:32:37 PM",112,112,"Salmon Roll",Asian,14.95
4302,1912,2023-02-01,"7:01:32 PM",112,112,"Salmon Roll",Asian,14.95
4378,1948,2023-02-02,"1:13:28 PM",112,112,"Salmon Roll",Asian,14.95
4385,1954,2023-02-02,"1:53:10 PM",112,112,"Salmon Roll",Asian,14.95
4395,1957,2023-02-02,"2:50:01 PM",112,112,"Salmon Roll",Asian,14.95
4425,1967,2023-02-02,"4:41:43 PM",112,112,"Salmon Roll",Asian,14.95
4500,1999,2023-02-03,"12:07:51 PM",112,112,"Salmon Roll",Asian,14.95
4507,2000,2023-02-03,"12:14:27 PM",112,112,"Salmon Roll",Asian,14.95
4599,2039,2023-02-03,"5:36:07 PM",112,112,"Salmon Roll",Asian,14.95
4619,2050,2023-02-03,"7:20:46 PM",112,112,"Salmon Roll",Asian,14.95
4636,2056,2023-02-03,"9:05:04 PM",112,112,"Salmon Roll",Asian,14.95
4689,2075,2023-02-04,"2:03:04 PM",112,112,"Salmon Roll",Asian,14.95
4703,2081,2023-02-04,"3:14:39 PM",112,112,"Salmon Roll",Asian,14.95
4704,2081,2023-02-04,"3:14:39 PM",112,112,"Salmon Roll",Asian,14.95
4706,2082,2023-02-04,"3:16:20 PM",112,112,"Salmon Roll",Asian,14.95
4733,2096,2023-02-04,"6:11:16 PM",112,112,"Salmon Roll",Asian,14.95
4840,2141,2023-02-05,"5:00:13 PM",112,112,"Salmon Roll",Asian,14.95
4935,2186,2023-02-06,"1:03:16 PM",112,112,"Salmon Roll",Asian,14.95
4948,2188,2023-02-06,"1:13:33 PM",112,112,"Salmon Roll",Asian,14.95
4949,2188,2023-02-06,"1:13:33 PM",112,112,"Salmon Roll",Asian,14.95
4958,2191,2023-02-06,"1:19:59 PM",112,112,"Salmon Roll",Asian,14.95
4992,2206,2023-02-06,"4:59:29 PM",112,112,"Salmon Roll",Asian,14.95
5037,2229,2023-02-06,"8:16:54 PM",112,112,"Salmon Roll",Asian,14.95
5234,2317,2023-02-08,"2:49:35 PM",112,112,"Salmon Roll",Asian,14.95
5276,2336,2023-02-08,"6:24:31 PM",112,112,"Salmon Roll",Asian,14.95
5310,2352,2023-02-08,"10:21:27 PM",112,112,"Salmon Roll",Asian,14.95
5346,2367,2023-02-09,"1:08:29 PM",112,112,"Salmon Roll",Asian,14.95
5427,2398,2023-02-09,"6:53:44 PM",112,112,"Salmon Roll",Asian,14.95
5523,2442,2023-02-10,"4:49:38 PM",112,112,"Salmon Roll",Asian,14.95
5535,2448,2023-02-10,"5:26:11 PM",112,112,"Salmon Roll",Asian,14.95
5553,2456,2023-02-10,"7:19:00 PM",112,112,"Salmon Roll",Asian,14.95
5623,2491,2023-02-11,"2:00:00 PM",112,112,"Salmon Roll",Asian,14.95
5675,2515,2023-02-11,"6:46:12 PM",112,112,"Salmon Roll",Asian,14.95
5700,2524,2023-02-11,"7:31:47 PM",112,112,"Salmon Roll",Asian,14.95
5714,2530,2023-02-11,"8:11:26 PM",112,112,"Salmon Roll",Asian,14.95
5717,2531,2023-02-11,"8:22:03 PM",112,112,"Salmon Roll",Asian,14.95
5759,2548,2023-02-12,"12:48:03 PM",112,112,"Salmon Roll",Asian,14.95
5812,2577,2023-02-12,"5:21:15 PM",112,112,"Salmon Roll",Asian,14.95
5951,2636,2023-02-13,"6:10:11 PM",112,112,"Salmon Roll",Asian,14.95
5991,2654,2023-02-13,"9:05:06 PM",112,112,"Salmon Roll",Asian,14.95
5992,2655,2023-02-13,"9:34:36 PM",112,112,"Salmon Roll",Asian,14.95
5999,2658,2023-02-13,"9:59:50 PM",112,112,"Salmon Roll",Asian,14.95
6034,2675,2023-02-14,"2:41:49 PM",112,112,"Salmon Roll",Asian,14.95
6054,2685,2023-02-14,"5:15:58 PM",112,112,"Salmon Roll",Asian,14.95
6057,2687,2023-02-14,"5:31:20 PM",112,112,"Salmon Roll",Asian,14.95
6062,2690,2023-02-14,"5:49:26 PM",112,112,"Salmon Roll",Asian,14.95
6105,2707,2023-02-14,"7:35:46 PM",112,112,"Salmon Roll",Asian,14.95
6216,2752,2023-02-15,"5:29:20 PM",112,112,"Salmon Roll",Asian,14.95
6253,2768,2023-02-15,"7:59:22 PM",112,112,"Salmon Roll",Asian,14.95
6284,2781,2023-02-16,"11:47:04 AM",112,112,"Salmon Roll",Asian,14.95
6294,2784,2023-02-16,"12:16:21 PM",112,112,"Salmon Roll",Asian,14.95
6307,2787,2023-02-16,"12:23:23 PM",112,112,"Salmon Roll",Asian,14.95
6340,2803,2023-02-16,"4:23:34 PM",112,112,"Salmon Roll",Asian,14.95
6512,2882,2023-02-17,"9:30:31 PM",112,112,"Salmon Roll",Asian,14.95
6574,2907,2023-02-18,"1:51:14 PM",112,112,"Salmon Roll",Asian,14.95
6592,2915,2023-02-18,"4:34:02 PM",112,112,"Salmon Roll",Asian,14.95
6658,2941,2023-02-18,"8:27:48 PM",112,112,"Salmon Roll",Asian,14.95
6671,2944,2023-02-18,"9:17:25 PM",112,112,"Salmon Roll",Asian,14.95
6673,2945,2023-02-18,"9:30:26 PM",112,112,"Salmon Roll",Asian,14.95
6677,2947,2023-02-18,"10:15:02 PM",112,112,"Salmon Roll",Asian,14.95
6679,2948,2023-02-18,"10:40:30 PM",112,112,"Salmon Roll",Asian,14.95
6680,2948,2023-02-18,"10:40:30 PM",112,112,"Salmon Roll",Asian,14.95
6683,2949,2023-02-19,"11:15:43 AM",112,112,"Salmon Roll",Asian,14.95
6767,2987,2023-02-19,"5:41:19 PM",112,112,"Salmon Roll",Asian,14.95
6800,3002,2023-02-19,"9:27:34 PM",112,112,"Salmon Roll",Asian,14.95
6888,3040,2023-02-20,"4:09:58 PM",112,112,"Salmon Roll",Asian,14.95
6947,3066,2023-02-20,"8:12:43 PM",112,112,"Salmon Roll",Asian,14.95
6995,3085,2023-02-21,"12:49:36 PM",112,112,"Salmon Roll",Asian,14.95
7047,3108,2023-02-21,"5:28:57 PM",112,112,"Salmon Roll",Asian,14.95
7090,3130,2023-02-21,"9:59:36 PM",112,112,"Salmon Roll",Asian,14.95
7109,3137,2023-02-22,"12:40:49 PM",112,112,"Salmon Roll",Asian,14.95
7115,3138,2023-02-22,"1:02:28 PM",112,112,"Salmon Roll",Asian,14.95
7129,3144,2023-02-22,"3:26:04 PM",112,112,"Salmon Roll",Asian,14.95
7152,3152,2023-02-22,"4:42:27 PM",112,112,"Salmon Roll",Asian,14.95
7154,3153,2023-02-22,"5:00:52 PM",112,112,"Salmon Roll",Asian,14.95
7168,3161,2023-02-22,"7:53:24 PM",112,112,"Salmon Roll",Asian,14.95
7172,3162,2023-02-22,"8:40:55 PM",112,112,"Salmon Roll",Asian,14.95
7196,3173,2023-02-23,"11:54:41 AM",112,112,"Salmon Roll",Asian,14.95
7221,3186,2023-02-23,"1:22:54 PM",112,112,"Salmon Roll",Asian,14.95
7247,3192,2023-02-23,"3:19:27 PM",112,112,"Salmon Roll",Asian,14.95
7251,3195,2023-02-23,"4:24:11 PM",112,112,"Salmon Roll",Asian,14.95
7371,3248,2023-02-24,"3:00:06 PM",112,112,"Salmon Roll",Asian,14.95
7381,3253,2023-02-24,"4:33:11 PM",112,112,"Salmon Roll",Asian,14.95
7405,3262,2023-02-24,"6:05:09 PM",112,112,"Salmon Roll",Asian,14.95
7474,3292,2023-02-25,"12:39:18 PM",112,112,"Salmon Roll",Asian,14.95
7484,3294,2023-02-25,"12:43:23 PM",112,112,"Salmon Roll",Asian,14.95
7509,3307,2023-02-25,"2:43:41 PM",112,112,"Salmon Roll",Asian,14.95
7528,3314,2023-02-25,"3:54:56 PM",112,112,"Salmon Roll",Asian,14.95
7548,3323,2023-02-25,"5:45:10 PM",112,112,"Salmon Roll",Asian,14.95
7595,3349,2023-02-26,"12:12:46 PM",112,112,"Salmon Roll",Asian,14.95
7597,3350,2023-02-26,"12:16:27 PM",112,112,"Salmon Roll",Asian,14.95
7613,3355,2023-02-26,"1:04:26 PM",112,112,"Salmon Roll",Asian,14.95
7636,3363,2023-02-26,"1:52:23 PM",112,112,"Salmon Roll",Asian,14.95
7698,3390,2023-02-26,"6:26:17 PM",112,112,"Salmon Roll",Asian,14.95
7744,3410,2023-02-27,"12:33:50 PM",112,112,"Salmon Roll",Asian,14.95
7756,3414,2023-02-27,"12:56:47 PM",112,112,"Salmon Roll",Asian,14.95
7781,3423,2023-02-27,"2:09:03 PM",112,112,"Salmon Roll",Asian,14.95
7803,3431,2023-02-27,"4:27:45 PM",112,112,"Salmon Roll",Asian,14.95
7817,3437,2023-02-27,"5:15:48 PM",112,112,"Salmon Roll",Asian,14.95
7876,3460,2023-02-27,"7:14:07 PM",112,112,"Salmon Roll",Asian,14.95
7905,3473,2023-02-28,"11:49:43 AM",112,112,"Salmon Roll",Asian,14.95
7917,3476,2023-02-28,"12:08:55 PM",112,112,"Salmon Roll",Asian,14.95
7942,3490,2023-02-28,"3:26:21 PM",112,112,"Salmon Roll",Asian,14.95
7944,3491,2023-02-28,"3:44:50 PM",112,112,"Salmon Roll",Asian,14.95
7949,3493,2023-02-28,"4:30:08 PM",112,112,"Salmon Roll",Asian,14.95
7978,3503,2023-02-28,"6:15:31 PM",112,112,"Salmon Roll",Asian,14.95
8038,3527,2023-02-28,"9:30:14 PM",112,112,"Salmon Roll",Asian,14.95
8064,3538,2023-03-01,"1:25:47 PM",112,112,"Salmon Roll",Asian,14.95
8130,3571,2023-03-01,"7:56:35 PM",112,112,"Salmon Roll",Asian,14.95
8148,3580,2023-03-02,"11:49:24 AM",112,112,"Salmon Roll",Asian,14.95
8171,3587,2023-03-02,"12:39:13 PM",112,112,"Salmon Roll",Asian,14.95
8193,3594,2023-03-02,"1:22:54 PM",112,112,"Salmon Roll",Asian,14.95
8203,3601,2023-03-02,"2:04:41 PM",112,112,"Salmon Roll",Asian,14.95
8274,3633,2023-03-02,"9:03:49 PM",112,112,"Salmon Roll",Asian,14.95
8283,3636,2023-03-02,"9:34:03 PM",112,112,"Salmon Roll",Asian,14.95
8409,3685,2023-03-03,"8:05:12 PM",112,112,"Salmon Roll",Asian,14.95
8413,3688,2023-03-03,"8:46:18 PM",112,112,"Salmon Roll",Asian,14.95
8427,3692,2023-03-04,"11:31:04 AM",112,112,"Salmon Roll",Asian,14.95
8471,3710,2023-03-04,"1:48:40 PM",112,112,"Salmon Roll",Asian,14.95
8531,3735,2023-03-04,"6:25:22 PM",112,112,"Salmon Roll",Asian,14.95
8562,3749,2023-03-04,"9:02:21 PM",112,112,"Salmon Roll",Asian,14.95
8577,3756,2023-03-05,"12:30:24 PM",112,112,"Salmon Roll",Asian,14.95
8588,3765,2023-03-05,"1:21:27 PM",112,112,"Salmon Roll",Asian,14.95
8610,3774,2023-03-05,"1:47:15 PM",112,112,"Salmon Roll",Asian,14.95
8646,3788,2023-03-05,"4:07:50 PM",112,112,"Salmon Roll",Asian,14.95
8651,3789,2023-03-05,"4:12:54 PM",112,112,"Salmon Roll",Asian,14.95
8658,3793,2023-03-05,"5:04:01 PM",112,112,"Salmon Roll",Asian,14.95
8699,3812,2023-03-05,"8:58:09 PM",112,112,"Salmon Roll",Asian,14.95
8725,3824,2023-03-06,"12:37:22 PM",112,112,"Salmon Roll",Asian,14.95
8804,3861,2023-03-06,"7:15:15 PM",112,112,"Salmon Roll",Asian,14.95
8817,3866,2023-03-06,"8:01:26 PM",112,112,"Salmon Roll",Asian,14.95
8849,3880,2023-03-07,"11:38:08 AM",112,112,"Salmon Roll",Asian,14.95
8893,3897,2023-03-07,"4:14:53 PM",112,112,"Salmon Roll",Asian,14.95
8914,3905,2023-03-07,"5:39:40 PM",112,112,"Salmon Roll",Asian,14.95
8921,3910,2023-03-07,"6:30:46 PM",112,112,"Salmon Roll",Asian,14.95
8963,3927,2023-03-07,"8:57:08 PM",112,112,"Salmon Roll",Asian,14.95
8974,3933,2023-03-07,"10:18:41 PM",112,112,"Salmon Roll",Asian,14.95
8981,3935,2023-03-07,"10:42:37 PM",112,112,"Salmon Roll",Asian,14.95
9061,3973,2023-03-08,"5:34:55 PM",112,112,"Salmon Roll",Asian,14.95
9143,4010,2023-03-09,"1:07:43 PM",112,112,"Salmon Roll",Asian,14.95
9144,4010,2023-03-09,"1:07:43 PM",112,112,"Salmon Roll",Asian,14.95
9323,4082,2023-03-10,"2:53:14 PM",112,112,"Salmon Roll",Asian,14.95
9334,4088,2023-03-10,"3:48:01 PM",112,112,"Salmon Roll",Asian,14.95
9356,4097,2023-03-10,"5:57:38 PM",112,112,"Salmon Roll",Asian,14.95
9377,4107,2023-03-10,"8:17:32 PM",112,112,"Salmon Roll",Asian,14.95
9403,4120,2023-03-11,"12:31:01 PM",112,112,"Salmon Roll",Asian,14.95
9456,4138,2023-03-11,"2:39:14 PM",112,112,"Salmon Roll",Asian,14.95
9531,4177,2023-03-12,"11:26:04 AM",112,112,"Salmon Roll",Asian,14.95
9534,4178,2023-03-12,"11:37:02 AM",112,112,"Salmon Roll",Asian,14.95
9575,4194,2023-03-12,"2:30:20 PM",112,112,"Salmon Roll",Asian,14.95
9578,4195,2023-03-12,"2:47:42 PM",112,112,"Salmon Roll",Asian,14.95
9597,4205,2023-03-12,"4:23:53 PM",112,112,"Salmon Roll",Asian,14.95
9603,4207,2023-03-12,"4:39:49 PM",112,112,"Salmon Roll",Asian,14.95
9618,4213,2023-03-12,"6:08:25 PM",112,112,"Salmon Roll",Asian,14.95
9623,4216,2023-03-12,"6:23:38 PM",112,112,"Salmon Roll",Asian,14.95
9642,4227,2023-03-12,"10:03:24 PM",112,112,"Salmon Roll",Asian,14.95
9670,4235,2023-03-13,"12:43:20 PM",112,112,"Salmon Roll",Asian,14.95
9679,4238,2023-03-13,"12:57:25 PM",112,112,"Salmon Roll",Asian,14.95
9681,4239,2023-03-13,"12:58:26 PM",112,112,"Salmon Roll",Asian,14.95
9752,4270,2023-03-13,"6:48:09 PM",112,112,"Salmon Roll",Asian,14.95
9759,4273,2023-03-13,"7:13:52 PM",112,112,"Salmon Roll",Asian,14.95
9832,4305,2023-03-14,"1:09:20 PM",112,112,"Salmon Roll",Asian,14.95
9858,4314,2023-03-14,"2:37:47 PM",112,112,"Salmon Roll",Asian,14.95
9867,4317,2023-03-14,"3:50:39 PM",112,112,"Salmon Roll",Asian,14.95
9906,4341,2023-03-14,"7:05:47 PM",112,112,"Salmon Roll",Asian,14.95
9909,4342,2023-03-14,"7:43:00 PM",112,112,"Salmon Roll",Asian,14.95
9916,4344,2023-03-14,"8:15:55 PM",112,112,"Salmon Roll",Asian,14.95
9947,4357,2023-03-15,"11:49:01 AM",112,112,"Salmon Roll",Asian,14.95
10005,4380,2023-03-15,"4:14:57 PM",112,112,"Salmon Roll",Asian,14.95
10009,4381,2023-03-15,"4:31:44 PM",112,112,"Salmon Roll",Asian,14.95
10035,4391,2023-03-15,"6:35:20 PM",112,112,"Salmon Roll",Asian,14.95
10047,4396,2023-03-15,"7:37:36 PM",112,112,"Salmon Roll",Asian,14.95
10076,4412,2023-03-16,"12:18:01 PM",112,112,"Salmon Roll",Asian,14.95
10086,4417,2023-03-16,"12:34:38 PM",112,112,"Salmon Roll",Asian,14.95
10097,4422,2023-03-16,"1:14:57 PM",112,112,"Salmon Roll",Asian,14.95
10119,4428,2023-03-16,"2:00:48 PM",112,112,"Salmon Roll",Asian,14.95
10157,4447,2023-03-16,"5:46:16 PM",112,112,"Salmon Roll",Asian,14.95
10171,4455,2023-03-16,"6:30:50 PM",112,112,"Salmon Roll",Asian,14.95
10292,4502,2023-03-17,"4:50:12 PM",112,112,"Salmon Roll",Asian,14.95
10332,4520,2023-03-17,"7:18:13 PM",112,112,"Salmon Roll",Asian,14.95
10334,4521,2023-03-17,"7:18:43 PM",112,112,"Salmon Roll",Asian,14.95
10376,4539,2023-03-17,"9:34:31 PM",112,112,"Salmon Roll",Asian,14.95
10385,4544,2023-03-18,"12:08:52 PM",112,112,"Salmon Roll",Asian,14.95
10402,4554,2023-03-18,"12:53:36 PM",112,112,"Salmon Roll",Asian,14.95
10480,4591,2023-03-18,"8:04:42 PM",112,112,"Salmon Roll",Asian,14.95
10553,4623,2023-03-19,"2:41:44 PM",112,112,"Salmon Roll",Asian,14.95
10606,4644,2023-03-19,"7:18:36 PM",112,112,"Salmon Roll",Asian,14.95
10657,4665,2023-03-20,"12:39:39 PM",112,112,"Salmon Roll",Asian,14.95
10687,4675,2023-03-20,"1:27:10 PM",112,112,"Salmon Roll",Asian,14.95
10702,4686,2023-03-20,"3:58:56 PM",112,112,"Salmon Roll",Asian,14.95
10711,4692,2023-03-20,"5:35:37 PM",112,112,"Salmon Roll",Asian,14.95
10729,4699,2023-03-20,"6:44:52 PM",112,112,"Salmon Roll",Asian,14.95
10730,4700,2023-03-20,"6:49:15 PM",112,112,"Salmon Roll",Asian,14.95
10793,4728,2023-03-21,"11:48:59 AM",112,112,"Salmon Roll",Asian,14.95
10829,4740,2023-03-21,"2:06:07 PM",112,112,"Salmon Roll",Asian,14.95
10872,4760,2023-03-21,"5:26:32 PM",112,112,"Salmon Roll",Asian,14.95
11055,4841,2023-03-23,"1:45:24 PM",112,112,"Salmon Roll",Asian,14.95
11067,4846,2023-03-23,"3:31:14 PM",112,112,"Salmon Roll",Asian,14.95
11096,4862,2023-03-23,"6:11:50 PM",112,112,"Salmon Roll",Asian,14.95
11098,4863,2023-03-23,"6:18:12 PM",112,112,"Salmon Roll",Asian,14.95
11124,4877,2023-03-23,"10:05:32 PM",112,112,"Salmon Roll",Asian,14.95
11174,4902,2023-03-24,"3:31:33 PM",112,112,"Salmon Roll",Asian,14.95
11202,4915,2023-03-24,"5:08:31 PM",112,112,"Salmon Roll",Asian,14.95
11261,4942,2023-03-25,"11:37:54 AM",112,112,"Salmon Roll",Asian,14.95
11284,4955,2023-03-25,"1:10:57 PM",112,112,"Salmon Roll",Asian,14.95
11296,4962,2023-03-25,"2:34:44 PM",112,112,"Salmon Roll",Asian,14.95
11360,4988,2023-03-25,"8:44:56 PM",112,112,"Salmon Roll",Asian,14.95
11386,5004,2023-03-26,"12:00:55 PM",112,112,"Salmon Roll",Asian,14.95
11474,5044,2023-03-26,"5:58:03 PM",112,112,"Salmon Roll",Asian,14.95
11580,5091,2023-03-27,"4:25:42 PM",112,112,"Salmon Roll",Asian,14.95
11614,5107,2023-03-27,"6:15:26 PM",112,112,"Salmon Roll",Asian,14.95
11642,5118,2023-03-27,"7:40:48 PM",112,112,"Salmon Roll",Asian,14.95
11669,5129,2023-03-27,"10:16:53 PM",112,112,"Salmon Roll",Asian,14.95
11740,5158,2023-03-28,"4:16:37 PM",112,112,"Salmon Roll",Asian,14.95
11750,5162,2023-03-28,"4:59:31 PM",112,112,"Salmon Roll",Asian,14.95
11773,5175,2023-03-28,"7:25:20 PM",112,112,"Salmon Roll",Asian,14.95
11878,5215,2023-03-29,"3:59:36 PM",112,112,"Salmon Roll",Asian,14.95
11890,5219,2023-03-29,"4:23:18 PM",112,112,"Salmon Roll",Asian,14.95
11896,5222,2023-03-29,"4:58:46 PM",112,112,"Salmon Roll",Asian,14.95
11988,5266,2023-03-30,"1:53:43 PM",112,112,"Salmon Roll",Asian,14.95
12035,5286,2023-03-30,"5:49:12 PM",112,112,"Salmon Roll",Asian,14.95
12079,5311,2023-03-31,"12:02:45 PM",112,112,"Salmon Roll",Asian,14.95
29,11,2023-01-01,"1:02:59 PM",113,113,Edamame,Asian,5
65,24,2023-01-01,"2:23:01 PM",113,113,Edamame,Asian,5
78,31,2023-01-01,"3:50:18 PM",113,113,Edamame,Asian,5
88,35,2023-01-01,"4:32:04 PM",113,113,Edamame,Asian,5
139,58,2023-01-01,"7:30:40 PM",113,113,Edamame,Asian,5
142,59,2023-01-01,"7:40:08 PM",113,113,Edamame,Asian,5
189,80,2023-01-02,"12:35:38 PM",113,113,Edamame,Asian,5
197,84,2023-01-02,"1:13:41 PM",113,113,Edamame,Asian,5
214,91,2023-01-02,"3:14:43 PM",113,113,Edamame,Asian,5
219,92,2023-01-02,"3:17:02 PM",113,113,Edamame,Asian,5
236,101,2023-01-02,"5:51:33 PM",113,113,Edamame,Asian,5
247,105,2023-01-02,"6:12:01 PM",113,113,Edamame,Asian,5
260,109,2023-01-02,"6:27:50 PM",113,113,Edamame,Asian,5
268,111,2023-01-02,"6:38:01 PM",113,113,Edamame,Asian,5
270,112,2023-01-02,"6:41:40 PM",113,113,Edamame,Asian,5
274,114,2023-01-02,"6:59:32 PM",113,113,Edamame,Asian,5
300,127,2023-01-02,"8:58:23 PM",113,113,Edamame,Asian,5
312,132,2023-01-02,"9:42:45 PM",113,113,Edamame,Asian,5
323,137,2023-01-03,"11:34:10 AM",113,113,Edamame,Asian,5
338,143,2023-01-03,"1:41:36 PM",113,113,Edamame,Asian,5
361,150,2023-01-03,"2:49:58 PM",113,113,Edamame,Asian,5
372,155,2023-01-03,"3:28:59 PM",113,113,Edamame,Asian,5
390,163,2023-01-03,"4:54:54 PM",113,113,Edamame,Asian,5
393,164,2023-01-03,"4:56:33 PM",113,113,Edamame,Asian,5
398,167,2023-01-03,"5:00:49 PM",113,113,Edamame,Asian,5
443,188,2023-01-03,"8:08:39 PM",113,113,Edamame,Asian,5
485,206,2023-01-04,"11:45:10 AM",113,113,Edamame,Asian,5
491,208,2023-01-04,"12:12:05 PM",113,113,Edamame,Asian,5
495,211,2023-01-04,"12:54:20 PM",113,113,Edamame,Asian,5
567,246,2023-01-04,"8:30:48 PM",113,113,Edamame,Asian,5
590,259,2023-01-05,"12:04:25 PM",113,113,Edamame,Asian,5
606,268,2023-01-05,"1:40:46 PM",113,113,Edamame,Asian,5
627,275,2023-01-05,"2:38:14 PM",113,113,Edamame,Asian,5
652,287,2023-01-05,"5:30:09 PM",113,113,Edamame,Asian,5
689,303,2023-01-05,"8:02:51 PM",113,113,Edamame,Asian,5
692,305,2023-01-05,"8:35:40 PM",113,113,Edamame,Asian,5
770,334,2023-01-06,"2:24:18 PM",113,113,Edamame,Asian,5
776,337,2023-01-06,"3:03:12 PM",113,113,Edamame,Asian,5
783,341,2023-01-06,"3:35:47 PM",113,113,Edamame,Asian,5
801,349,2023-01-06,"5:25:58 PM",113,113,Edamame,Asian,5
803,350,2023-01-06,"5:37:05 PM",113,113,Edamame,Asian,5
836,365,2023-01-06,"7:37:26 PM",113,113,Edamame,Asian,5
845,371,2023-01-06,"9:15:20 PM",113,113,Edamame,Asian,5
878,387,2023-01-07,"1:03:14 PM",113,113,Edamame,Asian,5
891,392,2023-01-07,"1:36:47 PM",113,113,Edamame,Asian,5
903,394,2023-01-07,"2:02:18 PM",113,113,Edamame,Asian,5
904,394,2023-01-07,"2:02:18 PM",113,113,Edamame,Asian,5
914,397,2023-01-07,"2:31:10 PM",113,113,Edamame,Asian,5
915,398,2023-01-07,"2:56:26 PM",113,113,Edamame,Asian,5
920,400,2023-01-07,"4:03:07 PM",113,113,Edamame,Asian,5
935,407,2023-01-07,"4:56:42 PM",113,113,Edamame,Asian,5
938,409,2023-01-07,"5:15:04 PM",113,113,Edamame,Asian,5
952,417,2023-01-07,"6:24:40 PM",113,113,Edamame,Asian,5
969,424,2023-01-07,"8:01:28 PM",113,113,Edamame,Asian,5
1001,439,2023-01-08,"12:13:08 PM",113,113,Edamame,Asian,5
1012,440,2023-01-08,"12:16:34 PM",113,113,Edamame,Asian,5
1026,443,2023-01-08,"12:34:20 PM",113,113,Edamame,Asian,5
1079,468,2023-01-08,"3:36:12 PM",113,113,Edamame,Asian,5
1090,474,2023-01-08,"4:47:48 PM",113,113,Edamame,Asian,5
1093,476,2023-01-08,"5:27:56 PM",113,113,Edamame,Asian,5
1102,480,2023-01-08,"5:41:31 PM",113,113,Edamame,Asian,5
1103,481,2023-01-08,"5:41:37 PM",113,113,Edamame,Asian,5
1125,491,2023-01-08,"7:01:12 PM",113,113,Edamame,Asian,5
1151,503,2023-01-09,"11:16:21 AM",113,113,Edamame,Asian,5
1154,505,2023-01-09,"11:55:10 AM",113,113,Edamame,Asian,5
1160,508,2023-01-09,"12:13:32 PM",113,113,Edamame,Asian,5
1170,513,2023-01-09,"12:22:48 PM",113,113,Edamame,Asian,5
1198,525,2023-01-09,"3:08:46 PM",113,113,Edamame,Asian,5
1236,545,2023-01-09,"6:46:28 PM",113,113,Edamame,Asian,5
1237,545,2023-01-09,"6:46:28 PM",113,113,Edamame,Asian,5
1272,564,2023-01-09,"10:32:32 PM",113,113,Edamame,Asian,5
1279,567,2023-01-10,"12:27:47 PM",113,113,Edamame,Asian,5
1299,575,2023-01-10,"1:41:04 PM",113,113,Edamame,Asian,5
1308,578,2023-01-10,"1:48:49 PM",113,113,Edamame,Asian,5
1359,605,2023-01-10,"7:23:51 PM",113,113,Edamame,Asian,5
1361,606,2023-01-10,"7:27:18 PM",113,113,Edamame,Asian,5
1366,608,2023-01-10,"7:36:33 PM",113,113,Edamame,Asian,5
1371,610,2023-01-10,"7:51:02 PM",113,113,Edamame,Asian,5
1420,631,2023-01-11,"11:44:36 AM",113,113,Edamame,Asian,5
1423,633,2023-01-11,"11:51:45 AM",113,113,Edamame,Asian,5
1425,634,2023-01-11,"12:14:15 PM",113,113,Edamame,Asian,5
1430,635,2023-01-11,"12:18:31 PM",113,113,Edamame,Asian,5
1431,635,2023-01-11,"12:18:31 PM",113,113,Edamame,Asian,5
1444,641,2023-01-11,"1:37:46 PM",113,113,Edamame,Asian,5
1461,648,2023-01-11,"2:17:17 PM",113,113,Edamame,Asian,5
1463,649,2023-01-11,"2:29:23 PM",113,113,Edamame,Asian,5
1466,650,2023-01-11,"2:34:05 PM",113,113,Edamame,Asian,5
1469,651,2023-01-11,"2:49:35 PM",113,113,Edamame,Asian,5
1496,664,2023-01-11,"5:35:14 PM",113,113,Edamame,Asian,5
1501,667,2023-01-11,"6:13:08 PM",113,113,Edamame,Asian,5
1545,690,2023-01-12,"12:42:10 PM",113,113,Edamame,Asian,5
1555,694,2023-01-12,"1:30:47 PM",113,113,Edamame,Asian,5
1564,699,2023-01-12,"2:27:03 PM",113,113,Edamame,Asian,5
1602,715,2023-01-12,"5:05:33 PM",113,113,Edamame,Asian,5
1621,723,2023-01-12,"6:21:04 PM",113,113,Edamame,Asian,5
1643,733,2023-01-12,"7:57:36 PM",113,113,Edamame,Asian,5
1645,734,2023-01-12,"8:00:30 PM",113,113,Edamame,Asian,5
1685,749,2023-01-13,"2:29:23 PM",113,113,Edamame,Asian,5
1705,757,2023-01-13,"4:10:34 PM",113,113,Edamame,Asian,5
1777,791,2023-01-14,"12:23:54 PM",113,113,Edamame,Asian,5
1840,817,2023-01-14,"5:10:38 PM",113,113,Edamame,Asian,5
1863,826,2023-01-14,"6:06:14 PM",113,113,Edamame,Asian,5
1874,830,2023-01-14,"6:38:17 PM",113,113,Edamame,Asian,5
1883,834,2023-01-14,"7:25:16 PM",113,113,Edamame,Asian,5
1888,835,2023-01-14,"7:56:01 PM",113,113,Edamame,Asian,5
1912,847,2023-01-15,"11:37:03 AM",113,113,Edamame,Asian,5
1923,853,2023-01-15,"12:36:39 PM",113,113,Edamame,Asian,5
1924,854,2023-01-15,"12:51:19 PM",113,113,Edamame,Asian,5
1965,873,2023-01-15,"3:06:15 PM",113,113,Edamame,Asian,5
1977,880,2023-01-15,"4:19:26 PM",113,113,Edamame,Asian,5
1978,880,2023-01-15,"4:19:26 PM",113,113,Edamame,Asian,5
1996,887,2023-01-15,"5:13:58 PM",113,113,Edamame,Asian,5
2009,895,2023-01-15,"6:18:11 PM",113,113,Edamame,Asian,5
2018,900,2023-01-15,"7:09:51 PM",113,113,Edamame,Asian,5
2019,900,2023-01-15,"7:09:51 PM",113,113,Edamame,Asian,5
2033,908,2023-01-15,"9:42:32 PM",113,113,Edamame,Asian,5
2050,915,2023-01-16,"12:20:22 PM",113,113,Edamame,Asian,5
2051,915,2023-01-16,"12:20:22 PM",113,113,Edamame,Asian,5
2056,916,2023-01-16,"12:30:09 PM",113,113,Edamame,Asian,5
2066,922,2023-01-16,"1:19:43 PM",113,113,Edamame,Asian,5
2070,924,2023-01-16,"1:27:57 PM",113,113,Edamame,Asian,5
2074,926,2023-01-16,"1:51:38 PM",113,113,Edamame,Asian,5
2124,946,2023-01-16,"6:00:48 PM",113,113,Edamame,Asian,5
2128,947,2023-01-16,"6:13:15 PM",113,113,Edamame,Asian,5
2131,948,2023-01-16,"6:42:17 PM",113,113,Edamame,Asian,5
2155,958,2023-01-16,"7:33:33 PM",113,113,Edamame,Asian,5
2184,972,2023-01-16,"10:03:09 PM",113,113,Edamame,Asian,5
2185,972,2023-01-16,"10:03:09 PM",113,113,Edamame,Asian,5
2190,976,2023-01-17,"11:53:19 AM",113,113,Edamame,Asian,5
2214,982,2023-01-17,"2:12:58 PM",113,113,Edamame,Asian,5
2227,990,2023-01-17,"3:30:10 PM",113,113,Edamame,Asian,5
2247,1001,2023-01-17,"5:28:05 PM",113,113,Edamame,Asian,5
2253,1003,2023-01-17,"5:31:16 PM",113,113,Edamame,Asian,5
2273,1014,2023-01-17,"7:38:17 PM",113,113,Edamame,Asian,5
2289,1020,2023-01-17,"9:04:20 PM",113,113,Edamame,Asian,5
2294,1021,2023-01-17,"9:11:31 PM",113,113,Edamame,Asian,5
2299,1025,2023-01-17,"9:49:00 PM",113,113,Edamame,Asian,5
2308,1030,2023-01-17,"10:13:59 PM",113,113,Edamame,Asian,5
2320,1034,2023-01-18,"12:07:59 PM",113,113,Edamame,Asian,5
2337,1038,2023-01-18,"1:14:59 PM",113,113,Edamame,Asian,5
2344,1043,2023-01-18,"2:07:36 PM",113,113,Edamame,Asian,5
2356,1047,2023-01-18,"2:50:37 PM",113,113,Edamame,Asian,5
2364,1053,2023-01-18,"3:43:17 PM",113,113,Edamame,Asian,5
2367,1054,2023-01-18,"3:56:04 PM",113,113,Edamame,Asian,5
2373,1057,2023-01-18,"4:18:37 PM",113,113,Edamame,Asian,5
2377,1059,2023-01-18,"4:30:14 PM",113,113,Edamame,Asian,5
2406,1070,2023-01-18,"6:21:27 PM",113,113,Edamame,Asian,5
2419,1076,2023-01-18,"7:36:15 PM",113,113,Edamame,Asian,5
2424,1079,2023-01-18,"8:45:11 PM",113,113,Edamame,Asian,5
2444,1088,2023-01-19,"12:00:52 PM",113,113,Edamame,Asian,5
2457,1091,2023-01-19,"12:20:28 PM",113,113,Edamame,Asian,5
2464,1093,2023-01-19,"12:33:24 PM",113,113,Edamame,Asian,5
2506,1109,2023-01-19,"4:20:22 PM",113,113,Edamame,Asian,5
2554,1131,2023-01-19,"7:06:42 PM",113,113,Edamame,Asian,5
2558,1132,2023-01-19,"7:51:37 PM",113,113,Edamame,Asian,5
2564,1135,2023-01-19,"9:15:41 PM",113,113,Edamame,Asian,5
2578,1140,2023-01-20,"11:31:16 AM",113,113,Edamame,Asian,5
2623,1154,2023-01-20,"12:59:38 PM",113,113,Edamame,Asian,5
2649,1169,2023-01-20,"4:08:25 PM",113,113,Edamame,Asian,5
2667,1177,2023-01-20,"5:27:29 PM",113,113,Edamame,Asian,5
2678,1183,2023-01-20,"6:51:30 PM",113,113,Edamame,Asian,5
2734,1212,2023-01-21,"1:42:25 PM",113,113,Edamame,Asian,5
2735,1213,2023-01-21,"1:58:53 PM",113,113,Edamame,Asian,5
2751,1218,2023-01-21,"2:27:30 PM",113,113,Edamame,Asian,5
2761,1221,2023-01-21,"3:23:36 PM",113,113,Edamame,Asian,5
2767,1225,2023-01-21,"3:59:07 PM",113,113,Edamame,Asian,5
2783,1232,2023-01-21,"4:50:36 PM",113,113,Edamame,Asian,5
2819,1244,2023-01-21,"7:24:32 PM",113,113,Edamame,Asian,5
2832,1250,2023-01-21,"9:09:08 PM",113,113,Edamame,Asian,5
2852,1261,2023-01-22,"12:32:00 PM",113,113,Edamame,Asian,5
2909,1282,2023-01-22,"3:16:54 PM",113,113,Edamame,Asian,5
2916,1285,2023-01-22,"4:18:42 PM",113,113,Edamame,Asian,5
2919,1286,2023-01-22,"4:29:13 PM",113,113,Edamame,Asian,5
2929,1291,2023-01-22,"5:20:13 PM",113,113,Edamame,Asian,5
2950,1299,2023-01-22,"5:56:07 PM",113,113,Edamame,Asian,5
2952,1300,2023-01-22,"6:28:51 PM",113,113,Edamame,Asian,5
2964,1304,2023-01-22,"7:02:50 PM",113,113,Edamame,Asian,5
2976,1313,2023-01-22,"8:24:29 PM",113,113,Edamame,Asian,5
2986,1319,2023-01-22,"10:24:05 PM",113,113,Edamame,Asian,5
3026,1336,2023-01-23,"1:14:10 PM",113,113,Edamame,Asian,5
3057,1350,2023-01-23,"4:05:24 PM",113,113,Edamame,Asian,5
3061,1352,2023-01-23,"4:12:21 PM",113,113,Edamame,Asian,5
3067,1355,2023-01-23,"4:30:25 PM",113,113,Edamame,Asian,5
3075,1361,2023-01-23,"5:46:31 PM",113,113,Edamame,Asian,5
3087,1366,2023-01-23,"6:07:49 PM",113,113,Edamame,Asian,5
3102,1373,2023-01-23,"7:00:30 PM",113,113,Edamame,Asian,5
3120,1380,2023-01-23,"7:51:21 PM",113,113,Edamame,Asian,5
3127,1382,2023-01-23,"8:11:35 PM",113,113,Edamame,Asian,5
3182,1411,2023-01-24,"4:36:53 PM",113,113,Edamame,Asian,5
3259,1443,2023-01-24,"8:23:34 PM",113,113,Edamame,Asian,5
3275,1450,2023-01-24,"9:23:08 PM",113,113,Edamame,Asian,5
3317,1466,2023-01-25,"2:48:05 PM",113,113,Edamame,Asian,5
3337,1475,2023-01-25,"4:59:21 PM",113,113,Edamame,Asian,5
3343,1478,2023-01-25,"5:26:23 PM",113,113,Edamame,Asian,5
3365,1489,2023-01-25,"8:01:54 PM",113,113,Edamame,Asian,5
3374,1492,2023-01-25,"8:46:56 PM",113,113,Edamame,Asian,5
3394,1501,2023-01-26,"12:03:55 PM",113,113,Edamame,Asian,5
3404,1504,2023-01-26,"12:44:38 PM",113,113,Edamame,Asian,5
3405,1504,2023-01-26,"12:44:38 PM",113,113,Edamame,Asian,5
3424,1513,2023-01-26,"1:46:01 PM",113,113,Edamame,Asian,5
3425,1513,2023-01-26,"1:46:01 PM",113,113,Edamame,Asian,5
3429,1516,2023-01-26,"1:54:36 PM",113,113,Edamame,Asian,5
3455,1532,2023-01-26,"4:04:46 PM",113,113,Edamame,Asian,5
3466,1536,2023-01-26,"4:52:11 PM",113,113,Edamame,Asian,5
3517,1564,2023-01-27,"1:05:50 PM",113,113,Edamame,Asian,5
3535,1569,2023-01-27,"1:38:50 PM",113,113,Edamame,Asian,5
3536,1569,2023-01-27,"1:38:50 PM",113,113,Edamame,Asian,5
3558,1578,2023-01-27,"4:07:40 PM",113,113,Edamame,Asian,5
3579,1587,2023-01-27,"5:26:55 PM",113,113,Edamame,Asian,5
3587,1590,2023-01-27,"5:56:16 PM",113,113,Edamame,Asian,5
3620,1606,2023-01-27,"8:07:37 PM",113,113,Edamame,Asian,5
3630,1611,2023-01-27,"9:03:04 PM",113,113,Edamame,Asian,5
3641,1616,2023-01-27,"10:22:25 PM",113,113,Edamame,Asian,5
3647,1618,2023-01-28,"11:28:33 AM",113,113,Edamame,Asian,5
3669,1630,2023-01-28,"12:19:50 PM",113,113,Edamame,Asian,5
3675,1633,2023-01-28,"12:45:52 PM",113,113,Edamame,Asian,5
3698,1641,2023-01-28,"2:21:48 PM",113,113,Edamame,Asian,5
3760,1668,2023-01-28,"10:28:44 PM",113,113,Edamame,Asian,5
3772,1675,2023-01-29,"12:26:53 PM",113,113,Edamame,Asian,5
3777,1678,2023-01-29,"1:06:51 PM",113,113,Edamame,Asian,5
3783,1682,2023-01-29,"1:27:10 PM",113,113,Edamame,Asian,5
3787,1684,2023-01-29,"1:33:16 PM",113,113,Edamame,Asian,5
3810,1688,2023-01-29,"1:42:20 PM",113,113,Edamame,Asian,5
3840,1707,2023-01-29,"6:45:58 PM",113,113,Edamame,Asian,5
3855,1715,2023-01-29,"7:36:45 PM",113,113,Edamame,Asian,5
3858,1716,2023-01-29,"8:05:12 PM",113,113,Edamame,Asian,5
3876,1727,2023-01-30,"11:25:25 AM",113,113,Edamame,Asian,5
3903,1736,2023-01-30,"1:34:18 PM",113,113,Edamame,Asian,5
3925,1747,2023-01-30,"3:17:51 PM",113,113,Edamame,Asian,5
4002,1787,2023-01-30,"9:25:54 PM",113,113,Edamame,Asian,5
4061,1806,2023-01-31,"4:02:17 PM",113,113,Edamame,Asian,5
4092,1819,2023-01-31,"6:06:26 PM",113,113,Edamame,Asian,5
4114,1828,2023-01-31,"7:12:25 PM",113,113,Edamame,Asian,5
4148,1842,2023-01-31,"9:07:17 PM",113,113,Edamame,Asian,5
4150,1843,2023-01-31,"9:28:07 PM",113,113,Edamame,Asian,5
4171,1851,2023-02-01,"11:49:01 AM",113,113,Edamame,Asian,5
4211,1869,2023-02-01,"2:37:38 PM",113,113,Edamame,Asian,5
4223,1875,2023-02-01,"3:52:26 PM",113,113,Edamame,Asian,5
4238,1881,2023-02-01,"4:16:16 PM",113,113,Edamame,Asian,5
4254,1887,2023-02-01,"4:48:06 PM",113,113,Edamame,Asian,5
4292,1904,2023-02-01,"6:13:17 PM",113,113,Edamame,Asian,5
4305,1914,2023-02-01,"7:24:03 PM",113,113,Edamame,Asian,5
4306,1915,2023-02-01,"7:24:26 PM",113,113,Edamame,Asian,5
4329,1925,2023-02-01,"8:43:56 PM",113,113,Edamame,Asian,5
4331,1926,2023-02-01,"9:12:29 PM",113,113,Edamame,Asian,5
4355,1938,2023-02-02,"11:46:18 AM",113,113,Edamame,Asian,5
4356,1939,2023-02-02,"12:29:44 PM",113,113,Edamame,Asian,5
4358,1941,2023-02-02,"12:33:21 PM",113,113,Edamame,Asian,5
4381,1951,2023-02-02,"1:39:08 PM",113,113,Edamame,Asian,5
4396,1957,2023-02-02,"2:50:01 PM",113,113,Edamame,Asian,5
4406,1960,2023-02-02,"3:15:16 PM",113,113,Edamame,Asian,5
4437,1972,2023-02-02,"5:35:29 PM",113,113,Edamame,Asian,5
4444,1975,2023-02-02,"6:07:34 PM",113,113,Edamame,Asian,5
4449,1978,2023-02-02,"7:03:28 PM",113,113,Edamame,Asian,5
4456,1982,2023-02-02,"7:36:26 PM",113,113,Edamame,Asian,5
4508,2000,2023-02-03,"12:14:27 PM",113,113,Edamame,Asian,5
4538,2010,2023-02-03,"1:00:41 PM",113,113,Edamame,Asian,5
4557,2018,2023-02-03,"2:06:04 PM",113,113,Edamame,Asian,5
4565,2021,2023-02-03,"2:25:13 PM",113,113,Edamame,Asian,5
4584,2031,2023-02-03,"4:51:05 PM",113,113,Edamame,Asian,5
4592,2034,2023-02-03,"5:15:18 PM",113,113,Edamame,Asian,5
4611,2047,2023-02-03,"6:47:08 PM",113,113,Edamame,Asian,5
4631,2053,2023-02-03,"8:42:43 PM",113,113,Edamame,Asian,5
4641,2058,2023-02-04,"11:19:17 AM",113,113,Edamame,Asian,5
4664,2069,2023-02-04,"12:58:32 PM",113,113,Edamame,Asian,5
4705,2081,2023-02-04,"3:14:39 PM",113,113,Edamame,Asian,5
4725,2093,2023-02-04,"5:33:29 PM",113,113,Edamame,Asian,5
4739,2099,2023-02-04,"6:44:17 PM",113,113,Edamame,Asian,5
4765,2109,2023-02-04,"9:13:14 PM",113,113,Edamame,Asian,5
4771,2111,2023-02-04,"9:28:44 PM",113,113,Edamame,Asian,5
4778,2115,2023-02-05,"11:15:19 AM",113,113,Edamame,Asian,5
4805,2126,2023-02-05,"1:31:29 PM",113,113,Edamame,Asian,5
4825,2134,2023-02-05,"2:36:32 PM",113,113,Edamame,Asian,5
4846,2143,2023-02-05,"5:44:52 PM",113,113,Edamame,Asian,5
4854,2147,2023-02-05,"6:11:25 PM",113,113,Edamame,Asian,5
4855,2147,2023-02-05,"6:11:25 PM",113,113,Edamame,Asian,5
4877,2158,2023-02-05,"7:49:47 PM",113,113,Edamame,Asian,5
4882,2160,2023-02-05,"8:01:50 PM",113,113,Edamame,Asian,5
4911,2177,2023-02-06,"11:25:48 AM",113,113,Edamame,Asian,5
4913,2179,2023-02-06,"11:54:09 AM",113,113,Edamame,Asian,5
4950,2188,2023-02-06,"1:13:33 PM",113,113,Edamame,Asian,5
5002,2212,2023-02-06,"5:52:48 PM",113,113,Edamame,Asian,5
5030,2226,2023-02-06,"7:29:57 PM",113,113,Edamame,Asian,5
5097,2256,2023-02-07,"3:22:04 PM",113,113,Edamame,Asian,5
5149,2280,2023-02-07,"7:14:00 PM",113,113,Edamame,Asian,5
5174,2292,2023-02-07,"8:57:53 PM",113,113,Edamame,Asian,5
5202,2306,2023-02-08,"12:45:27 PM",113,113,Edamame,Asian,5
5203,2306,2023-02-08,"12:45:27 PM",113,113,Edamame,Asian,5
5218,2310,2023-02-08,"1:38:04 PM",113,113,Edamame,Asian,5
5230,2315,2023-02-08,"2:33:52 PM",113,113,Edamame,Asian,5
5244,2322,2023-02-08,"3:46:13 PM",113,113,Edamame,Asian,5
5259,2330,2023-02-08,"5:19:54 PM",113,113,Edamame,Asian,5
5299,2347,2023-02-08,"8:28:32 PM",113,113,Edamame,Asian,5
5325,2361,2023-02-09,"12:23:58 PM",113,113,Edamame,Asian,5
5353,2369,2023-02-09,"2:00:19 PM",113,113,Edamame,Asian,5
5372,2374,2023-02-09,"2:35:54 PM",113,113,Edamame,Asian,5
5390,2381,2023-02-09,"4:49:40 PM",113,113,Edamame,Asian,5
5414,2393,2023-02-09,"6:06:54 PM",113,113,Edamame,Asian,5
5447,2406,2023-02-09,"9:08:21 PM",113,113,Edamame,Asian,5
5452,2409,2023-02-10,"11:28:16 AM",113,113,Edamame,Asian,5
5476,2422,2023-02-10,"12:58:32 PM",113,113,Edamame,Asian,5
5519,2440,2023-02-10,"4:43:55 PM",113,113,Edamame,Asian,5
5526,2444,2023-02-10,"5:02:57 PM",113,113,Edamame,Asian,5
5539,2451,2023-02-10,"5:58:53 PM",113,113,Edamame,Asian,5
5554,2456,2023-02-10,"7:19:00 PM",113,113,Edamame,Asian,5
5557,2458,2023-02-10,"8:09:17 PM",113,113,Edamame,Asian,5
5576,2470,2023-02-11,"11:46:05 AM",113,113,Edamame,Asian,5
5593,2478,2023-02-11,"12:27:39 PM",113,113,Edamame,Asian,5
5600,2480,2023-02-11,"12:42:27 PM",113,113,Edamame,Asian,5
5604,2483,2023-02-11,"12:56:55 PM",113,113,Edamame,Asian,5
5609,2485,2023-02-11,"1:22:08 PM",113,113,Edamame,Asian,5
5638,2497,2023-02-11,"3:12:46 PM",113,113,Edamame,Asian,5
5648,2504,2023-02-11,"5:12:25 PM",113,113,Edamame,Asian,5
5655,2506,2023-02-11,"5:44:46 PM",113,113,Edamame,Asian,5
5666,2511,2023-02-11,"6:00:12 PM",113,113,Edamame,Asian,5
5685,2519,2023-02-11,"7:04:08 PM",113,113,Edamame,Asian,5
5688,2521,2023-02-11,"7:11:58 PM",113,113,Edamame,Asian,5
5709,2528,2023-02-11,"7:54:40 PM",113,113,Edamame,Asian,5
5712,2529,2023-02-11,"8:06:11 PM",113,113,Edamame,Asian,5
5739,2544,2023-02-12,"12:03:27 PM",113,113,Edamame,Asian,5
5752,2547,2023-02-12,"12:45:49 PM",113,113,Edamame,Asian,5
5782,2562,2023-02-12,"2:30:22 PM",113,113,Edamame,Asian,5
5811,2576,2023-02-12,"4:58:29 PM",113,113,Edamame,Asian,5
5826,2583,2023-02-12,"6:14:11 PM",113,113,Edamame,Asian,5
5830,2585,2023-02-12,"6:27:56 PM",113,113,Edamame,Asian,5
5847,2593,2023-02-12,"10:02:05 PM",113,113,Edamame,Asian,5
5870,2602,2023-02-13,"12:10:01 PM",113,113,Edamame,Asian,5
5876,2604,2023-02-13,"12:33:36 PM",113,113,Edamame,Asian,5
5886,2610,2023-02-13,"1:17:50 PM",113,113,Edamame,Asian,5
5928,2627,2023-02-13,"4:50:09 PM",113,113,Edamame,Asian,5
5932,2628,2023-02-13,"4:57:02 PM",113,113,Edamame,Asian,5
5940,2631,2023-02-13,"5:19:26 PM",113,113,Edamame,Asian,5
5944,2633,2023-02-13,"5:37:46 PM",113,113,Edamame,Asian,5
5945,2633,2023-02-13,"5:37:46 PM",113,113,Edamame,Asian,5
5949,2634,2023-02-13,"6:01:27 PM",113,113,Edamame,Asian,5
5950,2635,2023-02-13,"6:09:55 PM",113,113,Edamame,Asian,5
5984,2650,2023-02-13,"8:55:07 PM",113,113,Edamame,Asian,5
6052,2683,2023-02-14,"4:56:35 PM",113,113,Edamame,Asian,5
6120,2711,2023-02-14,"8:00:33 PM",113,113,Edamame,Asian,5
6148,2722,2023-02-14,"10:52:37 PM",113,113,Edamame,Asian,5
6149,2723,2023-02-15,"11:35:24 AM",113,113,Edamame,Asian,5
6194,2741,2023-02-15,"4:39:02 PM",113,113,Edamame,Asian,5
6195,2741,2023-02-15,"4:39:02 PM",113,113,Edamame,Asian,5
6201,2745,2023-02-15,"5:07:31 PM",113,113,Edamame,Asian,5
6217,2752,2023-02-15,"5:29:20 PM",113,113,Edamame,Asian,5
6234,2759,2023-02-15,"6:04:36 PM",113,113,Edamame,Asian,5
6263,2772,2023-02-15,"9:02:21 PM",113,113,Edamame,Asian,5
6285,2781,2023-02-16,"11:47:04 AM",113,113,Edamame,Asian,5
6286,2781,2023-02-16,"11:47:04 AM",113,113,Edamame,Asian,5
6308,2787,2023-02-16,"12:23:23 PM",113,113,Edamame,Asian,5
6336,2801,2023-02-16,"3:58:06 PM",113,113,Edamame,Asian,5
6347,2806,2023-02-16,"5:12:37 PM",113,113,Edamame,Asian,5
6382,2822,2023-02-16,"7:37:08 PM",113,113,Edamame,Asian,5
6395,2827,2023-02-17,"11:24:02 AM",113,113,Edamame,Asian,5
6444,2851,2023-02-17,"2:23:26 PM",113,113,Edamame,Asian,5
6451,2852,2023-02-17,"2:30:43 PM",113,113,Edamame,Asian,5
6485,2871,2023-02-17,"6:39:26 PM",113,113,Edamame,Asian,5
6490,2874,2023-02-17,"7:03:32 PM",113,113,Edamame,Asian,5
6500,2878,2023-02-17,"8:02:56 PM",113,113,Edamame,Asian,5
6559,2902,2023-02-18,"1:04:25 PM",113,113,Edamame,Asian,5
6567,2905,2023-02-18,"1:32:59 PM",113,113,Edamame,Asian,5
6582,2910,2023-02-18,"2:32:22 PM",113,113,Edamame,Asian,5
6594,2916,2023-02-18,"4:50:00 PM",113,113,Edamame,Asian,5
6663,2942,2023-02-18,"8:34:26 PM",113,113,Edamame,Asian,5
6667,2943,2023-02-18,"8:41:00 PM",113,113,Edamame,Asian,5
6704,2958,2023-02-19,"12:56:06 PM",113,113,Edamame,Asian,5
6724,2963,2023-02-19,"1:22:56 PM",113,113,Edamame,Asian,5
6746,2976,2023-02-19,"3:29:10 PM",113,113,Edamame,Asian,5
6748,2977,2023-02-19,"3:33:26 PM",113,113,Edamame,Asian,5
6752,2979,2023-02-19,"4:43:03 PM",113,113,Edamame,Asian,5
6809,3006,2023-02-20,"12:01:32 PM",113,113,Edamame,Asian,5
6821,3012,2023-02-20,"12:32:03 PM",113,113,Edamame,Asian,5
6830,3016,2023-02-20,"1:07:02 PM",113,113,Edamame,Asian,5
6860,3029,2023-02-20,"1:55:24 PM",113,113,Edamame,Asian,5
6885,3038,2023-02-20,"3:46:43 PM",113,113,Edamame,Asian,5
6892,3041,2023-02-20,"4:25:39 PM",113,113,Edamame,Asian,5
6902,3045,2023-02-20,"5:27:46 PM",113,113,Edamame,Asian,5
6908,3048,2023-02-20,"5:45:15 PM",113,113,Edamame,Asian,5
6915,3051,2023-02-20,"5:57:09 PM",113,113,Edamame,Asian,5
6935,3060,2023-02-20,"7:36:58 PM",113,113,Edamame,Asian,5
6954,3069,2023-02-20,"8:47:39 PM",113,113,Edamame,Asian,5
6955,3070,2023-02-20,"9:02:16 PM",113,113,Edamame,Asian,5
6958,3071,2023-02-20,"9:14:34 PM",113,113,Edamame,Asian,5
6978,3080,2023-02-21,"12:23:18 PM",113,113,Edamame,Asian,5
7066,3117,2023-02-21,"6:47:53 PM",113,113,Edamame,Asian,5
7071,3120,2023-02-21,"7:21:02 PM",113,113,Edamame,Asian,5
7078,3124,2023-02-21,"7:59:20 PM",113,113,Edamame,Asian,5
7103,3136,2023-02-22,"12:39:19 PM",113,113,Edamame,Asian,5
7116,3138,2023-02-22,"1:02:28 PM",113,113,Edamame,Asian,5
7134,3145,2023-02-22,"3:41:07 PM",113,113,Edamame,Asian,5
7204,3177,2023-02-23,"12:23:43 PM",113,113,Edamame,Asian,5
7227,3187,2023-02-23,"1:27:18 PM",113,113,Edamame,Asian,5
7228,3187,2023-02-23,"1:27:18 PM",113,113,Edamame,Asian,5
7239,3189,2023-02-23,"1:59:04 PM",113,113,Edamame,Asian,5
7278,3206,2023-02-23,"5:31:54 PM",113,113,Edamame,Asian,5
7295,3215,2023-02-23,"6:48:26 PM",113,113,Edamame,Asian,5
7319,3226,2023-02-24,"11:56:22 AM",113,113,Edamame,Asian,5
7344,3234,2023-02-24,"12:34:37 PM",113,113,Edamame,Asian,5
7390,3256,2023-02-24,"5:31:07 PM",113,113,Edamame,Asian,5
7391,3256,2023-02-24,"5:31:07 PM",113,113,Edamame,Asian,5
7402,3261,2023-02-24,"5:50:57 PM",113,113,Edamame,Asian,5
7412,3265,2023-02-24,"6:39:12 PM",113,113,Edamame,Asian,5
7416,3267,2023-02-24,"6:42:17 PM",113,113,Edamame,Asian,5
7428,3274,2023-02-24,"8:23:21 PM",113,113,Edamame,Asian,5
7442,3280,2023-02-24,"9:48:31 PM",113,113,Edamame,Asian,5
7445,3281,2023-02-24,"9:50:48 PM",113,113,Edamame,Asian,5
7463,3289,2023-02-25,"12:22:27 PM",113,113,Edamame,Asian,5
7475,3292,2023-02-25,"12:39:18 PM",113,113,Edamame,Asian,5
7476,3292,2023-02-25,"12:39:18 PM",113,113,Edamame,Asian,5
7562,3330,2023-02-25,"6:58:00 PM",113,113,Edamame,Asian,5
7598,3350,2023-02-26,"12:16:27 PM",113,113,Edamame,Asian,5
7614,3355,2023-02-26,"1:04:26 PM",113,113,Edamame,Asian,5
7637,3363,2023-02-26,"1:52:23 PM",113,113,Edamame,Asian,5
7649,3367,2023-02-26,"2:28:31 PM",113,113,Edamame,Asian,5
7655,3370,2023-02-26,"3:39:19 PM",113,113,Edamame,Asian,5
7659,3371,2023-02-26,"3:58:02 PM",113,113,Edamame,Asian,5
7664,3372,2023-02-26,"3:58:38 PM",113,113,Edamame,Asian,5
7701,3391,2023-02-26,"6:37:03 PM",113,113,Edamame,Asian,5
7718,3398,2023-02-26,"7:49:51 PM",113,113,Edamame,Asian,5
7722,3399,2023-02-26,"8:22:43 PM",113,113,Edamame,Asian,5
7750,3412,2023-02-27,"12:40:41 PM",113,113,Edamame,Asian,5
7772,3419,2023-02-27,"1:36:13 PM",113,113,Edamame,Asian,5
7777,3422,2023-02-27,"2:03:49 PM",113,113,Edamame,Asian,5
7794,3427,2023-02-27,"3:54:13 PM",113,113,Edamame,Asian,5
7800,3430,2023-02-27,"4:25:27 PM",113,113,Edamame,Asian,5
7804,3431,2023-02-27,"4:27:45 PM",113,113,Edamame,Asian,5
7806,3432,2023-02-27,"4:35:16 PM",113,113,Edamame,Asian,5
7811,3434,2023-02-27,"4:45:33 PM",113,113,Edamame,Asian,5
7829,3443,2023-02-27,"5:50:49 PM",113,113,Edamame,Asian,5
7840,3447,2023-02-27,"6:14:22 PM",113,113,Edamame,Asian,5
7848,3449,2023-02-27,"6:43:12 PM",113,113,Edamame,Asian,5
7854,3451,2023-02-27,"6:46:17 PM",113,113,Edamame,Asian,5
7865,3455,2023-02-27,"7:06:41 PM",113,113,Edamame,Asian,5
7983,3505,2023-02-28,"6:35:20 PM",113,113,Edamame,Asian,5
8001,3511,2023-02-28,"7:23:54 PM",113,113,Edamame,Asian,5
8023,3521,2023-02-28,"8:51:13 PM",113,113,Edamame,Asian,5
8049,3531,2023-03-01,"11:34:00 AM",113,113,Edamame,Asian,5
8072,3540,2023-03-01,"2:20:57 PM",113,113,Edamame,Asian,5
8094,3552,2023-03-01,"5:06:58 PM",113,113,Edamame,Asian,5
8114,3561,2023-03-01,"6:36:33 PM",113,113,Edamame,Asian,5
8128,3570,2023-03-01,"7:43:37 PM",113,113,Edamame,Asian,5
8131,3571,2023-03-01,"7:56:35 PM",113,113,Edamame,Asian,5
8135,3573,2023-03-01,"8:07:52 PM",113,113,Edamame,Asian,5
8142,3576,2023-03-01,"10:00:46 PM",113,113,Edamame,Asian,5
8232,3615,2023-03-02,"5:13:08 PM",113,113,Edamame,Asian,5
8245,3621,2023-03-02,"6:02:16 PM",113,113,Edamame,Asian,5
8272,3632,2023-03-02,"9:00:34 PM",113,113,Edamame,Asian,5
8275,3633,2023-03-02,"9:03:49 PM",113,113,Edamame,Asian,5
8341,3659,2023-03-03,"2:03:25 PM",113,113,Edamame,Asian,5
8352,3660,2023-03-03,"2:08:53 PM",113,113,Edamame,Asian,5
8393,3677,2023-03-03,"6:36:32 PM",113,113,Edamame,Asian,5
8395,3678,2023-03-03,"6:41:49 PM",113,113,Edamame,Asian,5
8443,3700,2023-03-04,"12:32:19 PM",113,113,Edamame,Asian,5
8500,3724,2023-03-04,"4:38:05 PM",113,113,Edamame,Asian,5
8529,3734,2023-03-04,"6:23:25 PM",113,113,Edamame,Asian,5
8566,3751,2023-03-05,"11:47:34 AM",113,113,Edamame,Asian,5
8623,3778,2023-03-05,"2:21:03 PM",113,113,Edamame,Asian,5
8631,3782,2023-03-05,"3:29:44 PM",113,113,Edamame,Asian,5
8645,3787,2023-03-05,"3:57:10 PM",113,113,Edamame,Asian,5
8693,3809,2023-03-05,"6:52:11 PM",113,113,Edamame,Asian,5
8720,3821,2023-03-06,"12:29:52 PM",113,113,Edamame,Asian,5
8729,3827,2023-03-06,"12:42:55 PM",113,113,Edamame,Asian,5
8769,3846,2023-03-06,"4:14:40 PM",113,113,Edamame,Asian,5
8784,3853,2023-03-06,"5:46:48 PM",113,113,Edamame,Asian,5
8785,3853,2023-03-06,"5:46:48 PM",113,113,Edamame,Asian,5
8790,3856,2023-03-06,"6:15:58 PM",113,113,Edamame,Asian,5
8793,3857,2023-03-06,"6:28:28 PM",113,113,Edamame,Asian,5
8809,3863,2023-03-06,"7:50:37 PM",113,113,Edamame,Asian,5
8810,3864,2023-03-06,"7:57:15 PM",113,113,Edamame,Asian,5
8831,3871,2023-03-06,"9:12:07 PM",113,113,Edamame,Asian,5
8850,3880,2023-03-07,"11:38:08 AM",113,113,Edamame,Asian,5
8932,3914,2023-03-07,"7:08:43 PM",113,113,Edamame,Asian,5
8938,3916,2023-03-07,"7:20:59 PM",113,113,Edamame,Asian,5
8993,3940,2023-03-08,"12:29:28 PM",113,113,Edamame,Asian,5
8994,3940,2023-03-08,"12:29:28 PM",113,113,Edamame,Asian,5
9009,3945,2023-03-08,"1:08:44 PM",113,113,Edamame,Asian,5
9014,3947,2023-03-08,"1:18:56 PM",113,113,Edamame,Asian,5
9057,3971,2023-03-08,"5:13:18 PM",113,113,Edamame,Asian,5
9084,3984,2023-03-08,"6:28:07 PM",113,113,Edamame,Asian,5
9104,3992,2023-03-08,"8:14:02 PM",113,113,Edamame,Asian,5
9159,4014,2023-03-09,"1:39:39 PM",113,113,Edamame,Asian,5
9208,4034,2023-03-09,"5:48:17 PM",113,113,Edamame,Asian,5
9219,4037,2023-03-09,"6:01:34 PM",113,113,Edamame,Asian,5
9246,4051,2023-03-09,"8:28:51 PM",113,113,Edamame,Asian,5
9253,4055,2023-03-09,"9:58:39 PM",113,113,Edamame,Asian,5
9273,4063,2023-03-10,"12:34:52 PM",113,113,Edamame,Asian,5
9278,4064,2023-03-10,"12:39:50 PM",113,113,Edamame,Asian,5
9279,4064,2023-03-10,"12:39:50 PM",113,113,Edamame,Asian,5
9316,4078,2023-03-10,"2:06:41 PM",113,113,Edamame,Asian,5
9366,4103,2023-03-10,"7:10:04 PM",113,113,Edamame,Asian,5
9423,4124,2023-03-11,"12:54:05 PM",113,113,Edamame,Asian,5
9439,4131,2023-03-11,"1:45:13 PM",113,113,Edamame,Asian,5
9459,4140,2023-03-11,"3:01:55 PM",113,113,Edamame,Asian,5
9503,4162,2023-03-11,"6:27:59 PM",113,113,Edamame,Asian,5
9532,4177,2023-03-12,"11:26:04 AM",113,113,Edamame,Asian,5
9542,4183,2023-03-12,"12:18:35 PM",113,113,Edamame,Asian,5
9594,4204,2023-03-12,"4:10:28 PM",113,113,Edamame,Asian,5
9656,4232,2023-03-13,"12:22:05 PM",113,113,Edamame,Asian,5
9657,4232,2023-03-13,"12:22:05 PM",113,113,Edamame,Asian,5
9667,4234,2023-03-13,"12:26:55 PM",113,113,Edamame,Asian,5
9675,4236,2023-03-13,"12:46:50 PM",113,113,Edamame,Asian,5
9693,4245,2023-03-13,"1:35:44 PM",113,113,Edamame,Asian,5
9698,4247,2023-03-13,"2:34:24 PM",113,113,Edamame,Asian,5
9723,4259,2023-03-13,"5:26:11 PM",113,113,Edamame,Asian,5
9728,4261,2023-03-13,"5:39:14 PM",113,113,Edamame,Asian,5
9737,4264,2023-03-13,"5:48:27 PM",113,113,Edamame,Asian,5
9760,4273,2023-03-13,"7:13:52 PM",113,113,Edamame,Asian,5
9794,4290,2023-03-13,"8:51:32 PM",113,113,Edamame,Asian,5
9799,4292,2023-03-13,"9:02:53 PM",113,113,Edamame,Asian,5
9808,4295,2023-03-13,"9:31:23 PM",113,113,Edamame,Asian,5
9833,4305,2023-03-14,"1:09:20 PM",113,113,Edamame,Asian,5
9873,4320,2023-03-14,"4:22:10 PM",113,113,Edamame,Asian,5
9893,4331,2023-03-14,"5:51:53 PM",113,113,Edamame,Asian,5
9917,4344,2023-03-14,"8:15:55 PM",113,113,Edamame,Asian,5
9950,4358,2023-03-15,"12:08:34 PM",113,113,Edamame,Asian,5
9962,4363,2023-03-15,"1:41:43 PM",113,113,Edamame,Asian,5
9980,4369,2023-03-15,"3:05:40 PM",113,113,Edamame,Asian,5
9988,4372,2023-03-15,"3:45:56 PM",113,113,Edamame,Asian,5
10004,4379,2023-03-15,"4:12:56 PM",113,113,Edamame,Asian,5
10074,4411,2023-03-16,"12:16:56 PM",113,113,Edamame,Asian,5
10150,4444,2023-03-16,"5:28:55 PM",113,113,Edamame,Asian,5
10158,4447,2023-03-16,"5:46:16 PM",113,113,Edamame,Asian,5
10176,4457,2023-03-16,"6:41:34 PM",113,113,Edamame,Asian,5
10203,4470,2023-03-17,"11:40:42 AM",113,113,Edamame,Asian,5
10294,4503,2023-03-17,"5:03:36 PM",113,113,Edamame,Asian,5
10308,4509,2023-03-17,"5:29:30 PM",113,113,Edamame,Asian,5
10343,4525,2023-03-17,"7:35:19 PM",113,113,Edamame,Asian,5
10349,4527,2023-03-17,"7:49:58 PM",113,113,Edamame,Asian,5
10352,4528,2023-03-17,"7:50:37 PM",113,113,Edamame,Asian,5
10357,4531,2023-03-17,"8:12:16 PM",113,113,Edamame,Asian,5
10392,4548,2023-03-18,"12:29:44 PM",113,113,Edamame,Asian,5
10432,4567,2023-03-18,"3:44:50 PM",113,113,Edamame,Asian,5
10487,4596,2023-03-18,"8:42:12 PM",113,113,Edamame,Asian,5
10514,4610,2023-03-19,"12:20:14 PM",113,113,Edamame,Asian,5
10520,4611,2023-03-19,"12:26:04 PM",113,113,Edamame,Asian,5
10536,4618,2023-03-19,"1:18:06 PM",113,113,Edamame,Asian,5
10538,4619,2023-03-19,"1:21:51 PM",113,113,Edamame,Asian,5
10543,4621,2023-03-19,"1:39:12 PM",113,113,Edamame,Asian,5
10651,4664,2023-03-20,"12:24:44 PM",113,113,Edamame,Asian,5
10663,4667,2023-03-20,"12:52:56 PM",113,113,Edamame,Asian,5
10674,4669,2023-03-20,"12:55:55 PM",113,113,Edamame,Asian,5
10684,4673,2023-03-20,"1:18:11 PM",113,113,Edamame,Asian,5
10693,4681,2023-03-20,"2:19:44 PM",113,113,Edamame,Asian,5
10695,4682,2023-03-20,"2:58:30 PM",113,113,Edamame,Asian,5
10737,4703,2023-03-20,"6:54:51 PM",113,113,Edamame,Asian,5
10790,4727,2023-03-21,"11:31:39 AM",113,113,Edamame,Asian,5
10812,4732,2023-03-21,"1:02:15 PM",113,113,Edamame,Asian,5
10817,4734,2023-03-21,"1:10:35 PM",113,113,Edamame,Asian,5
10841,4745,2023-03-21,"2:21:26 PM",113,113,Edamame,Asian,5
10874,4761,2023-03-21,"6:10:58 PM",113,113,Edamame,Asian,5
10893,4768,2023-03-21,"7:32:01 PM",113,113,Edamame,Asian,5
10920,4782,2023-03-21,"10:15:37 PM",113,113,Edamame,Asian,5
10921,4782,2023-03-21,"10:15:37 PM",113,113,Edamame,Asian,5
10937,4789,2023-03-22,"1:56:27 PM",113,113,Edamame,Asian,5
10938,4789,2023-03-22,"1:56:27 PM",113,113,Edamame,Asian,5
10941,4791,2023-03-22,"2:25:24 PM",113,113,Edamame,Asian,5
10953,4797,2023-03-22,"4:16:29 PM",113,113,Edamame,Asian,5
10988,4812,2023-03-22,"7:35:48 PM",113,113,Edamame,Asian,5
11001,4821,2023-03-23,"11:23:52 AM",113,113,Edamame,Asian,5
11014,4827,2023-03-23,"12:04:18 PM",113,113,Edamame,Asian,5
11036,4836,2023-03-23,"12:57:49 PM",113,113,Edamame,Asian,5
11047,4838,2023-03-23,"1:14:04 PM",113,113,Edamame,Asian,5
11063,4845,2023-03-23,"3:30:17 PM",113,113,Edamame,Asian,5
11092,4860,2023-03-23,"5:40:49 PM",113,113,Edamame,Asian,5
11121,4875,2023-03-23,"8:55:17 PM",113,113,Edamame,Asian,5
11137,4885,2023-03-24,"11:57:15 AM",113,113,Edamame,Asian,5
11168,4899,2023-03-24,"2:14:11 PM",113,113,Edamame,Asian,5
11187,4907,2023-03-24,"4:28:16 PM",113,113,Edamame,Asian,5
11214,4922,2023-03-24,"6:10:44 PM",113,113,Edamame,Asian,5
11229,4929,2023-03-24,"7:49:39 PM",113,113,Edamame,Asian,5
11294,4960,2023-03-25,"1:58:48 PM",113,113,Edamame,Asian,5
11334,4977,2023-03-25,"6:20:35 PM",113,113,Edamame,Asian,5
11365,4992,2023-03-25,"9:11:28 PM",113,113,Edamame,Asian,5
11369,4994,2023-03-25,"9:26:47 PM",113,113,Edamame,Asian,5
11371,4995,2023-03-25,"9:26:57 PM",113,113,Edamame,Asian,5
11381,5002,2023-03-26,"11:46:28 AM",113,113,Edamame,Asian,5
11390,5007,2023-03-26,"12:38:04 PM",113,113,Edamame,Asian,5
11392,5008,2023-03-26,"12:39:34 PM",113,113,Edamame,Asian,5
11397,5011,2023-03-26,"12:55:44 PM",113,113,Edamame,Asian,5
11462,5036,2023-03-26,"5:10:08 PM",113,113,Edamame,Asian,5
11470,5041,2023-03-26,"5:43:00 PM",113,113,Edamame,Asian,5
11480,5048,2023-03-26,"6:34:53 PM",113,113,Edamame,Asian,5
11522,5066,2023-03-27,"12:20:59 PM",113,113,Edamame,Asian,5
11555,5080,2023-03-27,"1:43:35 PM",113,113,Edamame,Asian,5
11576,5090,2023-03-27,"4:16:50 PM",113,113,Edamame,Asian,5
11611,5105,2023-03-27,"5:56:55 PM",113,113,Edamame,Asian,5
11615,5107,2023-03-27,"6:15:26 PM",113,113,Edamame,Asian,5
11626,5110,2023-03-27,"6:26:20 PM",113,113,Edamame,Asian,5
11635,5115,2023-03-27,"7:18:58 PM",113,113,Edamame,Asian,5
11653,5122,2023-03-27,"8:26:45 PM",113,113,Edamame,Asian,5
11703,5142,2023-03-28,"1:35:21 PM",113,113,Edamame,Asian,5
11714,5149,2023-03-28,"2:48:50 PM",113,113,Edamame,Asian,5
11719,5150,2023-03-28,"3:08:03 PM",113,113,Edamame,Asian,5
11721,5151,2023-03-28,"3:08:24 PM",113,113,Edamame,Asian,5
11728,5154,2023-03-28,"3:50:03 PM",113,113,Edamame,Asian,5
11737,5157,2023-03-28,"4:09:26 PM",113,113,Edamame,Asian,5
11796,5186,2023-03-28,"8:28:50 PM",113,113,Edamame,Asian,5
11810,5190,2023-03-28,"10:27:17 PM",113,113,Edamame,Asian,5
11832,5200,2023-03-29,"12:32:07 PM",113,113,Edamame,Asian,5
11860,5206,2023-03-29,"1:58:37 PM",113,113,Edamame,Asian,5
11868,5212,2023-03-29,"3:08:01 PM",113,113,Edamame,Asian,5
11897,5222,2023-03-29,"4:58:46 PM",113,113,Edamame,Asian,5
11905,5226,2023-03-29,"5:43:56 PM",113,113,Edamame,Asian,5
11911,5228,2023-03-29,"5:47:22 PM",113,113,Edamame,Asian,5
11919,5232,2023-03-29,"6:52:20 PM",113,113,Edamame,Asian,5
11927,5236,2023-03-29,"7:09:56 PM",113,113,Edamame,Asian,5
11942,5246,2023-03-29,"10:27:29 PM",113,113,Edamame,Asian,5
11953,5250,2023-03-30,"11:42:06 AM",113,113,Edamame,Asian,5
11961,5254,2023-03-30,"12:18:47 PM",113,113,Edamame,Asian,5
12028,5284,2023-03-30,"5:11:39 PM",113,113,Edamame,Asian,5
12043,5291,2023-03-30,"6:22:03 PM",113,113,Edamame,Asian,5
12053,5298,2023-03-30,"8:08:49 PM",113,113,Edamame,Asian,5
12072,5307,2023-03-30,"9:44:36 PM",113,113,Edamame,Asian,5
12093,5316,2023-03-31,"12:59:45 PM",113,113,Edamame,Asian,5
12101,5317,2023-03-31,"1:04:13 PM",113,113,Edamame,Asian,5
12190,5353,2023-03-31,"6:40:10 PM",113,113,Edamame,Asian,5
12197,5357,2023-03-31,"6:55:22 PM",113,113,Edamame,Asian,5
12203,5359,2023-03-31,"7:13:16 PM",113,113,Edamame,Asian,5
12207,5361,2023-03-31,"7:40:42 PM",113,113,Edamame,Asian,5
12228,5368,2023-03-31,"9:58:47 PM",113,113,Edamame,Asian,5
12,6,2023-01-01,"12:29:36 PM",114,114,Potstickers,Asian,9
35,14,2023-01-01,"1:14:19 PM",114,114,Potstickers,Asian,9
39,15,2023-01-01,"1:33:00 PM",114,114,Potstickers,Asian,9
85,34,2023-01-01,"4:21:21 PM",114,114,Potstickers,Asian,9
201,85,2023-01-02,"1:34:49 PM",114,114,Potstickers,Asian,9
223,92,2023-01-02,"3:17:02 PM",114,114,Potstickers,Asian,9
297,124,2023-01-02,"8:12:34 PM",114,114,Potstickers,Asian,9
303,129,2023-01-02,"9:13:02 PM",114,114,Potstickers,Asian,9
315,133,2023-01-02,"10:00:17 PM",114,114,Potstickers,Asian,9
354,145,2023-01-03,"1:53:48 PM",114,114,Potstickers,Asian,9
367,152,2023-01-03,"3:09:42 PM",114,114,Potstickers,Asian,9
391,163,2023-01-03,"4:54:54 PM",114,114,Potstickers,Asian,9
479,203,2023-01-04,"11:30:48 AM",114,114,Potstickers,Asian,9
492,208,2023-01-04,"12:12:05 PM",114,114,Potstickers,Asian,9
519,221,2023-01-04,"3:33:18 PM",114,114,Potstickers,Asian,9
532,227,2023-01-04,"5:24:39 PM",114,114,Potstickers,Asian,9
592,260,2023-01-05,"12:06:27 PM",114,114,Potstickers,Asian,9
620,271,2023-01-05,"2:22:19 PM",114,114,Potstickers,Asian,9
763,330,2023-01-06,"1:27:11 PM",114,114,Potstickers,Asian,9
869,384,2023-01-07,"12:51:46 PM",114,114,Potstickers,Asian,9
887,391,2023-01-07,"1:25:31 PM",114,114,Potstickers,Asian,9
919,399,2023-01-07,"3:47:49 PM",114,114,Potstickers,Asian,9
946,413,2023-01-07,"6:11:32 PM",114,114,Potstickers,Asian,9
1002,439,2023-01-08,"12:13:08 PM",114,114,Potstickers,Asian,9
1063,458,2023-01-08,"2:00:05 PM",114,114,Potstickers,Asian,9
1153,504,2023-01-09,"11:48:18 AM",114,114,Potstickers,Asian,9
1193,522,2023-01-09,"2:09:33 PM",114,114,Potstickers,Asian,9
1194,522,2023-01-09,"2:09:33 PM",114,114,Potstickers,Asian,9
1246,550,2023-01-09,"7:12:59 PM",114,114,Potstickers,Asian,9
1250,551,2023-01-09,"7:26:24 PM",114,114,Potstickers,Asian,9
1394,620,2023-01-10,"8:45:45 PM",114,114,Potstickers,Asian,9
1409,627,2023-01-10,"10:18:35 PM",114,114,Potstickers,Asian,9
1410,627,2023-01-10,"10:18:35 PM",114,114,Potstickers,Asian,9
1413,628,2023-01-10,"10:47:17 PM",114,114,Potstickers,Asian,9
1437,637,2023-01-11,"12:44:10 PM",114,114,Potstickers,Asian,9
1589,710,2023-01-12,"3:59:52 PM",114,114,Potstickers,Asian,9
1633,728,2023-01-12,"6:53:17 PM",114,114,Potstickers,Asian,9
1678,745,2023-01-13,"1:36:53 PM",114,114,Potstickers,Asian,9
1747,777,2023-01-13,"7:10:20 PM",114,114,Potstickers,Asian,9
1854,823,2023-01-14,"5:42:17 PM",114,114,Potstickers,Asian,9
1939,859,2023-01-15,"1:05:13 PM",114,114,Potstickers,Asian,9
1952,864,2023-01-15,"2:04:23 PM",114,114,Potstickers,Asian,9
2102,935,2023-01-16,"4:14:59 PM",114,114,Potstickers,Asian,9
2261,1008,2023-01-17,"6:49:59 PM",114,114,Potstickers,Asian,9
2307,1029,2023-01-17,"10:06:27 PM",114,114,Potstickers,Asian,9
2484,1098,2023-01-19,"1:25:39 PM",114,114,Potstickers,Asian,9
2494,1103,2023-01-19,"2:08:12 PM",114,114,Potstickers,Asian,9
2562,1133,2023-01-19,"7:59:17 PM",114,114,Potstickers,Asian,9
2574,1139,2023-01-20,"11:25:59 AM",114,114,Potstickers,Asian,9
2653,1172,2023-01-20,"4:53:23 PM",114,114,Potstickers,Asian,9
2757,1219,2023-01-21,"3:13:10 PM",114,114,Potstickers,Asian,9
2903,1278,2023-01-22,"2:07:34 PM",114,114,Potstickers,Asian,9
2927,1290,2023-01-22,"5:17:19 PM",114,114,Potstickers,Asian,9
2931,1291,2023-01-22,"5:20:13 PM",114,114,Potstickers,Asian,9
3004,1323,2023-01-23,"11:45:37 AM",114,114,Potstickers,Asian,9
3105,1374,2023-01-23,"7:06:56 PM",114,114,Potstickers,Asian,9
3242,1435,2023-01-24,"7:44:56 PM",114,114,Potstickers,Asian,9
3245,1436,2023-01-24,"7:46:06 PM",114,114,Potstickers,Asian,9
3287,1454,2023-01-25,"12:27:51 PM",114,114,Potstickers,Asian,9
3345,1478,2023-01-25,"5:26:23 PM",114,114,Potstickers,Asian,9
3368,1490,2023-01-25,"8:07:13 PM",114,114,Potstickers,Asian,9
3413,1506,2023-01-26,"12:56:04 PM",114,114,Potstickers,Asian,9
3433,1519,2023-01-26,"2:21:10 PM",114,114,Potstickers,Asian,9
3450,1529,2023-01-26,"3:35:32 PM",114,114,Potstickers,Asian,9
3460,1534,2023-01-26,"4:21:23 PM",114,114,Potstickers,Asian,9
3554,1576,2023-01-27,"3:44:22 PM",114,114,Potstickers,Asian,9
3597,1593,2023-01-27,"6:06:25 PM",114,114,Potstickers,Asian,9
3600,1595,2023-01-27,"6:17:38 PM",114,114,Potstickers,Asian,9
3611,1601,2023-01-27,"6:48:01 PM",114,114,Potstickers,Asian,9
3633,1612,2023-01-27,"9:03:29 PM",114,114,Potstickers,Asian,9
3736,1656,2023-01-28,"6:15:57 PM",114,114,Potstickers,Asian,9
3866,1720,2023-01-29,"8:37:53 PM",114,114,Potstickers,Asian,9
3944,1755,2023-01-30,"5:22:31 PM",114,114,Potstickers,Asian,9
4000,1786,2023-01-30,"9:20:25 PM",114,114,Potstickers,Asian,9
4110,1826,2023-01-31,"6:33:05 PM",114,114,Potstickers,Asian,9
4120,1829,2023-01-31,"7:15:50 PM",114,114,Potstickers,Asian,9
4265,1891,2023-02-01,"5:11:07 PM",114,114,Potstickers,Asian,9
4313,1917,2023-02-01,"7:48:51 PM",114,114,Potstickers,Asian,9
4386,1955,2023-02-02,"2:28:24 PM",114,114,Potstickers,Asian,9
4450,1979,2023-02-02,"7:05:23 PM",114,114,Potstickers,Asian,9
4536,2009,2023-02-03,"12:55:07 PM",114,114,Potstickers,Asian,9
4568,2022,2023-02-03,"2:36:36 PM",114,114,Potstickers,Asian,9
4586,2032,2023-02-03,"5:12:51 PM",114,114,Potstickers,Asian,9
4605,2043,2023-02-03,"6:23:13 PM",114,114,Potstickers,Asian,9
4757,2106,2023-02-04,"8:54:54 PM",114,114,Potstickers,Asian,9
4786,2120,2023-02-05,"12:47:12 PM",114,114,Potstickers,Asian,9
4787,2121,2023-02-05,"12:50:51 PM",114,114,Potstickers,Asian,9
4822,2132,2023-02-05,"2:18:04 PM",114,114,Potstickers,Asian,9
4940,2187,2023-02-06,"1:10:13 PM",114,114,Potstickers,Asian,9
5056,2238,2023-02-06,"9:38:28 PM",114,114,Potstickers,Asian,9
5080,2251,2023-02-07,"1:58:00 PM",114,114,Potstickers,Asian,9
5153,2282,2023-02-07,"7:33:21 PM",114,114,Potstickers,Asian,9
5191,2299,2023-02-07,"9:55:00 PM",114,114,Potstickers,Asian,9
5198,2303,2023-02-08,"12:10:20 PM",114,114,Potstickers,Asian,9
5281,2339,2023-02-08,"6:54:41 PM",114,114,Potstickers,Asian,9
5318,2356,2023-02-09,"11:31:10 AM",114,114,Potstickers,Asian,9
5359,2369,2023-02-09,"2:00:19 PM",114,114,Potstickers,Asian,9
5395,2382,2023-02-09,"5:09:34 PM",114,114,Potstickers,Asian,9
5423,2396,2023-02-09,"6:34:07 PM",114,114,Potstickers,Asian,9
5428,2398,2023-02-09,"6:53:44 PM",114,114,Potstickers,Asian,9
5454,2409,2023-02-10,"11:28:16 AM",114,114,Potstickers,Asian,9
5550,2455,2023-02-10,"7:07:28 PM",114,114,Potstickers,Asian,9
5598,2479,2023-02-11,"12:35:27 PM",114,114,Potstickers,Asian,9
5716,2530,2023-02-11,"8:11:26 PM",114,114,Potstickers,Asian,9
5765,2553,2023-02-12,"1:47:07 PM",114,114,Potstickers,Asian,9
5773,2557,2023-02-12,"2:09:47 PM",114,114,Potstickers,Asian,9
5774,2557,2023-02-12,"2:09:47 PM",114,114,Potstickers,Asian,9
5786,2563,2023-02-12,"2:43:38 PM",114,114,Potstickers,Asian,9
5799,2569,2023-02-12,"3:53:59 PM",114,114,Potstickers,Asian,9
5851,2594,2023-02-12,"10:54:43 PM",114,114,Potstickers,Asian,9
5994,2655,2023-02-13,"9:34:36 PM",114,114,Potstickers,Asian,9
6016,2668,2023-02-14,"12:22:58 PM",114,114,Potstickers,Asian,9
6038,2675,2023-02-14,"2:41:49 PM",114,114,Potstickers,Asian,9
6124,2712,2023-02-14,"8:52:05 PM",114,114,Potstickers,Asian,9
6165,2725,2023-02-15,"11:52:00 AM",114,114,Potstickers,Asian,9
6365,2813,2023-02-16,"6:15:02 PM",114,114,Potstickers,Asian,9
6486,2871,2023-02-17,"6:39:26 PM",114,114,Potstickers,Asian,9
6548,2895,2023-02-18,"12:06:59 PM",114,114,Potstickers,Asian,9
6668,2943,2023-02-18,"8:41:00 PM",114,114,Potstickers,Asian,9
6780,2994,2023-02-19,"6:58:08 PM",114,114,Potstickers,Asian,9
6797,3001,2023-02-19,"8:34:39 PM",114,114,Potstickers,Asian,9
6838,3018,2023-02-20,"1:12:40 PM",114,114,Potstickers,Asian,9
6877,3034,2023-02-20,"2:55:08 PM",114,114,Potstickers,Asian,9
6889,3040,2023-02-20,"4:09:58 PM",114,114,Potstickers,Asian,9
6910,3048,2023-02-20,"5:45:15 PM",114,114,Potstickers,Asian,9
7000,3088,2023-02-21,"1:20:12 PM",114,114,Potstickers,Asian,9
7003,3089,2023-02-21,"1:42:51 PM",114,114,Potstickers,Asian,9
7030,3100,2023-02-21,"3:41:20 PM",114,114,Potstickers,Asian,9
7156,3154,2023-02-22,"5:44:21 PM",114,114,Potstickers,Asian,9
7177,3165,2023-02-22,"9:02:45 PM",114,114,Potstickers,Asian,9
7252,3195,2023-02-23,"4:24:11 PM",114,114,Potstickers,Asian,9
7432,3276,2023-02-24,"8:46:55 PM",114,114,Potstickers,Asian,9
7580,3340,2023-02-25,"8:41:17 PM",114,114,Potstickers,Asian,9
7669,3375,2023-02-26,"4:20:18 PM",114,114,Potstickers,Asian,9
7723,3399,2023-02-26,"8:22:43 PM",114,114,Potstickers,Asian,9
7745,3410,2023-02-27,"12:33:50 PM",114,114,Potstickers,Asian,9
7836,3445,2023-02-27,"6:08:58 PM",114,114,Potstickers,Asian,9
7880,3462,2023-02-27,"7:55:23 PM",114,114,Potstickers,Asian,9
8002,3511,2023-02-28,"7:23:54 PM",114,114,Potstickers,Asian,9
8107,3558,2023-03-01,"6:08:01 PM",114,114,Potstickers,Asian,9
8126,3568,2023-03-01,"7:27:23 PM",114,114,Potstickers,Asian,9
8381,3671,2023-03-03,"5:27:27 PM",114,114,Potstickers,Asian,9
8452,3702,2023-03-04,"12:53:29 PM",114,114,Potstickers,Asian,9
8661,3794,2023-03-05,"5:09:43 PM",114,114,Potstickers,Asian,9
8695,3809,2023-03-05,"6:52:11 PM",114,114,Potstickers,Asian,9
8832,3871,2023-03-06,"9:12:07 PM",114,114,Potstickers,Asian,9
8957,3924,2023-03-07,"8:33:42 PM",114,114,Potstickers,Asian,9
8967,3928,2023-03-07,"9:01:55 PM",114,114,Potstickers,Asian,9
9149,4012,2023-03-09,"1:17:54 PM",114,114,Potstickers,Asian,9
9171,4016,2023-03-09,"2:09:30 PM",114,114,Potstickers,Asian,9
9209,4034,2023-03-09,"5:48:17 PM",114,114,Potstickers,Asian,9
9221,4038,2023-03-09,"6:04:03 PM",114,114,Potstickers,Asian,9
9239,4048,2023-03-09,"7:42:52 PM",114,114,Potstickers,Asian,9
9320,4080,2023-03-10,"2:38:10 PM",114,114,Potstickers,Asian,9
9335,4088,2023-03-10,"3:48:01 PM",114,114,Potstickers,Asian,9
9421,4123,2023-03-11,"12:53:38 PM",114,114,Potstickers,Asian,9
9661,4232,2023-03-13,"12:22:05 PM",114,114,Potstickers,Asian,9
9665,4233,2023-03-13,"12:26:06 PM",114,114,Potstickers,Asian,9
9733,4263,2023-03-13,"5:48:06 PM",114,114,Potstickers,Asian,9
9798,4291,2023-03-13,"8:59:18 PM",114,114,Potstickers,Asian,9
9844,4306,2023-03-14,"1:16:23 PM",114,114,Potstickers,Asian,9
9880,4324,2023-03-14,"4:42:00 PM",114,114,Potstickers,Asian,9
9920,4345,2023-03-14,"8:18:21 PM",114,114,Potstickers,Asian,9
9966,4363,2023-03-15,"1:41:43 PM",114,114,Potstickers,Asian,9
10016,4383,2023-03-15,"4:38:07 PM",114,114,Potstickers,Asian,9
10030,4389,2023-03-15,"6:28:12 PM",114,114,Potstickers,Asian,9
10084,4416,2023-03-16,"12:33:50 PM",114,114,Potstickers,Asian,9
10102,4422,2023-03-16,"1:14:57 PM",114,114,Potstickers,Asian,9
10166,4452,2023-03-16,"6:25:34 PM",114,114,Potstickers,Asian,9
10188,4462,2023-03-16,"7:17:34 PM",114,114,Potstickers,Asian,9
10223,4478,2023-03-17,"1:13:09 PM",114,114,Potstickers,Asian,9
10364,4533,2023-03-17,"8:25:53 PM",114,114,Potstickers,Asian,9
10390,4547,2023-03-18,"12:12:58 PM",114,114,Potstickers,Asian,9
10470,4587,2023-03-18,"7:30:25 PM",114,114,Potstickers,Asian,9
10482,4592,2023-03-18,"8:05:46 PM",114,114,Potstickers,Asian,9
10502,4603,2023-03-19,"11:24:09 AM",114,114,Potstickers,Asian,9
10525,4611,2023-03-19,"12:26:04 PM",114,114,Potstickers,Asian,9
10813,4732,2023-03-21,"1:02:15 PM",114,114,Potstickers,Asian,9
10833,4741,2023-03-21,"2:06:09 PM",114,114,Potstickers,Asian,9
10834,4741,2023-03-21,"2:06:09 PM",114,114,Potstickers,Asian,9
10880,4763,2023-03-21,"6:44:01 PM",114,114,Potstickers,Asian,9
10909,4775,2023-03-21,"8:15:09 PM",114,114,Potstickers,Asian,9
10917,4779,2023-03-21,"9:35:31 PM",114,114,Potstickers,Asian,9
10931,4788,2023-03-22,"1:26:50 PM",114,114,Potstickers,Asian,9
10943,4792,2023-03-22,"2:42:50 PM",114,114,Potstickers,Asian,9
10987,4811,2023-03-22,"7:34:54 PM",114,114,Potstickers,Asian,9
10989,4813,2023-03-22,"7:52:54 PM",114,114,Potstickers,Asian,9
11217,4924,2023-03-24,"6:53:06 PM",114,114,Potstickers,Asian,9
11223,4927,2023-03-24,"7:38:31 PM",114,114,Potstickers,Asian,9
11232,4930,2023-03-24,"7:57:44 PM",114,114,Potstickers,Asian,9
11421,5017,2023-03-26,"1:58:44 PM",114,114,Potstickers,Asian,9
11512,5063,2023-03-27,"11:50:10 AM",114,114,Potstickers,Asian,9
11514,5065,2023-03-27,"12:07:05 PM",114,114,Potstickers,Asian,9
11574,5089,2023-03-27,"4:12:46 PM",114,114,Potstickers,Asian,9
11637,5116,2023-03-27,"7:30:46 PM",114,114,Potstickers,Asian,9
11691,5137,2023-03-28,"12:40:38 PM",114,114,Potstickers,Asian,9
11711,5146,2023-03-28,"2:19:34 PM",114,114,Potstickers,Asian,9
11751,5163,2023-03-28,"5:08:46 PM",114,114,Potstickers,Asian,9
11755,5165,2023-03-28,"5:26:43 PM",114,114,Potstickers,Asian,9
11824,5198,2023-03-29,"12:09:12 PM",114,114,Potstickers,Asian,9
11838,5200,2023-03-29,"12:32:07 PM",114,114,Potstickers,Asian,9
11892,5220,2023-03-29,"4:50:51 PM",114,114,Potstickers,Asian,9
12059,5301,2023-03-30,"9:04:56 PM",114,114,Potstickers,Asian,9
12119,5322,2023-03-31,"1:35:58 PM",114,114,Potstickers,Asian,9
12209,5362,2023-03-31,"7:59:23 PM",114,114,Potstickers,Asian,9
428,182,2023-01-03,"6:50:10 PM",115,115,"Chicken Tacos",Mexican,11.95
578,253,2023-01-04,"10:16:18 PM",115,115,"Chicken Tacos",Mexican,11.95
580,254,2023-01-04,"10:22:13 PM",115,115,"Chicken Tacos",Mexican,11.95
593,261,2023-01-05,"12:38:29 PM",115,115,"Chicken Tacos",Mexican,11.95
654,288,2023-01-05,"5:32:44 PM",115,115,"Chicken Tacos",Mexican,11.95
709,312,2023-01-06,"12:05:21 PM",115,115,"Chicken Tacos",Mexican,11.95
936,408,2023-01-07,"5:09:09 PM",115,115,"Chicken Tacos",Mexican,11.95
944,412,2023-01-07,"6:07:46 PM",115,115,"Chicken Tacos",Mexican,11.95
1218,536,2023-01-09,"5:18:50 PM",115,115,"Chicken Tacos",Mexican,11.95
1319,585,2023-01-10,"3:58:42 PM",115,115,"Chicken Tacos",Mexican,11.95
1526,679,2023-01-11,"8:31:02 PM",115,115,"Chicken Tacos",Mexican,11.95
1565,700,2023-01-12,"2:31:13 PM",115,115,"Chicken Tacos",Mexican,11.95
1729,768,2023-01-13,"5:23:34 PM",115,115,"Chicken Tacos",Mexican,11.95
2195,978,2023-01-17,"12:24:36 PM",115,115,"Chicken Tacos",Mexican,11.95
2244,1000,2023-01-17,"5:24:24 PM",115,115,"Chicken Tacos",Mexican,11.95
2466,1094,2023-01-19,"12:33:50 PM",115,115,"Chicken Tacos",Mexican,11.95
2670,1180,2023-01-20,"6:12:31 PM",115,115,"Chicken Tacos",Mexican,11.95
2674,1182,2023-01-20,"6:33:48 PM",115,115,"Chicken Tacos",Mexican,11.95
2817,1244,2023-01-21,"7:24:32 PM",115,115,"Chicken Tacos",Mexican,11.95
2838,1254,2023-01-22,"11:56:03 AM",115,115,"Chicken Tacos",Mexican,11.95
2968,1307,2023-01-22,"7:39:20 PM",115,115,"Chicken Tacos",Mexican,11.95
3204,1420,2023-01-24,"6:10:44 PM",115,115,"Chicken Tacos",Mexican,11.95
3237,1434,2023-01-24,"7:43:40 PM",115,115,"Chicken Tacos",Mexican,11.95
3292,1457,2023-01-25,"1:35:53 PM",115,115,"Chicken Tacos",Mexican,11.95
3346,1479,2023-01-25,"5:30:14 PM",115,115,"Chicken Tacos",Mexican,11.95
3359,1485,2023-01-25,"7:05:15 PM",115,115,"Chicken Tacos",Mexican,11.95
3409,1505,2023-01-26,"12:47:34 PM",115,115,"Chicken Tacos",Mexican,11.95
3531,1569,2023-01-27,"1:38:50 PM",115,115,"Chicken Tacos",Mexican,11.95
3621,1607,2023-01-27,"8:09:27 PM",115,115,"Chicken Tacos",Mexican,11.95
3654,1622,2023-01-28,"11:49:42 AM",115,115,"Chicken Tacos",Mexican,11.95
3661,1628,2023-01-28,"12:16:39 PM",115,115,"Chicken Tacos",Mexican,11.95
3870,1723,2023-01-29,"8:50:55 PM",115,115,"Chicken Tacos",Mexican,11.95
3920,1745,2023-01-30,"2:43:16 PM",115,115,"Chicken Tacos",Mexican,11.95
4048,1802,2023-01-31,"2:55:20 PM",115,115,"Chicken Tacos",Mexican,11.95
4195,1863,2023-02-01,"1:39:45 PM",115,115,"Chicken Tacos",Mexican,11.95
4201,1866,2023-02-01,"2:18:56 PM",115,115,"Chicken Tacos",Mexican,11.95
4310,1917,2023-02-01,"7:48:51 PM",115,115,"Chicken Tacos",Mexican,11.95
4429,1968,2023-02-02,"4:58:41 PM",115,115,"Chicken Tacos",Mexican,11.95
4548,2013,2023-02-03,"1:20:46 PM",115,115,"Chicken Tacos",Mexican,11.95
4626,2052,2023-02-03,"7:54:31 PM",115,115,"Chicken Tacos",Mexican,11.95
4663,2068,2023-02-04,"12:49:48 PM",115,115,"Chicken Tacos",Mexican,11.95
4682,2075,2023-02-04,"2:03:04 PM",115,115,"Chicken Tacos",Mexican,11.95
4742,2101,2023-02-04,"7:27:08 PM",115,115,"Chicken Tacos",Mexican,11.95
4819,2132,2023-02-05,"2:18:04 PM",115,115,"Chicken Tacos",Mexican,11.95
4887,2163,2023-02-05,"8:18:08 PM",115,115,"Chicken Tacos",Mexican,11.95
4899,2172,2023-02-05,"9:51:44 PM",115,115,"Chicken Tacos",Mexican,11.95
4932,2184,2023-02-06,"12:40:25 PM",115,115,"Chicken Tacos",Mexican,11.95
5058,2240,2023-02-06,"10:22:17 PM",115,115,"Chicken Tacos",Mexican,11.95
5085,2254,2023-02-07,"3:00:58 PM",115,115,"Chicken Tacos",Mexican,11.95
5106,2260,2023-02-07,"3:43:28 PM",115,115,"Chicken Tacos",Mexican,11.95
5223,2313,2023-02-08,"2:12:59 PM",115,115,"Chicken Tacos",Mexican,11.95
5302,2348,2023-02-08,"8:58:36 PM",115,115,"Chicken Tacos",Mexican,11.95
5481,2424,2023-02-10,"1:04:23 PM",115,115,"Chicken Tacos",Mexican,11.95
5522,2442,2023-02-10,"4:49:38 PM",115,115,"Chicken Tacos",Mexican,11.95
5569,2465,2023-02-10,"8:33:37 PM",115,115,"Chicken Tacos",Mexican,11.95
5744,2547,2023-02-12,"12:45:49 PM",115,115,"Chicken Tacos",Mexican,11.95
5756,2548,2023-02-12,"12:48:03 PM",115,115,"Chicken Tacos",Mexican,11.95
5768,2555,2023-02-12,"2:00:00 PM",115,115,"Chicken Tacos",Mexican,11.95
5778,2560,2023-02-12,"2:27:16 PM",115,115,"Chicken Tacos",Mexican,11.95
5814,2578,2023-02-12,"5:36:09 PM",115,115,"Chicken Tacos",Mexican,11.95
5972,2647,2023-02-13,"8:45:14 PM",115,115,"Chicken Tacos",Mexican,11.95
5988,2653,2023-02-13,"9:03:23 PM",115,115,"Chicken Tacos",Mexican,11.95
6042,2677,2023-02-14,"3:27:42 PM",115,115,"Chicken Tacos",Mexican,11.95
6222,2754,2023-02-15,"5:42:41 PM",115,115,"Chicken Tacos",Mexican,11.95
6556,2900,2023-02-18,"12:55:30 PM",115,115,"Chicken Tacos",Mexican,11.95
6583,2911,2023-02-18,"2:54:10 PM",115,115,"Chicken Tacos",Mexican,11.95
6607,2921,2023-02-18,"5:13:58 PM",115,115,"Chicken Tacos",Mexican,11.95
6730,2967,2023-02-19,"1:44:40 PM",115,115,"Chicken Tacos",Mexican,11.95
6815,3010,2023-02-20,"12:26:16 PM",115,115,"Chicken Tacos",Mexican,11.95
6918,3053,2023-02-20,"5:58:01 PM",115,115,"Chicken Tacos",Mexican,11.95
7016,3095,2023-02-21,"3:11:34 PM",115,115,"Chicken Tacos",Mexican,11.95
7025,3097,2023-02-21,"3:25:30 PM",115,115,"Chicken Tacos",Mexican,11.95
7056,3112,2023-02-21,"6:12:32 PM",115,115,"Chicken Tacos",Mexican,11.95
7258,3199,2023-02-23,"5:13:58 PM",115,115,"Chicken Tacos",Mexican,11.95
7339,3234,2023-02-24,"12:34:37 PM",115,115,"Chicken Tacos",Mexican,11.95
7349,3236,2023-02-24,"12:50:51 PM",115,115,"Chicken Tacos",Mexican,11.95
7413,3266,2023-02-24,"6:40:58 PM",115,115,"Chicken Tacos",Mexican,11.95
7937,3487,2023-02-28,"2:20:54 PM",115,115,"Chicken Tacos",Mexican,11.95
8137,3574,2023-03-01,"8:49:00 PM",115,115,"Chicken Tacos",Mexican,11.95
8194,3595,2023-03-02,"1:33:21 PM",115,115,"Chicken Tacos",Mexican,11.95
8375,3669,2023-03-03,"5:19:38 PM",115,115,"Chicken Tacos",Mexican,11.95
8383,3673,2023-03-03,"5:48:45 PM",115,115,"Chicken Tacos",Mexican,11.95
8406,3684,2023-03-03,"7:59:11 PM",115,115,"Chicken Tacos",Mexican,11.95
8454,3703,2023-03-04,"12:59:51 PM",115,115,"Chicken Tacos",Mexican,11.95
8746,3833,2023-03-06,"1:29:45 PM",115,115,"Chicken Tacos",Mexican,11.95
8797,3859,2023-03-06,"6:48:17 PM",115,115,"Chicken Tacos",Mexican,11.95
8843,3877,2023-03-06,"10:13:59 PM",115,115,"Chicken Tacos",Mexican,11.95
8966,3928,2023-03-07,"9:01:55 PM",115,115,"Chicken Tacos",Mexican,11.95
9046,3967,2023-03-08,"4:48:23 PM",115,115,"Chicken Tacos",Mexican,11.95
9236,4048,2023-03-09,"7:42:52 PM",115,115,"Chicken Tacos",Mexican,11.95
9240,4049,2023-03-09,"8:22:42 PM",115,115,"Chicken Tacos",Mexican,11.95
9336,4089,2023-03-10,"4:04:11 PM",115,115,"Chicken Tacos",Mexican,11.95
9359,4099,2023-03-10,"6:21:25 PM",115,115,"Chicken Tacos",Mexican,11.95
9404,4121,2023-03-11,"12:37:36 PM",115,115,"Chicken Tacos",Mexican,11.95
9477,4150,2023-03-11,"4:45:38 PM",115,115,"Chicken Tacos",Mexican,11.95
9550,4186,2023-03-12,"12:38:05 PM",115,115,"Chicken Tacos",Mexican,11.95
9596,4205,2023-03-12,"4:23:53 PM",115,115,"Chicken Tacos",Mexican,11.95
9614,4211,2023-03-12,"5:34:27 PM",115,115,"Chicken Tacos",Mexican,11.95
9615,4212,2023-03-12,"5:44:49 PM",115,115,"Chicken Tacos",Mexican,11.95
9754,4271,2023-03-13,"6:53:59 PM",115,115,"Chicken Tacos",Mexican,11.95
9923,4347,2023-03-14,"8:31:44 PM",115,115,"Chicken Tacos",Mexican,11.95
10014,4383,2023-03-15,"4:38:07 PM",115,115,"Chicken Tacos",Mexican,11.95
10382,4543,2023-03-18,"12:06:46 PM",115,115,"Chicken Tacos",Mexican,11.95
10460,4582,2023-03-18,"6:27:57 PM",115,115,"Chicken Tacos",Mexican,11.95
10488,4597,2023-03-18,"8:45:48 PM",115,115,"Chicken Tacos",Mexican,11.95
10503,4604,2023-03-19,"11:27:07 AM",115,115,"Chicken Tacos",Mexican,11.95
10550,4623,2023-03-19,"2:41:44 PM",115,115,"Chicken Tacos",Mexican,11.95
10798,4730,2023-03-21,"12:40:30 PM",115,115,"Chicken Tacos",Mexican,11.95
10873,4761,2023-03-21,"6:10:58 PM",115,115,"Chicken Tacos",Mexican,11.95
10932,4789,2023-03-22,"1:56:27 PM",115,115,"Chicken Tacos",Mexican,11.95
10968,4805,2023-03-22,"6:10:30 PM",115,115,"Chicken Tacos",Mexican,11.95
10983,4810,2023-03-22,"7:23:28 PM",115,115,"Chicken Tacos",Mexican,11.95
11213,4922,2023-03-24,"6:10:44 PM",115,115,"Chicken Tacos",Mexican,11.95
11221,4927,2023-03-24,"7:38:31 PM",115,115,"Chicken Tacos",Mexican,11.95
11272,4950,2023-03-25,"12:22:09 PM",115,115,"Chicken Tacos",Mexican,11.95
11391,5008,2023-03-26,"12:39:34 PM",115,115,"Chicken Tacos",Mexican,11.95
11441,5028,2023-03-26,"3:46:49 PM",115,115,"Chicken Tacos",Mexican,11.95
11814,5193,2023-03-29,"11:32:32 AM",115,115,"Chicken Tacos",Mexican,11.95
11815,5194,2023-03-29,"11:39:53 AM",115,115,"Chicken Tacos",Mexican,11.95
11978,5264,2023-03-30,"1:24:35 PM",115,115,"Chicken Tacos",Mexican,11.95
12009,5277,2023-03-30,"4:18:59 PM",115,115,"Chicken Tacos",Mexican,11.95
12147,5334,2023-03-31,"3:29:36 PM",115,115,"Chicken Tacos",Mexican,11.95
12166,5344,2023-03-31,"5:22:40 PM",115,115,"Chicken Tacos",Mexican,11.95
44,17,2023-01-01,"1:53:00 PM",116,116,"Steak Tacos",Mexican,13.95
471,201,2023-01-03,"10:29:59 PM",116,116,"Steak Tacos",Mexican,13.95
557,242,2023-01-04,"8:15:29 PM",116,116,"Steak Tacos",Mexican,13.95
574,249,2023-01-04,"9:06:16 PM",116,116,"Steak Tacos",Mexican,13.95
713,314,2023-01-06,"12:11:58 PM",116,116,"Steak Tacos",Mexican,13.95
769,334,2023-01-06,"2:24:18 PM",116,116,"Steak Tacos",Mexican,13.95
860,380,2023-01-07,"12:32:10 PM",116,116,"Steak Tacos",Mexican,13.95
889,392,2023-01-07,"1:36:47 PM",116,116,"Steak Tacos",Mexican,13.95
962,421,2023-01-07,"7:21:58 PM",116,116,"Steak Tacos",Mexican,13.95
975,428,2023-01-07,"10:05:00 PM",116,116,"Steak Tacos",Mexican,13.95
1003,440,2023-01-08,"12:16:34 PM",116,116,"Steak Tacos",Mexican,13.95
1073,464,2023-01-08,"2:49:01 PM",116,116,"Steak Tacos",Mexican,13.95
1098,478,2023-01-08,"5:35:56 PM",116,116,"Steak Tacos",Mexican,13.95
1142,499,2023-01-08,"9:10:46 PM",116,116,"Steak Tacos",Mexican,13.95
1204,529,2023-01-09,"3:31:01 PM",116,116,"Steak Tacos",Mexican,13.95
1307,578,2023-01-10,"1:48:49 PM",116,116,"Steak Tacos",Mexican,13.95
1338,594,2023-01-10,"5:50:19 PM",116,116,"Steak Tacos",Mexican,13.95
1395,621,2023-01-10,"8:49:29 PM",116,116,"Steak Tacos",Mexican,13.95
1415,629,2023-01-10,"10:48:39 PM",116,116,"Steak Tacos",Mexican,13.95
1426,635,2023-01-11,"12:18:31 PM",116,116,"Steak Tacos",Mexican,13.95
1448,642,2023-01-11,"1:40:00 PM",116,116,"Steak Tacos",Mexican,13.95
1468,651,2023-01-11,"2:49:35 PM",116,116,"Steak Tacos",Mexican,13.95
1494,664,2023-01-11,"5:35:14 PM",116,116,"Steak Tacos",Mexican,13.95
1575,704,2023-01-12,"3:28:25 PM",116,116,"Steak Tacos",Mexican,13.95
1687,751,2023-01-13,"3:07:35 PM",116,116,"Steak Tacos",Mexican,13.95
1710,759,2023-01-13,"4:14:56 PM",116,116,"Steak Tacos",Mexican,13.95
1762,782,2023-01-13,"8:36:27 PM",116,116,"Steak Tacos",Mexican,13.95
1800,800,2023-01-14,"12:54:35 PM",116,116,"Steak Tacos",Mexican,13.95
1830,812,2023-01-14,"3:37:45 PM",116,116,"Steak Tacos",Mexican,13.95
1875,831,2023-01-14,"6:38:20 PM",116,116,"Steak Tacos",Mexican,13.95
1937,859,2023-01-15,"1:05:13 PM",116,116,"Steak Tacos",Mexican,13.95
2065,922,2023-01-16,"1:19:43 PM",116,116,"Steak Tacos",Mexican,13.95
2095,932,2023-01-16,"3:33:19 PM",116,116,"Steak Tacos",Mexican,13.95
2139,952,2023-01-16,"7:05:35 PM",116,116,"Steak Tacos",Mexican,13.95
2223,987,2023-01-17,"2:41:14 PM",116,116,"Steak Tacos",Mexican,13.95
2386,1063,2023-01-18,"5:28:29 PM",116,116,"Steak Tacos",Mexican,13.95
2499,1105,2023-01-19,"3:13:54 PM",116,116,"Steak Tacos",Mexican,13.95
2538,1124,2023-01-19,"6:29:26 PM",116,116,"Steak Tacos",Mexican,13.95
2637,1162,2023-01-20,"2:40:02 PM",116,116,"Steak Tacos",Mexican,13.95
2726,1207,2023-01-21,"12:52:42 PM",116,116,"Steak Tacos",Mexican,13.95
2759,1220,2023-01-21,"3:20:03 PM",116,116,"Steak Tacos",Mexican,13.95
2797,1237,2023-01-21,"6:10:40 PM",116,116,"Steak Tacos",Mexican,13.95
2875,1269,2023-01-22,"1:04:41 PM",116,116,"Steak Tacos",Mexican,13.95
2969,1308,2023-01-22,"7:43:14 PM",116,116,"Steak Tacos",Mexican,13.95
3005,1324,2023-01-23,"11:46:56 AM",116,116,"Steak Tacos",Mexican,13.95
3205,1420,2023-01-24,"6:10:44 PM",116,116,"Steak Tacos",Mexican,13.95
3262,1445,2023-01-24,"8:29:40 PM",116,116,"Steak Tacos",Mexican,13.95
3282,1453,2023-01-25,"12:24:36 PM",116,116,"Steak Tacos",Mexican,13.95
3322,1469,2023-01-25,"3:23:21 PM",116,116,"Steak Tacos",Mexican,13.95
3327,1471,2023-01-25,"4:07:00 PM",116,116,"Steak Tacos",Mexican,13.95
3384,1497,2023-01-26,"11:15:57 AM",116,116,"Steak Tacos",Mexican,13.95
3446,1527,2023-01-26,"3:14:30 PM",116,116,"Steak Tacos",Mexican,13.95
3465,1536,2023-01-26,"4:52:11 PM",116,116,"Steak Tacos",Mexican,13.95
3478,1542,2023-01-26,"6:37:22 PM",116,116,"Steak Tacos",Mexican,13.95
3497,1553,2023-01-27,"11:47:40 AM",116,116,"Steak Tacos",Mexican,13.95
3594,1593,2023-01-27,"6:06:25 PM",116,116,"Steak Tacos",Mexican,13.95
3612,1602,2023-01-27,"6:49:15 PM",116,116,"Steak Tacos",Mexican,13.95
3718,1649,2023-01-28,"4:26:11 PM",116,116,"Steak Tacos",Mexican,13.95
3778,1679,2023-01-29,"1:08:52 PM",116,116,"Steak Tacos",Mexican,13.95
3827,1700,2023-01-29,"4:07:41 PM",116,116,"Steak Tacos",Mexican,13.95
3904,1737,2023-01-30,"1:41:21 PM",116,116,"Steak Tacos",Mexican,13.95
3986,1779,2023-01-30,"8:27:12 PM",116,116,"Steak Tacos",Mexican,13.95
3989,1781,2023-01-30,"9:05:03 PM",116,116,"Steak Tacos",Mexican,13.95
4023,1795,2023-01-31,"1:21:53 PM",116,116,"Steak Tacos",Mexican,13.95
4055,1804,2023-01-31,"3:44:13 PM",116,116,"Steak Tacos",Mexican,13.95
4099,1822,2023-01-31,"6:17:53 PM",116,116,"Steak Tacos",Mexican,13.95
4178,1852,2023-02-01,"11:54:36 AM",116,116,"Steak Tacos",Mexican,13.95
4188,1857,2023-02-01,"12:34:00 PM",116,116,"Steak Tacos",Mexican,13.95
4226,1876,2023-02-01,"3:56:21 PM",116,116,"Steak Tacos",Mexican,13.95
4256,1888,2023-02-01,"5:01:44 PM",116,116,"Steak Tacos",Mexican,13.95
4262,1891,2023-02-01,"5:11:07 PM",116,116,"Steak Tacos",Mexican,13.95
4272,1895,2023-02-01,"5:24:50 PM",116,116,"Steak Tacos",Mexican,13.95
4340,1930,2023-02-01,"10:11:02 PM",116,116,"Steak Tacos",Mexican,13.95
4387,1956,2023-02-02,"2:36:07 PM",116,116,"Steak Tacos",Mexican,13.95
4435,1972,2023-02-02,"5:35:29 PM",116,116,"Steak Tacos",Mexican,13.95
4466,1987,2023-02-02,"8:09:54 PM",116,116,"Steak Tacos",Mexican,13.95
4474,1990,2023-02-02,"9:22:35 PM",116,116,"Steak Tacos",Mexican,13.95
4485,1995,2023-02-02,"10:19:33 PM",116,116,"Steak Tacos",Mexican,13.95
4494,1999,2023-02-03,"12:07:51 PM",116,116,"Steak Tacos",Mexican,13.95
4495,1999,2023-02-03,"12:07:51 PM",116,116,"Steak Tacos",Mexican,13.95
4505,2000,2023-02-03,"12:14:27 PM",116,116,"Steak Tacos",Mexican,13.95
4514,2001,2023-02-03,"12:20:45 PM",116,116,"Steak Tacos",Mexican,13.95
4515,2001,2023-02-03,"12:20:45 PM",116,116,"Steak Tacos",Mexican,13.95
4622,2051,2023-02-03,"7:51:00 PM",116,116,"Steak Tacos",Mexican,13.95
4749,2103,2023-02-04,"7:38:28 PM",116,116,"Steak Tacos",Mexican,13.95
4818,2131,2023-02-05,"2:17:24 PM",116,116,"Steak Tacos",Mexican,13.95
4833,2137,2023-02-05,"3:00:15 PM",116,116,"Steak Tacos",Mexican,13.95
4868,2154,2023-02-05,"6:55:27 PM",116,116,"Steak Tacos",Mexican,13.95
4909,2176,2023-02-06,"11:18:53 AM",116,116,"Steak Tacos",Mexican,13.95
4910,2177,2023-02-06,"11:25:48 AM",116,116,"Steak Tacos",Mexican,13.95
4936,2187,2023-02-06,"1:10:13 PM",116,116,"Steak Tacos",Mexican,13.95
4941,2188,2023-02-06,"1:13:33 PM",116,116,"Steak Tacos",Mexican,13.95
5019,2221,2023-02-06,"6:47:16 PM",116,116,"Steak Tacos",Mexican,13.95
5024,2222,2023-02-06,"6:51:55 PM",116,116,"Steak Tacos",Mexican,13.95
5135,2273,2023-02-07,"6:31:29 PM",116,116,"Steak Tacos",Mexican,13.95
5141,2277,2023-02-07,"6:53:49 PM",116,116,"Steak Tacos",Mexican,13.95
5193,2301,2023-02-07,"10:10:57 PM",116,116,"Steak Tacos",Mexican,13.95
5458,2411,2023-02-10,"11:53:29 AM",116,116,"Steak Tacos",Mexican,13.95
5635,2497,2023-02-11,"3:12:46 PM",116,116,"Steak Tacos",Mexican,13.95
5663,2510,2023-02-11,"5:53:00 PM",116,116,"Steak Tacos",Mexican,13.95
5681,2518,2023-02-11,"7:02:19 PM",116,116,"Steak Tacos",Mexican,13.95
5762,2551,2023-02-12,"1:28:21 PM",116,116,"Steak Tacos",Mexican,13.95
5784,2563,2023-02-12,"2:43:38 PM",116,116,"Steak Tacos",Mexican,13.95
5863,2601,2023-02-13,"12:03:27 PM",116,116,"Steak Tacos",Mexican,13.95
5890,2612,2023-02-13,"1:43:11 PM",116,116,"Steak Tacos",Mexican,13.95
6009,2664,2023-02-13,"10:38:02 PM",116,116,"Steak Tacos",Mexican,13.95
6051,2683,2023-02-14,"4:56:35 PM",116,116,"Steak Tacos",Mexican,13.95
6068,2693,2023-02-14,"6:01:21 PM",116,116,"Steak Tacos",Mexican,13.95
6072,2694,2023-02-14,"6:10:04 PM",116,116,"Steak Tacos",Mexican,13.95
6093,2702,2023-02-14,"6:54:29 PM",116,116,"Steak Tacos",Mexican,13.95
6125,2713,2023-02-14,"9:08:21 PM",116,116,"Steak Tacos",Mexican,13.95
6139,2718,2023-02-14,"10:16:39 PM",116,116,"Steak Tacos",Mexican,13.95
6154,2725,2023-02-15,"11:52:00 AM",116,116,"Steak Tacos",Mexican,13.95
6169,2728,2023-02-15,"12:12:02 PM",116,116,"Steak Tacos",Mexican,13.95
6181,2735,2023-02-15,"2:53:31 PM",116,116,"Steak Tacos",Mexican,13.95
6321,2794,2023-02-16,"1:13:19 PM",116,116,"Steak Tacos",Mexican,13.95
6466,2859,2023-02-17,"4:56:21 PM",116,116,"Steak Tacos",Mexican,13.95
6484,2871,2023-02-17,"6:39:26 PM",116,116,"Steak Tacos",Mexican,13.95
6617,2925,2023-02-18,"6:03:20 PM",116,116,"Steak Tacos",Mexican,13.95
6690,2952,2023-02-19,"12:03:36 PM",116,116,"Steak Tacos",Mexican,13.95
6736,2968,2023-02-19,"2:06:37 PM",116,116,"Steak Tacos",Mexican,13.95
6789,2999,2023-02-19,"7:57:15 PM",116,116,"Steak Tacos",Mexican,13.95
6790,2999,2023-02-19,"7:57:15 PM",116,116,"Steak Tacos",Mexican,13.95
6806,3006,2023-02-20,"12:01:32 PM",116,116,"Steak Tacos",Mexican,13.95
6832,3018,2023-02-20,"1:12:40 PM",116,116,"Steak Tacos",Mexican,13.95
6842,3022,2023-02-20,"1:24:12 PM",116,116,"Steak Tacos",Mexican,13.95
6880,3036,2023-02-20,"3:14:47 PM",116,116,"Steak Tacos",Mexican,13.95
6905,3047,2023-02-20,"5:42:09 PM",116,116,"Steak Tacos",Mexican,13.95
6967,3075,2023-02-20,"10:11:07 PM",116,116,"Steak Tacos",Mexican,13.95
6983,3082,2023-02-21,"12:37:30 PM",116,116,"Steak Tacos",Mexican,13.95
7032,3101,2023-02-21,"4:12:23 PM",116,116,"Steak Tacos",Mexican,13.95
7054,3111,2023-02-21,"6:11:42 PM",116,116,"Steak Tacos",Mexican,13.95
7060,3113,2023-02-21,"6:13:22 PM",116,116,"Steak Tacos",Mexican,13.95
7067,3118,2023-02-21,"7:07:50 PM",116,116,"Steak Tacos",Mexican,13.95
7165,3160,2023-02-22,"7:51:29 PM",116,116,"Steak Tacos",Mexican,13.95
7289,3211,2023-02-23,"6:22:26 PM",116,116,"Steak Tacos",Mexican,13.95
7305,3219,2023-02-23,"8:21:54 PM",116,116,"Steak Tacos",Mexican,13.95
7312,3223,2023-02-23,"10:05:27 PM",116,116,"Steak Tacos",Mexican,13.95
7359,3242,2023-02-24,"1:26:39 PM",116,116,"Steak Tacos",Mexican,13.95
7364,3244,2023-02-24,"1:40:52 PM",116,116,"Steak Tacos",Mexican,13.95
7367,3246,2023-02-24,"2:31:36 PM",116,116,"Steak Tacos",Mexican,13.95
7397,3259,2023-02-24,"5:40:57 PM",116,116,"Steak Tacos",Mexican,13.95
7410,3265,2023-02-24,"6:39:12 PM",116,116,"Steak Tacos",Mexican,13.95
7471,3292,2023-02-25,"12:39:18 PM",116,116,"Steak Tacos",Mexican,13.95
7536,3319,2023-02-25,"5:05:27 PM",116,116,"Steak Tacos",Mexican,13.95
7661,3372,2023-02-26,"3:58:38 PM",116,116,"Steak Tacos",Mexican,13.95
7728,3402,2023-02-27,"11:51:02 AM",116,116,"Steak Tacos",Mexican,13.95
7860,3454,2023-02-27,"6:57:55 PM",116,116,"Steak Tacos",Mexican,13.95
7879,3462,2023-02-27,"7:55:23 PM",116,116,"Steak Tacos",Mexican,13.95
7898,3473,2023-02-28,"11:49:43 AM",116,116,"Steak Tacos",Mexican,13.95
7999,3511,2023-02-28,"7:23:54 PM",116,116,"Steak Tacos",Mexican,13.95
8067,3539,2023-03-01,"2:08:51 PM",116,116,"Steak Tacos",Mexican,13.95
8153,3583,2023-03-02,"12:07:16 PM",116,116,"Steak Tacos",Mexican,13.95
8199,3599,2023-03-02,"1:59:44 PM",116,116,"Steak Tacos",Mexican,13.95
8244,3620,2023-03-02,"5:54:08 PM",116,116,"Steak Tacos",Mexican,13.95
8309,3650,2023-03-03,"1:13:33 PM",116,116,"Steak Tacos",Mexican,13.95
8431,3694,2023-03-04,"11:38:17 AM",116,116,"Steak Tacos",Mexican,13.95
8442,3700,2023-03-04,"12:32:19 PM",116,116,"Steak Tacos",Mexican,13.95
8455,3703,2023-03-04,"12:59:51 PM",116,116,"Steak Tacos",Mexican,13.95
8495,3722,2023-03-04,"4:21:46 PM",116,116,"Steak Tacos",Mexican,13.95
8575,3756,2023-03-05,"12:30:24 PM",116,116,"Steak Tacos",Mexican,13.95
8643,3787,2023-03-05,"3:57:10 PM",116,116,"Steak Tacos",Mexican,13.95
8727,3826,2023-03-06,"12:39:33 PM",116,116,"Steak Tacos",Mexican,13.95
8782,3853,2023-03-06,"5:46:48 PM",116,116,"Steak Tacos",Mexican,13.95
8860,3886,2023-03-07,"12:23:20 PM",116,116,"Steak Tacos",Mexican,13.95
8907,3902,2023-03-07,"5:01:11 PM",116,116,"Steak Tacos",Mexican,13.95
9071,3977,2023-03-08,"5:52:16 PM",116,116,"Steak Tacos",Mexican,13.95
9080,3982,2023-03-08,"6:19:27 PM",116,116,"Steak Tacos",Mexican,13.95
9165,4015,2023-03-09,"2:05:48 PM",116,116,"Steak Tacos",Mexican,13.95
9252,4055,2023-03-09,"9:58:39 PM",116,116,"Steak Tacos",Mexican,13.95
9412,4123,2023-03-11,"12:53:38 PM",116,116,"Steak Tacos",Mexican,13.95
9431,4130,2023-03-11,"1:22:05 PM",116,116,"Steak Tacos",Mexican,13.95
9493,4158,2023-03-11,"5:33:30 PM",116,116,"Steak Tacos",Mexican,13.95
9529,4177,2023-03-12,"11:26:04 AM",116,116,"Steak Tacos",Mexican,13.95
9548,4185,2023-03-12,"12:34:53 PM",116,116,"Steak Tacos",Mexican,13.95
9590,4202,2023-03-12,"3:51:32 PM",116,116,"Steak Tacos",Mexican,13.95
9591,4203,2023-03-12,"4:06:48 PM",116,116,"Steak Tacos",Mexican,13.95
9598,4206,2023-03-12,"4:28:16 PM",116,116,"Steak Tacos",Mexican,13.95
9820,4300,2023-03-14,"12:28:34 PM",116,116,"Steak Tacos",Mexican,13.95
9887,4329,2023-03-14,"5:49:13 PM",116,116,"Steak Tacos",Mexican,13.95
9904,4340,2023-03-14,"6:45:37 PM",116,116,"Steak Tacos",Mexican,13.95
9956,4362,2023-03-15,"1:36:20 PM",116,116,"Steak Tacos",Mexican,13.95
9957,4363,2023-03-15,"1:41:43 PM",116,116,"Steak Tacos",Mexican,13.95
10015,4383,2023-03-15,"4:38:07 PM",116,116,"Steak Tacos",Mexican,13.95
10184,4460,2023-03-16,"7:08:35 PM",116,116,"Steak Tacos",Mexican,13.95
10220,4478,2023-03-17,"1:13:09 PM",116,116,"Steak Tacos",Mexican,13.95
10256,4487,2023-03-17,"2:41:19 PM",116,116,"Steak Tacos",Mexican,13.95
10426,4565,2023-03-18,"2:22:15 PM",116,116,"Steak Tacos",Mexican,13.95
10428,4566,2023-03-18,"2:59:13 PM",116,116,"Steak Tacos",Mexican,13.95
10529,4615,2023-03-19,"1:04:55 PM",116,116,"Steak Tacos",Mexican,13.95
10613,4646,2023-03-19,"7:22:44 PM",116,116,"Steak Tacos",Mexican,13.95
10675,4670,2023-03-20,"12:56:01 PM",116,116,"Steak Tacos",Mexican,13.95
10731,4701,2023-03-20,"6:49:32 PM",116,116,"Steak Tacos",Mexican,13.95
10804,4732,2023-03-21,"1:02:15 PM",116,116,"Steak Tacos",Mexican,13.95
10954,4798,2023-03-22,"4:21:33 PM",116,116,"Steak Tacos",Mexican,13.95
11077,4852,2023-03-23,"4:41:38 PM",116,116,"Steak Tacos",Mexican,13.95
11120,4875,2023-03-23,"8:55:17 PM",116,116,"Steak Tacos",Mexican,13.95
11150,4892,2023-03-24,"12:49:05 PM",116,116,"Steak Tacos",Mexican,13.95
11161,4894,2023-03-24,"12:54:29 PM",116,116,"Steak Tacos",Mexican,13.95
11268,4947,2023-03-25,"12:09:12 PM",116,116,"Steak Tacos",Mexican,13.95
11377,5000,2023-03-26,"11:37:43 AM",116,116,"Steak Tacos",Mexican,13.95
11411,5017,2023-03-26,"1:58:44 PM",116,116,"Steak Tacos",Mexican,13.95
11433,5023,2023-03-26,"2:37:13 PM",116,116,"Steak Tacos",Mexican,13.95
11452,5033,2023-03-26,"4:30:33 PM",116,116,"Steak Tacos",Mexican,13.95
11515,5066,2023-03-27,"12:20:59 PM",116,116,"Steak Tacos",Mexican,13.95
11646,5120,2023-03-27,"7:59:09 PM",116,116,"Steak Tacos",Mexican,13.95
11964,5257,2023-03-30,"12:37:26 PM",116,116,"Steak Tacos",Mexican,13.95
12019,5281,2023-03-30,"4:56:04 PM",116,116,"Steak Tacos",Mexican,13.95
12106,5319,2023-03-31,"1:19:18 PM",116,116,"Steak Tacos",Mexican,13.95
12123,5325,2023-03-31,"1:44:52 PM",116,116,"Steak Tacos",Mexican,13.95
12127,5327,2023-03-31,"1:51:47 PM",116,116,"Steak Tacos",Mexican,13.95
12142,5332,2023-03-31,"2:51:37 PM",116,116,"Steak Tacos",Mexican,13.95
12205,5360,2023-03-31,"7:15:48 PM",116,116,"Steak Tacos",Mexican,13.95
12214,5364,2023-03-31,"8:16:14 PM",116,116,"Steak Tacos",Mexican,13.95
4,2,2023-01-01,"11:57:40 AM",117,117,"Chicken Burrito",Mexican,12.95
7,3,2023-01-01,"12:12:28 PM",117,117,"Chicken Burrito",Mexican,12.95
9,4,2023-01-01,"12:16:31 PM",117,117,"Chicken Burrito",Mexican,12.95
10,5,2023-01-01,"12:21:30 PM",117,117,"Chicken Burrito",Mexican,12.95
18,9,2023-01-01,"12:52:01 PM",117,117,"Chicken Burrito",Mexican,12.95
19,9,2023-01-01,"12:52:01 PM",117,117,"Chicken Burrito",Mexican,12.95
33,12,2023-01-01,"1:04:41 PM",117,117,"Chicken Burrito",Mexican,12.95
47,17,2023-01-01,"1:53:00 PM",117,117,"Chicken Burrito",Mexican,12.95
82,32,2023-01-01,"3:53:18 PM",117,117,"Chicken Burrito",Mexican,12.95
92,37,2023-01-01,"4:56:09 PM",117,117,"Chicken Burrito",Mexican,12.95
96,39,2023-01-01,"5:07:23 PM",117,117,"Chicken Burrito",Mexican,12.95
106,43,2023-01-01,"5:38:34 PM",117,117,"Chicken Burrito",Mexican,12.95
146,61,2023-01-01,"8:08:43 PM",117,117,"Chicken Burrito",Mexican,12.95
159,68,2023-01-01,"10:07:32 PM",117,117,"Chicken Burrito",Mexican,12.95
160,68,2023-01-01,"10:07:32 PM",117,117,"Chicken Burrito",Mexican,12.95
171,75,2023-01-02,"12:10:15 PM",117,117,"Chicken Burrito",Mexican,12.95
200,85,2023-01-02,"1:34:49 PM",117,117,"Chicken Burrito",Mexican,12.95
216,92,2023-01-02,"3:17:02 PM",117,117,"Chicken Burrito",Mexican,12.95
217,92,2023-01-02,"3:17:02 PM",117,117,"Chicken Burrito",Mexican,12.95
233,99,2023-01-02,"5:45:42 PM",117,117,"Chicken Burrito",Mexican,12.95
252,107,2023-01-02,"6:25:09 PM",117,117,"Chicken Burrito",Mexican,12.95
259,109,2023-01-02,"6:27:50 PM",117,117,"Chicken Burrito",Mexican,12.95
292,122,2023-01-02,"7:50:19 PM",117,117,"Chicken Burrito",Mexican,12.95
376,157,2023-01-03,"3:43:03 PM",117,117,"Chicken Burrito",Mexican,12.95
397,167,2023-01-03,"5:00:49 PM",117,117,"Chicken Burrito",Mexican,12.95
416,175,2023-01-03,"5:50:51 PM",117,117,"Chicken Burrito",Mexican,12.95
473,201,2023-01-03,"10:29:59 PM",117,117,"Chicken Burrito",Mexican,12.95
499,214,2023-01-04,"1:39:16 PM",117,117,"Chicken Burrito",Mexican,12.95
524,224,2023-01-04,"4:39:58 PM",117,117,"Chicken Burrito",Mexican,12.95
545,234,2023-01-04,"6:36:09 PM",117,117,"Chicken Burrito",Mexican,12.95
552,239,2023-01-04,"7:57:52 PM",117,117,"Chicken Burrito",Mexican,12.95
562,244,2023-01-04,"8:26:22 PM",117,117,"Chicken Burrito",Mexican,12.95
605,268,2023-01-05,"1:40:46 PM",117,117,"Chicken Burrito",Mexican,12.95
616,271,2023-01-05,"2:22:19 PM",117,117,"Chicken Burrito",Mexican,12.95
621,272,2023-01-05,"2:24:05 PM",117,117,"Chicken Burrito",Mexican,12.95
648,286,2023-01-05,"5:01:23 PM",117,117,"Chicken Burrito",Mexican,12.95
650,287,2023-01-05,"5:30:09 PM",117,117,"Chicken Burrito",Mexican,12.95
668,294,2023-01-05,"6:16:35 PM",117,117,"Chicken Burrito",Mexican,12.95
720,316,2023-01-06,"12:29:34 PM",117,117,"Chicken Burrito",Mexican,12.95
732,319,2023-01-06,"12:46:22 PM",117,117,"Chicken Burrito",Mexican,12.95
735,321,2023-01-06,"12:56:21 PM",117,117,"Chicken Burrito",Mexican,12.95
815,355,2023-01-06,"6:14:45 PM",117,117,"Chicken Burrito",Mexican,12.95
820,358,2023-01-06,"6:30:12 PM",117,117,"Chicken Burrito",Mexican,12.95
832,364,2023-01-06,"7:27:24 PM",117,117,"Chicken Burrito",Mexican,12.95
924,402,2023-01-07,"4:24:46 PM",117,117,"Chicken Burrito",Mexican,12.95
942,411,2023-01-07,"5:58:09 PM",117,117,"Chicken Burrito",Mexican,12.95
949,414,2023-01-07,"6:13:22 PM",117,117,"Chicken Burrito",Mexican,12.95
965,422,2023-01-07,"7:30:25 PM",117,117,"Chicken Burrito",Mexican,12.95
967,423,2023-01-07,"7:45:07 PM",117,117,"Chicken Burrito",Mexican,12.95
995,436,2023-01-08,"12:07:21 PM",117,117,"Chicken Burrito",Mexican,12.95
1056,455,2023-01-08,"1:39:14 PM",117,117,"Chicken Burrito",Mexican,12.95
1066,460,2023-01-08,"2:19:58 PM",117,117,"Chicken Burrito",Mexican,12.95
1106,482,2023-01-08,"5:52:42 PM",117,117,"Chicken Burrito",Mexican,12.95
1131,493,2023-01-08,"7:31:47 PM",117,117,"Chicken Burrito",Mexican,12.95
1136,495,2023-01-08,"7:42:52 PM",117,117,"Chicken Burrito",Mexican,12.95
1141,498,2023-01-08,"8:02:25 PM",117,117,"Chicken Burrito",Mexican,12.95
1164,510,2023-01-09,"12:15:03 PM",117,117,"Chicken Burrito",Mexican,12.95
1208,530,2023-01-09,"3:43:01 PM",117,117,"Chicken Burrito",Mexican,12.95
1222,537,2023-01-09,"5:23:52 PM",117,117,"Chicken Burrito",Mexican,12.95
1253,552,2023-01-09,"7:31:25 PM",117,117,"Chicken Burrito",Mexican,12.95
1316,583,2023-01-10,"2:33:19 PM",117,117,"Chicken Burrito",Mexican,12.95
1326,589,2023-01-10,"5:12:39 PM",117,117,"Chicken Burrito",Mexican,12.95
1363,607,2023-01-10,"7:36:16 PM",117,117,"Chicken Burrito",Mexican,12.95
1377,612,2023-01-10,"7:58:15 PM",117,117,"Chicken Burrito",Mexican,12.95
1399,622,2023-01-10,"8:57:41 PM",117,117,"Chicken Burrito",Mexican,12.95
1450,642,2023-01-11,"1:40:00 PM",117,117,"Chicken Burrito",Mexican,12.95
1453,644,2023-01-11,"1:52:52 PM",117,117,"Chicken Burrito",Mexican,12.95
1478,655,2023-01-11,"4:43:33 PM",117,117,"Chicken Burrito",Mexican,12.95
1486,659,2023-01-11,"4:56:39 PM",117,117,"Chicken Burrito",Mexican,12.95
1489,660,2023-01-11,"5:09:36 PM",117,117,"Chicken Burrito",Mexican,12.95
1495,664,2023-01-11,"5:35:14 PM",117,117,"Chicken Burrito",Mexican,12.95
1502,668,2023-01-11,"6:13:12 PM",117,117,"Chicken Burrito",Mexican,12.95
1528,679,2023-01-11,"8:31:02 PM",117,117,"Chicken Burrito",Mexican,12.95
1533,682,2023-01-12,"11:38:15 AM",117,117,"Chicken Burrito",Mexican,12.95
1578,705,2023-01-12,"3:31:00 PM",117,117,"Chicken Burrito",Mexican,12.95
1637,730,2023-01-12,"7:22:00 PM",117,117,"Chicken Burrito",Mexican,12.95
1660,740,2023-01-13,"12:29:51 PM",117,117,"Chicken Burrito",Mexican,12.95
1695,753,2023-01-13,"3:22:11 PM",117,117,"Chicken Burrito",Mexican,12.95
1719,764,2023-01-13,"4:39:39 PM",117,117,"Chicken Burrito",Mexican,12.95
1749,778,2023-01-13,"7:18:08 PM",117,117,"Chicken Burrito",Mexican,12.95
1754,779,2023-01-13,"7:19:58 PM",117,117,"Chicken Burrito",Mexican,12.95
1755,779,2023-01-13,"7:19:58 PM",117,117,"Chicken Burrito",Mexican,12.95
1797,799,2023-01-14,"12:51:29 PM",117,117,"Chicken Burrito",Mexican,12.95
1809,801,2023-01-14,"1:10:53 PM",117,117,"Chicken Burrito",Mexican,12.95
1820,803,2023-01-14,"1:37:51 PM",117,117,"Chicken Burrito",Mexican,12.95
1857,824,2023-01-14,"5:53:41 PM",117,117,"Chicken Burrito",Mexican,12.95
1862,826,2023-01-14,"6:06:14 PM",117,117,"Chicken Burrito",Mexican,12.95
1873,830,2023-01-14,"6:38:17 PM",117,117,"Chicken Burrito",Mexican,12.95
1894,837,2023-01-14,"8:12:27 PM",117,117,"Chicken Burrito",Mexican,12.95
1896,838,2023-01-14,"8:33:57 PM",117,117,"Chicken Burrito",Mexican,12.95
1899,840,2023-01-14,"8:46:12 PM",117,117,"Chicken Burrito",Mexican,12.95
1908,845,2023-01-14,"9:42:56 PM",117,117,"Chicken Burrito",Mexican,12.95
1947,864,2023-01-15,"2:04:23 PM",117,117,"Chicken Burrito",Mexican,12.95
1980,881,2023-01-15,"4:40:04 PM",117,117,"Chicken Burrito",Mexican,12.95
2054,916,2023-01-16,"12:30:09 PM",117,117,"Chicken Burrito",Mexican,12.95
2105,938,2023-01-16,"4:43:09 PM",117,117,"Chicken Burrito",Mexican,12.95
2182,971,2023-01-16,"9:46:20 PM",117,117,"Chicken Burrito",Mexican,12.95
2198,978,2023-01-17,"12:24:36 PM",117,117,"Chicken Burrito",Mexican,12.95
2199,978,2023-01-17,"12:24:36 PM",117,117,"Chicken Burrito",Mexican,12.95
2230,992,2023-01-17,"3:49:31 PM",117,117,"Chicken Burrito",Mexican,12.95
2326,1035,2023-01-18,"12:13:15 PM",117,117,"Chicken Burrito",Mexican,12.95
2329,1036,2023-01-18,"12:49:29 PM",117,117,"Chicken Burrito",Mexican,12.95
2335,1037,2023-01-18,"1:04:54 PM",117,117,"Chicken Burrito",Mexican,12.95
2383,1062,2023-01-18,"5:21:38 PM",117,117,"Chicken Burrito",Mexican,12.95
2418,1076,2023-01-18,"7:36:15 PM",117,117,"Chicken Burrito",Mexican,12.95
2453,1090,2023-01-19,"12:14:24 PM",117,117,"Chicken Burrito",Mexican,12.95
2462,1093,2023-01-19,"12:33:24 PM",117,117,"Chicken Burrito",Mexican,12.95
2485,1099,2023-01-19,"1:33:24 PM",117,117,"Chicken Burrito",Mexican,12.95
2509,1111,2023-01-19,"4:35:46 PM",117,117,"Chicken Burrito",Mexican,12.95
2552,1130,2023-01-19,"7:03:05 PM",117,117,"Chicken Burrito",Mexican,12.95
2565,1136,2023-01-19,"9:59:06 PM",117,117,"Chicken Burrito",Mexican,12.95
2571,1139,2023-01-20,"11:25:59 AM",117,117,"Chicken Burrito",Mexican,12.95
2584,1143,2023-01-20,"11:37:33 AM",117,117,"Chicken Burrito",Mexican,12.95
2594,1148,2023-01-20,"12:17:42 PM",117,117,"Chicken Burrito",Mexican,12.95
2603,1150,2023-01-20,"12:39:05 PM",117,117,"Chicken Burrito",Mexican,12.95
2615,1153,2023-01-20,"12:56:30 PM",117,117,"Chicken Burrito",Mexican,12.95
2634,1160,2023-01-20,"2:14:54 PM",117,117,"Chicken Burrito",Mexican,12.95
2643,1165,2023-01-20,"3:15:26 PM",117,117,"Chicken Burrito",Mexican,12.95
2688,1191,2023-01-20,"7:56:41 PM",117,117,"Chicken Burrito",Mexican,12.95
2710,1203,2023-01-21,"11:54:22 AM",117,117,"Chicken Burrito",Mexican,12.95
2721,1206,2023-01-21,"12:38:38 PM",117,117,"Chicken Burrito",Mexican,12.95
2741,1214,2023-01-21,"2:00:05 PM",117,117,"Chicken Burrito",Mexican,12.95
2742,1214,2023-01-21,"2:00:05 PM",117,117,"Chicken Burrito",Mexican,12.95
2843,1256,2023-01-22,"12:06:15 PM",117,117,"Chicken Burrito",Mexican,12.95
2873,1268,2023-01-22,"1:01:39 PM",117,117,"Chicken Burrito",Mexican,12.95
2912,1283,2023-01-22,"3:47:42 PM",117,117,"Chicken Burrito",Mexican,12.95
2939,1295,2023-01-22,"5:44:59 PM",117,117,"Chicken Burrito",Mexican,12.95
2949,1299,2023-01-22,"5:56:07 PM",117,117,"Chicken Burrito",Mexican,12.95
2984,1318,2023-01-22,"9:36:48 PM",117,117,"Chicken Burrito",Mexican,12.95
3028,1338,2023-01-23,"1:47:01 PM",117,117,"Chicken Burrito",Mexican,12.95
3058,1351,2023-01-23,"4:06:00 PM",117,117,"Chicken Burrito",Mexican,12.95
3078,1362,2023-01-23,"5:46:43 PM",117,117,"Chicken Burrito",Mexican,12.95
3119,1380,2023-01-23,"7:51:21 PM",117,117,"Chicken Burrito",Mexican,12.95
3141,1391,2023-01-24,"12:26:08 PM",117,117,"Chicken Burrito",Mexican,12.95
3188,1413,2023-01-24,"4:48:03 PM",117,117,"Chicken Burrito",Mexican,12.95
3198,1417,2023-01-24,"5:31:05 PM",117,117,"Chicken Burrito",Mexican,12.95
3220,1427,2023-01-24,"7:26:06 PM",117,117,"Chicken Burrito",Mexican,12.95
3233,1432,2023-01-24,"7:41:52 PM",117,117,"Chicken Burrito",Mexican,12.95
3239,1435,2023-01-24,"7:44:56 PM",117,117,"Chicken Burrito",Mexican,12.95
3248,1438,2023-01-24,"7:54:07 PM",117,117,"Chicken Burrito",Mexican,12.95
3252,1441,2023-01-24,"8:13:00 PM",117,117,"Chicken Burrito",Mexican,12.95
3269,1448,2023-01-24,"8:59:29 PM",117,117,"Chicken Burrito",Mexican,12.95
3385,1497,2023-01-26,"11:15:57 AM",117,117,"Chicken Burrito",Mexican,12.95
3398,1503,2023-01-26,"12:10:49 PM",117,117,"Chicken Burrito",Mexican,12.95
3432,1518,2023-01-26,"2:00:13 PM",117,117,"Chicken Burrito",Mexican,12.95
3441,1522,2023-01-26,"2:35:32 PM",117,117,"Chicken Burrito",Mexican,12.95
3473,1539,2023-01-26,"6:03:43 PM",117,117,"Chicken Burrito",Mexican,12.95
3508,1560,2023-01-27,"12:56:17 PM",117,117,"Chicken Burrito",Mexican,12.95
3656,1623,2023-01-28,"11:50:41 AM",117,117,"Chicken Burrito",Mexican,12.95
3658,1625,2023-01-28,"11:58:42 AM",117,117,"Chicken Burrito",Mexican,12.95
3714,1648,2023-01-28,"3:43:15 PM",117,117,"Chicken Burrito",Mexican,12.95
3795,1685,2023-01-29,"1:36:52 PM",117,117,"Chicken Burrito",Mexican,12.95
3823,1698,2023-01-29,"4:04:23 PM",117,117,"Chicken Burrito",Mexican,12.95
3833,1704,2023-01-29,"6:15:40 PM",117,117,"Chicken Burrito",Mexican,12.95
3841,1708,2023-01-29,"6:53:35 PM",117,117,"Chicken Burrito",Mexican,12.95
3850,1712,2023-01-29,"7:23:49 PM",117,117,"Chicken Burrito",Mexican,12.95
3882,1730,2023-01-30,"11:39:14 AM",117,117,"Chicken Burrito",Mexican,12.95
3896,1734,2023-01-30,"12:36:42 PM",117,117,"Chicken Burrito",Mexican,12.95
3909,1738,2023-01-30,"1:46:49 PM",117,117,"Chicken Burrito",Mexican,12.95
3950,1759,2023-01-30,"5:49:25 PM",117,117,"Chicken Burrito",Mexican,12.95
3967,1767,2023-01-30,"7:03:49 PM",117,117,"Chicken Burrito",Mexican,12.95
4045,1801,2023-01-31,"2:37:52 PM",117,117,"Chicken Burrito",Mexican,12.95
4100,1822,2023-01-31,"6:17:53 PM",117,117,"Chicken Burrito",Mexican,12.95
4111,1827,2023-01-31,"6:56:22 PM",117,117,"Chicken Burrito",Mexican,12.95
4126,1834,2023-01-31,"8:26:06 PM",117,117,"Chicken Burrito",Mexican,12.95
4144,1840,2023-01-31,"9:01:00 PM",117,117,"Chicken Burrito",Mexican,12.95
4180,1853,2023-02-01,"12:12:59 PM",117,117,"Chicken Burrito",Mexican,12.95
4203,1866,2023-02-01,"2:18:56 PM",117,117,"Chicken Burrito",Mexican,12.95
4216,1872,2023-02-01,"3:07:28 PM",117,117,"Chicken Burrito",Mexican,12.95
4247,1885,2023-02-01,"4:34:57 PM",117,117,"Chicken Burrito",Mexican,12.95
4259,1889,2023-02-01,"5:03:26 PM",117,117,"Chicken Burrito",Mexican,12.95
4291,1904,2023-02-01,"6:13:17 PM",117,117,"Chicken Burrito",Mexican,12.95
4299,1909,2023-02-01,"6:45:56 PM",117,117,"Chicken Burrito",Mexican,12.95
4328,1925,2023-02-01,"8:43:56 PM",117,117,"Chicken Burrito",Mexican,12.95
4376,1948,2023-02-02,"1:13:28 PM",117,117,"Chicken Burrito",Mexican,12.95
4384,1953,2023-02-02,"1:42:31 PM",117,117,"Chicken Burrito",Mexican,12.95
4394,1957,2023-02-02,"2:50:01 PM",117,117,"Chicken Burrito",Mexican,12.95
4497,1999,2023-02-03,"12:07:51 PM",117,117,"Chicken Burrito",Mexican,12.95
4519,2002,2023-02-03,"12:21:10 PM",117,117,"Chicken Burrito",Mexican,12.95
4603,2042,2023-02-03,"6:01:43 PM",117,117,"Chicken Burrito",Mexican,12.95
4643,2059,2023-02-04,"11:41:34 AM",117,117,"Chicken Burrito",Mexican,12.95
4656,2065,2023-02-04,"12:27:21 PM",117,117,"Chicken Burrito",Mexican,12.95
4669,2072,2023-02-04,"1:08:24 PM",117,117,"Chicken Burrito",Mexican,12.95
4676,2073,2023-02-04,"1:35:51 PM",117,117,"Chicken Burrito",Mexican,12.95
4696,2077,2023-02-04,"2:31:27 PM",117,117,"Chicken Burrito",Mexican,12.95
4709,2084,2023-02-04,"4:06:23 PM",117,117,"Chicken Burrito",Mexican,12.95
4741,2100,2023-02-04,"6:46:03 PM",117,117,"Chicken Burrito",Mexican,12.95
4744,2101,2023-02-04,"7:27:08 PM",117,117,"Chicken Burrito",Mexican,12.95
4791,2124,2023-02-05,"12:56:27 PM",117,117,"Chicken Burrito",Mexican,12.95
4815,2129,2023-02-05,"1:48:38 PM",117,117,"Chicken Burrito",Mexican,12.95
4852,2146,2023-02-05,"6:04:19 PM",117,117,"Chicken Burrito",Mexican,12.95
4857,2148,2023-02-05,"6:15:37 PM",117,117,"Chicken Burrito",Mexican,12.95
4859,2149,2023-02-05,"6:19:51 PM",117,117,"Chicken Burrito",Mexican,12.95
4869,2155,2023-02-05,"6:59:56 PM",117,117,"Chicken Burrito",Mexican,12.95
4871,2156,2023-02-05,"7:29:29 PM",117,117,"Chicken Burrito",Mexican,12.95
4876,2158,2023-02-05,"7:49:47 PM",117,117,"Chicken Burrito",Mexican,12.95
4924,2182,2023-02-06,"12:22:30 PM",117,117,"Chicken Burrito",Mexican,12.95
4989,2205,2023-02-06,"4:39:28 PM",117,117,"Chicken Burrito",Mexican,12.95
5009,2216,2023-02-06,"6:10:26 PM",117,117,"Chicken Burrito",Mexican,12.95
5027,2224,2023-02-06,"7:02:49 PM",117,117,"Chicken Burrito",Mexican,12.95
5042,2232,2023-02-06,"8:50:02 PM",117,117,"Chicken Burrito",Mexican,12.95
5046,2234,2023-02-06,"9:17:17 PM",117,117,"Chicken Burrito",Mexican,12.95
5066,2242,2023-02-07,"11:57:32 AM",117,117,"Chicken Burrito",Mexican,12.95
5087,2254,2023-02-07,"3:00:58 PM",117,117,"Chicken Burrito",Mexican,12.95
5088,2254,2023-02-07,"3:00:58 PM",117,117,"Chicken Burrito",Mexican,12.95
5101,2257,2023-02-07,"3:28:55 PM",117,117,"Chicken Burrito",Mexican,12.95
5126,2269,2023-02-07,"5:40:20 PM",117,117,"Chicken Burrito",Mexican,12.95
5148,2280,2023-02-07,"7:14:00 PM",117,117,"Chicken Burrito",Mexican,12.95
5161,2285,2023-02-07,"7:38:29 PM",117,117,"Chicken Burrito",Mexican,12.95
5163,2287,2023-02-07,"8:13:16 PM",117,117,"Chicken Burrito",Mexican,12.95
5182,2296,2023-02-07,"9:24:01 PM",117,117,"Chicken Burrito",Mexican,12.95
5206,2308,2023-02-08,"1:03:37 PM",117,117,"Chicken Burrito",Mexican,12.95
5214,2309,2023-02-08,"1:06:36 PM",117,117,"Chicken Burrito",Mexican,12.95
5229,2315,2023-02-08,"2:33:52 PM",117,117,"Chicken Burrito",Mexican,12.95
5241,2321,2023-02-08,"3:33:33 PM",117,117,"Chicken Burrito",Mexican,12.95
5285,2341,2023-02-08,"7:07:53 PM",117,117,"Chicken Burrito",Mexican,12.95
5321,2358,2023-02-09,"12:13:41 PM",117,117,"Chicken Burrito",Mexican,12.95
5335,2364,2023-02-09,"12:52:36 PM",117,117,"Chicken Burrito",Mexican,12.95
5343,2366,2023-02-09,"1:07:01 PM",117,117,"Chicken Burrito",Mexican,12.95
5352,2369,2023-02-09,"2:00:19 PM",117,117,"Chicken Burrito",Mexican,12.95
5371,2374,2023-02-09,"2:35:54 PM",117,117,"Chicken Burrito",Mexican,12.95
5464,2416,2023-02-10,"12:37:42 PM",117,117,"Chicken Burrito",Mexican,12.95
5495,2431,2023-02-10,"2:06:28 PM",117,117,"Chicken Burrito",Mexican,12.95
5545,2454,2023-02-10,"7:00:37 PM",117,117,"Chicken Burrito",Mexican,12.95
5571,2466,2023-02-10,"9:11:59 PM",117,117,"Chicken Burrito",Mexican,12.95
5607,2485,2023-02-11,"1:22:08 PM",117,117,"Chicken Burrito",Mexican,12.95
5616,2488,2023-02-11,"1:43:20 PM",117,117,"Chicken Burrito",Mexican,12.95
5650,2505,2023-02-11,"5:22:02 PM",117,117,"Chicken Burrito",Mexican,12.95
5662,2509,2023-02-11,"5:49:56 PM",117,117,"Chicken Burrito",Mexican,12.95
5722,2535,2023-02-11,"9:45:46 PM",117,117,"Chicken Burrito",Mexican,12.95
5738,2544,2023-02-12,"12:03:27 PM",117,117,"Chicken Burrito",Mexican,12.95
5769,2556,2023-02-12,"2:00:38 PM",117,117,"Chicken Burrito",Mexican,12.95
5843,2591,2023-02-12,"8:39:09 PM",117,117,"Chicken Burrito",Mexican,12.95
5846,2593,2023-02-12,"10:02:05 PM",117,117,"Chicken Burrito",Mexican,12.95
5869,2602,2023-02-13,"12:10:01 PM",117,117,"Chicken Burrito",Mexican,12.95
5910,2618,2023-02-13,"2:46:51 PM",117,117,"Chicken Burrito",Mexican,12.95
5943,2632,2023-02-13,"5:24:48 PM",117,117,"Chicken Burrito",Mexican,12.95
5997,2657,2023-02-13,"9:46:22 PM",117,117,"Chicken Burrito",Mexican,12.95
6005,2662,2023-02-13,"10:22:32 PM",117,117,"Chicken Burrito",Mexican,12.95
6031,2675,2023-02-14,"2:41:49 PM",117,117,"Chicken Burrito",Mexican,12.95
6032,2675,2023-02-14,"2:41:49 PM",117,117,"Chicken Burrito",Mexican,12.95
6044,2677,2023-02-14,"3:27:42 PM",117,117,"Chicken Burrito",Mexican,12.95
6092,2701,2023-02-14,"6:53:37 PM",117,117,"Chicken Burrito",Mexican,12.95
6104,2707,2023-02-14,"7:35:46 PM",117,117,"Chicken Burrito",Mexican,12.95
6113,2709,2023-02-14,"7:44:58 PM",117,117,"Chicken Burrito",Mexican,12.95
6123,2712,2023-02-14,"8:52:05 PM",117,117,"Chicken Burrito",Mexican,12.95
6127,2714,2023-02-14,"9:22:31 PM",117,117,"Chicken Burrito",Mexican,12.95
6157,2725,2023-02-15,"11:52:00 AM",117,117,"Chicken Burrito",Mexican,12.95
6176,2732,2023-02-15,"2:16:54 PM",117,117,"Chicken Burrito",Mexican,12.95
6177,2732,2023-02-15,"2:16:54 PM",117,117,"Chicken Burrito",Mexican,12.95
6220,2753,2023-02-15,"5:34:35 PM",117,117,"Chicken Burrito",Mexican,12.95
6261,2772,2023-02-15,"9:02:21 PM",117,117,"Chicken Burrito",Mexican,12.95
6283,2781,2023-02-16,"11:47:04 AM",117,117,"Chicken Burrito",Mexican,12.95
6303,2786,2023-02-16,"12:18:19 PM",117,117,"Chicken Burrito",Mexican,12.95
6311,2788,2023-02-16,"12:39:37 PM",117,117,"Chicken Burrito",Mexican,12.95
6363,2813,2023-02-16,"6:15:02 PM",117,117,"Chicken Burrito",Mexican,12.95
6381,2821,2023-02-16,"7:35:28 PM",117,117,"Chicken Burrito",Mexican,12.95
6428,2846,2023-02-17,"1:58:44 PM",117,117,"Chicken Burrito",Mexican,12.95
6481,2869,2023-02-17,"5:55:47 PM",117,117,"Chicken Burrito",Mexican,12.95
6488,2873,2023-02-17,"6:46:36 PM",117,117,"Chicken Burrito",Mexican,12.95
6494,2876,2023-02-17,"7:46:45 PM",117,117,"Chicken Burrito",Mexican,12.95
6515,2883,2023-02-17,"9:51:06 PM",117,117,"Chicken Burrito",Mexican,12.95
6520,2886,2023-02-17,"10:20:30 PM",117,117,"Chicken Burrito",Mexican,12.95
6532,2892,2023-02-18,"11:41:20 AM",117,117,"Chicken Burrito",Mexican,12.95
6544,2895,2023-02-18,"12:06:59 PM",117,117,"Chicken Burrito",Mexican,12.95
6586,2912,2023-02-18,"3:39:02 PM",117,117,"Chicken Burrito",Mexican,12.95
6588,2913,2023-02-18,"3:44:31 PM",117,117,"Chicken Burrito",Mexican,12.95
6653,2938,2023-02-18,"8:07:26 PM",117,117,"Chicken Burrito",Mexican,12.95
6688,2951,2023-02-19,"11:39:10 AM",117,117,"Chicken Burrito",Mexican,12.95
6697,2956,2023-02-19,"12:33:38 PM",117,117,"Chicken Burrito",Mexican,12.95
6701,2957,2023-02-19,"12:40:31 PM",117,117,"Chicken Burrito",Mexican,12.95
6713,2961,2023-02-19,"1:13:54 PM",117,117,"Chicken Burrito",Mexican,12.95
6751,2979,2023-02-19,"4:43:03 PM",117,117,"Chicken Burrito",Mexican,12.95
6764,2986,2023-02-19,"5:39:32 PM",117,117,"Chicken Burrito",Mexican,12.95
6799,3002,2023-02-19,"9:27:34 PM",117,117,"Chicken Burrito",Mexican,12.95
6813,3009,2023-02-20,"12:21:25 PM",117,117,"Chicken Burrito",Mexican,12.95
6851,3026,2023-02-20,"1:38:14 PM",117,117,"Chicken Burrito",Mexican,12.95
6870,3032,2023-02-20,"2:08:19 PM",117,117,"Chicken Burrito",Mexican,12.95
6894,3042,2023-02-20,"4:30:09 PM",117,117,"Chicken Burrito",Mexican,12.95
6913,3050,2023-02-20,"5:54:22 PM",117,117,"Chicken Burrito",Mexican,12.95
6968,3075,2023-02-20,"10:11:07 PM",117,117,"Chicken Burrito",Mexican,12.95
6972,3076,2023-02-20,"10:12:20 PM",117,117,"Chicken Burrito",Mexican,12.95
7043,3106,2023-02-21,"5:16:04 PM",117,117,"Chicken Burrito",Mexican,12.95
7199,3175,2023-02-23,"12:10:43 PM",117,117,"Chicken Burrito",Mexican,12.95
7214,3183,2023-02-23,"1:04:34 PM",117,117,"Chicken Burrito",Mexican,12.95
7216,3185,2023-02-23,"1:22:07 PM",117,117,"Chicken Burrito",Mexican,12.95
7245,3191,2023-02-23,"3:11:01 PM",117,117,"Chicken Burrito",Mexican,12.95
7297,3216,2023-02-23,"6:51:30 PM",117,117,"Chicken Burrito",Mexican,12.95
7365,3244,2023-02-24,"1:40:52 PM",117,117,"Chicken Burrito",Mexican,12.95
7369,3246,2023-02-24,"2:31:36 PM",117,117,"Chicken Burrito",Mexican,12.95
7370,3247,2023-02-24,"2:43:13 PM",117,117,"Chicken Burrito",Mexican,12.95
7379,3251,2023-02-24,"4:19:28 PM",117,117,"Chicken Burrito",Mexican,12.95
7423,3271,2023-02-24,"7:40:28 PM",117,117,"Chicken Burrito",Mexican,12.95
7490,3297,2023-02-25,"12:57:10 PM",117,117,"Chicken Burrito",Mexican,12.95
7512,3308,2023-02-25,"3:07:18 PM",117,117,"Chicken Burrito",Mexican,12.95
7582,3342,2023-02-25,"9:08:05 PM",117,117,"Chicken Burrito",Mexican,12.95
7610,3355,2023-02-26,"1:04:26 PM",117,117,"Chicken Burrito",Mexican,12.95
7625,3360,2023-02-26,"1:44:24 PM",117,117,"Chicken Burrito",Mexican,12.95
7743,3409,2023-02-27,"12:29:39 PM",117,117,"Chicken Burrito",Mexican,12.95
7757,3415,2023-02-27,"1:02:11 PM",117,117,"Chicken Burrito",Mexican,12.95
7787,3424,2023-02-27,"2:14:57 PM",117,117,"Chicken Burrito",Mexican,12.95
7822,3440,2023-02-27,"5:38:36 PM",117,117,"Chicken Burrito",Mexican,12.95
7904,3473,2023-02-28,"11:49:43 AM",117,117,"Chicken Burrito",Mexican,12.95
7939,3488,2023-02-28,"2:52:00 PM",117,117,"Chicken Burrito",Mexican,12.95
7990,3508,2023-02-28,"6:58:46 PM",117,117,"Chicken Burrito",Mexican,12.95
8005,3512,2023-02-28,"7:39:15 PM",117,117,"Chicken Burrito",Mexican,12.95
8041,3528,2023-02-28,"9:39:40 PM",117,117,"Chicken Burrito",Mexican,12.95
8052,3533,2023-03-01,"12:08:01 PM",117,117,"Chicken Burrito",Mexican,12.95
8087,3548,2023-03-01,"3:57:50 PM",117,117,"Chicken Burrito",Mexican,12.95
8118,3563,2023-03-01,"6:44:52 PM",117,117,"Chicken Burrito",Mexican,12.95
8133,3572,2023-03-01,"8:06:37 PM",117,117,"Chicken Burrito",Mexican,12.95
8170,3587,2023-03-02,"12:39:13 PM",117,117,"Chicken Burrito",Mexican,12.95
8187,3591,2023-03-02,"1:07:22 PM",117,117,"Chicken Burrito",Mexican,12.95
8210,3606,2023-03-02,"3:40:12 PM",117,117,"Chicken Burrito",Mexican,12.95
8313,3652,2023-03-03,"1:21:01 PM",117,117,"Chicken Burrito",Mexican,12.95
8426,3692,2023-03-04,"11:31:04 AM",117,117,"Chicken Burrito",Mexican,12.95
8485,3715,2023-03-04,"2:51:20 PM",117,117,"Chicken Burrito",Mexican,12.95
8490,3717,2023-03-04,"3:38:29 PM",117,117,"Chicken Burrito",Mexican,12.95
8528,3734,2023-03-04,"6:23:25 PM",117,117,"Chicken Burrito",Mexican,12.95
8546,3742,2023-03-04,"7:48:33 PM",117,117,"Chicken Burrito",Mexican,12.95
8564,3751,2023-03-05,"11:47:34 AM",117,117,"Chicken Burrito",Mexican,12.95
8609,3774,2023-03-05,"1:47:15 PM",117,117,"Chicken Burrito",Mexican,12.95
8627,3780,2023-03-05,"2:39:18 PM",117,117,"Chicken Burrito",Mexican,12.95
8682,3802,2023-03-05,"6:03:09 PM",117,117,"Chicken Burrito",Mexican,12.95
8688,3806,2023-03-05,"6:30:10 PM",117,117,"Chicken Burrito",Mexican,12.95
8735,3828,2023-03-06,"12:48:55 PM",117,117,"Chicken Burrito",Mexican,12.95
8752,3835,2023-03-06,"1:59:21 PM",117,117,"Chicken Burrito",Mexican,12.95
8768,3845,2023-03-06,"4:01:00 PM",117,117,"Chicken Burrito",Mexican,12.95
8786,3854,2023-03-06,"6:00:49 PM",117,117,"Chicken Burrito",Mexican,12.95
8806,3862,2023-03-06,"7:18:42 PM",117,117,"Chicken Burrito",Mexican,12.95
8820,3867,2023-03-06,"8:10:12 PM",117,117,"Chicken Burrito",Mexican,12.95
8847,3879,2023-03-06,"10:41:23 PM",117,117,"Chicken Burrito",Mexican,12.95
8877,3890,2023-03-07,"2:01:23 PM",117,117,"Chicken Burrito",Mexican,12.95
8883,3893,2023-03-07,"3:06:30 PM",117,117,"Chicken Burrito",Mexican,12.95
8936,3915,2023-03-07,"7:12:55 PM",117,117,"Chicken Burrito",Mexican,12.95
8942,3918,2023-03-07,"7:40:59 PM",117,117,"Chicken Burrito",Mexican,12.95
8946,3919,2023-03-07,"7:48:54 PM",117,117,"Chicken Burrito",Mexican,12.95
8959,3925,2023-03-07,"8:39:45 PM",117,117,"Chicken Burrito",Mexican,12.95
8962,3927,2023-03-07,"8:57:08 PM",117,117,"Chicken Burrito",Mexican,12.95
9005,3944,2023-03-08,"12:58:48 PM",117,117,"Chicken Burrito",Mexican,12.95
9031,3960,2023-03-08,"3:56:08 PM",117,117,"Chicken Burrito",Mexican,12.95
9056,3971,2023-03-08,"5:13:18 PM",117,117,"Chicken Burrito",Mexican,12.95
9069,3976,2023-03-08,"5:51:53 PM",117,117,"Chicken Burrito",Mexican,12.95
9078,3980,2023-03-08,"6:19:16 PM",117,117,"Chicken Burrito",Mexican,12.95
9157,4014,2023-03-09,"1:39:39 PM",117,117,"Chicken Burrito",Mexican,12.95
9180,4021,2023-03-09,"3:39:32 PM",117,117,"Chicken Burrito",Mexican,12.95
9188,4025,2023-03-09,"4:38:56 PM",117,117,"Chicken Burrito",Mexican,12.95
9250,4053,2023-03-09,"9:23:40 PM",117,117,"Chicken Burrito",Mexican,12.95
9277,4064,2023-03-10,"12:39:50 PM",117,117,"Chicken Burrito",Mexican,12.95
9338,4089,2023-03-10,"4:04:11 PM",117,117,"Chicken Burrito",Mexican,12.95
9376,4107,2023-03-10,"8:17:32 PM",117,117,"Chicken Burrito",Mexican,12.95
9388,4110,2023-03-10,"8:55:20 PM",117,117,"Chicken Burrito",Mexican,12.95
9418,4123,2023-03-11,"12:53:38 PM",117,117,"Chicken Burrito",Mexican,12.95
9460,4141,2023-03-11,"3:22:38 PM",117,117,"Chicken Burrito",Mexican,12.95
9554,4186,2023-03-12,"12:38:05 PM",117,117,"Chicken Burrito",Mexican,12.95
9567,4189,2023-03-12,"1:15:42 PM",117,117,"Chicken Burrito",Mexican,12.95
9581,4197,2023-03-12,"3:37:29 PM",117,117,"Chicken Burrito",Mexican,12.95
9612,4210,2023-03-12,"5:14:55 PM",117,117,"Chicken Burrito",Mexican,12.95
9621,4215,2023-03-12,"6:21:31 PM",117,117,"Chicken Burrito",Mexican,12.95
9634,4222,2023-03-12,"7:11:01 PM",117,117,"Chicken Burrito",Mexican,12.95
9689,4244,2023-03-13,"1:32:38 PM",117,117,"Chicken Burrito",Mexican,12.95
9748,4269,2023-03-13,"6:44:54 PM",117,117,"Chicken Burrito",Mexican,12.95
9764,4276,2023-03-13,"7:26:19 PM",117,117,"Chicken Burrito",Mexican,12.95
9767,4277,2023-03-13,"7:28:56 PM",117,117,"Chicken Burrito",Mexican,12.95
9792,4289,2023-03-13,"8:47:26 PM",117,117,"Chicken Burrito",Mexican,12.95
9853,4311,2023-03-14,"2:12:12 PM",117,117,"Chicken Burrito",Mexican,12.95
9908,4342,2023-03-14,"7:43:00 PM",117,117,"Chicken Burrito",Mexican,12.95
9913,4343,2023-03-14,"7:53:17 PM",117,117,"Chicken Burrito",Mexican,12.95
9932,4351,2023-03-14,"9:05:17 PM",117,117,"Chicken Burrito",Mexican,12.95
9951,4359,2023-03-15,"12:42:51 PM",117,117,"Chicken Burrito",Mexican,12.95
9954,4360,2023-03-15,"1:08:00 PM",117,117,"Chicken Burrito",Mexican,12.95
9961,4363,2023-03-15,"1:41:43 PM",117,117,"Chicken Burrito",Mexican,12.95
9970,4364,2023-03-15,"1:43:32 PM",117,117,"Chicken Burrito",Mexican,12.95
10113,4425,2023-03-16,"1:39:34 PM",117,117,"Chicken Burrito",Mexican,12.95
10130,4436,2023-03-16,"4:08:15 PM",117,117,"Chicken Burrito",Mexican,12.95
10137,4439,2023-03-16,"4:47:29 PM",117,117,"Chicken Burrito",Mexican,12.95
10149,4444,2023-03-16,"5:28:55 PM",117,117,"Chicken Burrito",Mexican,12.95
10195,4466,2023-03-16,"7:51:03 PM",117,117,"Chicken Burrito",Mexican,12.95
10211,4473,2023-03-17,"12:18:19 PM",117,117,"Chicken Burrito",Mexican,12.95
10213,4474,2023-03-17,"12:33:23 PM",117,117,"Chicken Burrito",Mexican,12.95
10240,4482,2023-03-17,"1:57:38 PM",117,117,"Chicken Burrito",Mexican,12.95
10241,4482,2023-03-17,"1:57:38 PM",117,117,"Chicken Burrito",Mexican,12.95
10253,4485,2023-03-17,"2:30:10 PM",117,117,"Chicken Burrito",Mexican,12.95
10268,4491,2023-03-17,"3:38:00 PM",117,117,"Chicken Burrito",Mexican,12.95
10279,4496,2023-03-17,"4:15:33 PM",117,117,"Chicken Burrito",Mexican,12.95
10314,4511,2023-03-17,"5:57:13 PM",117,117,"Chicken Burrito",Mexican,12.95
10348,4527,2023-03-17,"7:49:58 PM",117,117,"Chicken Burrito",Mexican,12.95
10375,4539,2023-03-17,"9:34:31 PM",117,117,"Chicken Burrito",Mexican,12.95
10479,4591,2023-03-18,"8:04:42 PM",117,117,"Chicken Burrito",Mexican,12.95
10507,4607,2023-03-19,"11:40:57 AM",117,117,"Chicken Burrito",Mexican,12.95
10511,4608,2023-03-19,"11:45:56 AM",117,117,"Chicken Burrito",Mexican,12.95
10541,4621,2023-03-19,"1:39:12 PM",117,117,"Chicken Burrito",Mexican,12.95
10542,4621,2023-03-19,"1:39:12 PM",117,117,"Chicken Burrito",Mexican,12.95
10577,4631,2023-03-19,"5:20:17 PM",117,117,"Chicken Burrito",Mexican,12.95
10587,4636,2023-03-19,"5:58:30 PM",117,117,"Chicken Burrito",Mexican,12.95
10614,4646,2023-03-19,"7:22:44 PM",117,117,"Chicken Burrito",Mexican,12.95
10630,4653,2023-03-19,"8:16:45 PM",117,117,"Chicken Burrito",Mexican,12.95
10650,4664,2023-03-20,"12:24:44 PM",117,117,"Chicken Burrito",Mexican,12.95
10672,4669,2023-03-20,"12:55:55 PM",117,117,"Chicken Burrito",Mexican,12.95
10705,4688,2023-03-20,"4:52:55 PM",117,117,"Chicken Burrito",Mexican,12.95
10736,4703,2023-03-20,"6:54:51 PM",117,117,"Chicken Burrito",Mexican,12.95
10809,4732,2023-03-21,"1:02:15 PM",117,117,"Chicken Burrito",Mexican,12.95
10810,4732,2023-03-21,"1:02:15 PM",117,117,"Chicken Burrito",Mexican,12.95
10831,4741,2023-03-21,"2:06:09 PM",117,117,"Chicken Burrito",Mexican,12.95
10868,4759,2023-03-21,"5:08:35 PM",117,117,"Chicken Burrito",Mexican,12.95
10892,4768,2023-03-21,"7:32:01 PM",117,117,"Chicken Burrito",Mexican,12.95
10900,4771,2023-03-21,"7:49:47 PM",117,117,"Chicken Burrito",Mexican,12.95
10936,4789,2023-03-22,"1:56:27 PM",117,117,"Chicken Burrito",Mexican,12.95
10973,4806,2023-03-22,"6:14:21 PM",117,117,"Chicken Burrito",Mexican,12.95
10993,4816,2023-03-22,"8:55:27 PM",117,117,"Chicken Burrito",Mexican,12.95
11033,4836,2023-03-23,"12:57:49 PM",117,117,"Chicken Burrito",Mexican,12.95
11062,4844,2023-03-23,"2:48:44 PM",117,117,"Chicken Burrito",Mexican,12.95
11155,4893,2023-03-24,"12:53:26 PM",117,117,"Chicken Burrito",Mexican,12.95
11163,4895,2023-03-24,"12:57:03 PM",117,117,"Chicken Burrito",Mexican,12.95
11199,4913,2023-03-24,"5:04:55 PM",117,117,"Chicken Burrito",Mexican,12.95
11206,4919,2023-03-24,"5:39:17 PM",117,117,"Chicken Burrito",Mexican,12.95
11210,4920,2023-03-24,"5:39:24 PM",117,117,"Chicken Burrito",Mexican,12.95
11228,4929,2023-03-24,"7:49:39 PM",117,117,"Chicken Burrito",Mexican,12.95
11235,4932,2023-03-24,"8:20:11 PM",117,117,"Chicken Burrito",Mexican,12.95
11323,4972,2023-03-25,"5:43:05 PM",117,117,"Chicken Burrito",Mexican,12.95
11324,4972,2023-03-25,"5:43:05 PM",117,117,"Chicken Burrito",Mexican,12.95
11354,4986,2023-03-25,"8:06:38 PM",117,117,"Chicken Burrito",Mexican,12.95
11370,4995,2023-03-25,"9:26:57 PM",117,117,"Chicken Burrito",Mexican,12.95
11403,5013,2023-03-26,"1:14:23 PM",117,117,"Chicken Burrito",Mexican,12.95
11416,5017,2023-03-26,"1:58:44 PM",117,117,"Chicken Burrito",Mexican,12.95
11437,5025,2023-03-26,"2:54:00 PM",117,117,"Chicken Burrito",Mexican,12.95
11491,5054,2023-03-26,"7:35:46 PM",117,117,"Chicken Burrito",Mexican,12.95
11518,5066,2023-03-27,"12:20:59 PM",117,117,"Chicken Burrito",Mexican,12.95
11519,5066,2023-03-27,"12:20:59 PM",117,117,"Chicken Burrito",Mexican,12.95
11540,5075,2023-03-27,"1:08:15 PM",117,117,"Chicken Burrito",Mexican,12.95
11568,5087,2023-03-27,"4:10:25 PM",117,117,"Chicken Burrito",Mexican,12.95
11605,5103,2023-03-27,"5:52:55 PM",117,117,"Chicken Burrito",Mexican,12.95
11622,5109,2023-03-27,"6:19:24 PM",117,117,"Chicken Burrito",Mexican,12.95
11709,5146,2023-03-28,"2:19:34 PM",117,117,"Chicken Burrito",Mexican,12.95
11727,5154,2023-03-28,"3:50:03 PM",117,117,"Chicken Burrito",Mexican,12.95
11739,5158,2023-03-28,"4:16:37 PM",117,117,"Chicken Burrito",Mexican,12.95
11746,5161,2023-03-28,"4:56:08 PM",117,117,"Chicken Burrito",Mexican,12.95
11778,5178,2023-03-28,"7:37:09 PM",117,117,"Chicken Burrito",Mexican,12.95
11830,5200,2023-03-29,"12:32:07 PM",117,117,"Chicken Burrito",Mexican,12.95
11848,5202,2023-03-29,"1:00:19 PM",117,117,"Chicken Burrito",Mexican,12.95
11859,5206,2023-03-29,"1:58:37 PM",117,117,"Chicken Burrito",Mexican,12.95
11923,5234,2023-03-29,"7:05:13 PM",117,117,"Chicken Burrito",Mexican,12.95
11968,5259,2023-03-30,"12:52:24 PM",117,117,"Chicken Burrito",Mexican,12.95
11994,5267,2023-03-30,"2:17:09 PM",117,117,"Chicken Burrito",Mexican,12.95
12002,5272,2023-03-30,"3:39:12 PM",117,117,"Chicken Burrito",Mexican,12.95
12041,5290,2023-03-30,"6:18:27 PM",117,117,"Chicken Burrito",Mexican,12.95
12089,5315,2023-03-31,"12:48:46 PM",117,117,"Chicken Burrito",Mexican,12.95
12099,5317,2023-03-31,"1:04:13 PM",117,117,"Chicken Burrito",Mexican,12.95
12121,5323,2023-03-31,"1:41:03 PM",117,117,"Chicken Burrito",Mexican,12.95
12125,5326,2023-03-31,"1:50:17 PM",117,117,"Chicken Burrito",Mexican,12.95
12132,5328,2023-03-31,"2:23:57 PM",117,117,"Chicken Burrito",Mexican,12.95
12146,5333,2023-03-31,"3:16:44 PM",117,117,"Chicken Burrito",Mexican,12.95
12154,5337,2023-03-31,"3:34:31 PM",117,117,"Chicken Burrito",Mexican,12.95
12179,5349,2023-03-31,"5:42:09 PM",117,117,"Chicken Burrito",Mexican,12.95
12218,5365,2023-03-31,"8:31:48 PM",117,117,"Chicken Burrito",Mexican,12.95
51,17,2023-01-01,"1:53:00 PM",118,118,"Steak Burrito",Mexican,14.95
104,42,2023-01-01,"5:28:09 PM",118,118,"Steak Burrito",Mexican,14.95
107,43,2023-01-01,"5:38:34 PM",118,118,"Steak Burrito",Mexican,14.95
132,55,2023-01-01,"7:03:19 PM",118,118,"Steak Burrito",Mexican,14.95
220,92,2023-01-02,"3:17:02 PM",118,118,"Steak Burrito",Mexican,14.95
228,95,2023-01-02,"4:18:04 PM",118,118,"Steak Burrito",Mexican,14.95
280,117,2023-01-02,"7:23:02 PM",118,118,"Steak Burrito",Mexican,14.95
321,136,2023-01-02,"10:32:49 PM",118,118,"Steak Burrito",Mexican,14.95
373,155,2023-01-03,"3:28:59 PM",118,118,"Steak Burrito",Mexican,14.95
418,176,2023-01-03,"5:51:57 PM",118,118,"Steak Burrito",Mexican,14.95
421,178,2023-01-03,"6:15:03 PM",118,118,"Steak Burrito",Mexican,14.95
429,182,2023-01-03,"6:50:10 PM",118,118,"Steak Burrito",Mexican,14.95
444,188,2023-01-03,"8:08:39 PM",118,118,"Steak Burrito",Mexican,14.95
511,219,2023-01-04,"2:42:01 PM",118,118,"Steak Burrito",Mexican,14.95
601,266,2023-01-05,"1:09:29 PM",118,118,"Steak Burrito",Mexican,14.95
641,282,2023-01-05,"4:49:38 PM",118,118,"Steak Burrito",Mexican,14.95
649,286,2023-01-05,"5:01:23 PM",118,118,"Steak Burrito",Mexican,14.95
686,302,2023-01-05,"7:57:37 PM",118,118,"Steak Burrito",Mexican,14.95
704,309,2023-01-06,"11:39:06 AM",118,118,"Steak Burrito",Mexican,14.95
758,330,2023-01-06,"1:27:11 PM",118,118,"Steak Burrito",Mexican,14.95
781,340,2023-01-06,"3:35:32 PM",118,118,"Steak Burrito",Mexican,14.95
789,345,2023-01-06,"4:01:47 PM",118,118,"Steak Burrito",Mexican,14.95
852,374,2023-01-07,"11:55:59 AM",118,118,"Steak Burrito",Mexican,14.95
937,408,2023-01-07,"5:09:09 PM",118,118,"Steak Burrito",Mexican,14.95
997,436,2023-01-08,"12:07:21 PM",118,118,"Steak Burrito",Mexican,14.95
1019,442,2023-01-08,"12:28:49 PM",118,118,"Steak Burrito",Mexican,14.95
1120,489,2023-01-08,"6:48:43 PM",118,118,"Steak Burrito",Mexican,14.95
1126,491,2023-01-08,"7:01:12 PM",118,118,"Steak Burrito",Mexican,14.95
1209,531,2023-01-09,"3:58:10 PM",118,118,"Steak Burrito",Mexican,14.95
1210,532,2023-01-09,"4:14:28 PM",118,118,"Steak Burrito",Mexican,14.95
1219,536,2023-01-09,"5:18:50 PM",118,118,"Steak Burrito",Mexican,14.95
1238,545,2023-01-09,"6:46:28 PM",118,118,"Steak Burrito",Mexican,14.95
1309,578,2023-01-10,"1:48:49 PM",118,118,"Steak Burrito",Mexican,14.95
1323,587,2023-01-10,"4:32:36 PM",118,118,"Steak Burrito",Mexican,14.95
1324,587,2023-01-10,"4:32:36 PM",118,118,"Steak Burrito",Mexican,14.95
1347,599,2023-01-10,"6:34:27 PM",118,118,"Steak Burrito",Mexican,14.95
1355,602,2023-01-10,"7:02:27 PM",118,118,"Steak Burrito",Mexican,14.95
1381,614,2023-01-10,"8:12:33 PM",118,118,"Steak Burrito",Mexican,14.95
1393,620,2023-01-10,"8:45:45 PM",118,118,"Steak Burrito",Mexican,14.95
1424,633,2023-01-11,"11:51:45 AM",118,118,"Steak Burrito",Mexican,14.95
1432,635,2023-01-11,"12:18:31 PM",118,118,"Steak Burrito",Mexican,14.95
1454,644,2023-01-11,"1:52:52 PM",118,118,"Steak Burrito",Mexican,14.95
1464,649,2023-01-11,"2:29:23 PM",118,118,"Steak Burrito",Mexican,14.95
1484,658,2023-01-11,"4:55:24 PM",118,118,"Steak Burrito",Mexican,14.95
1504,668,2023-01-11,"6:13:12 PM",118,118,"Steak Burrito",Mexican,14.95
1522,677,2023-01-11,"7:51:09 PM",118,118,"Steak Burrito",Mexican,14.95
1532,681,2023-01-11,"9:29:50 PM",118,118,"Steak Burrito",Mexican,14.95
1536,683,2023-01-12,"11:39:08 AM",118,118,"Steak Burrito",Mexican,14.95
1568,700,2023-01-12,"2:31:13 PM",118,118,"Steak Burrito",Mexican,14.95
1574,703,2023-01-12,"3:08:01 PM",118,118,"Steak Burrito",Mexican,14.95
1583,707,2023-01-12,"3:41:32 PM",118,118,"Steak Burrito",Mexican,14.95
1603,715,2023-01-12,"5:05:33 PM",118,118,"Steak Burrito",Mexican,14.95
1671,744,2023-01-13,"1:34:48 PM",118,118,"Steak Burrito",Mexican,14.95
1723,765,2023-01-13,"5:11:41 PM",118,118,"Steak Burrito",Mexican,14.95
1731,770,2023-01-13,"5:44:13 PM",118,118,"Steak Burrito",Mexican,14.95
1790,797,2023-01-14,"12:50:01 PM",118,118,"Steak Burrito",Mexican,14.95
1826,808,2023-01-14,"2:15:32 PM",118,118,"Steak Burrito",Mexican,14.95
1867,828,2023-01-14,"6:23:55 PM",118,118,"Steak Burrito",Mexican,14.95
1869,829,2023-01-14,"6:27:42 PM",118,118,"Steak Burrito",Mexican,14.95
1900,841,2023-01-14,"8:57:40 PM",118,118,"Steak Burrito",Mexican,14.95
1933,858,2023-01-15,"1:03:42 PM",118,118,"Steak Burrito",Mexican,14.95
1955,866,2023-01-15,"2:18:09 PM",118,118,"Steak Burrito",Mexican,14.95
2021,902,2023-01-15,"7:21:00 PM",118,118,"Steak Burrito",Mexican,14.95
2023,903,2023-01-15,"7:27:22 PM",118,118,"Steak Burrito",Mexican,14.95
2094,931,2023-01-16,"3:27:24 PM",118,118,"Steak Burrito",Mexican,14.95
2106,938,2023-01-16,"4:43:09 PM",118,118,"Steak Burrito",Mexican,14.95
2108,939,2023-01-16,"4:59:23 PM",118,118,"Steak Burrito",Mexican,14.95
2112,940,2023-01-16,"5:05:08 PM",118,118,"Steak Burrito",Mexican,14.95
2140,952,2023-01-16,"7:05:35 PM",118,118,"Steak Burrito",Mexican,14.95
2201,978,2023-01-17,"12:24:36 PM",118,118,"Steak Burrito",Mexican,14.95
2309,1030,2023-01-17,"10:13:59 PM",118,118,"Steak Burrito",Mexican,14.95
2339,1040,2023-01-18,"1:56:05 PM",118,118,"Steak Burrito",Mexican,14.95
2345,1043,2023-01-18,"2:07:36 PM",118,118,"Steak Burrito",Mexican,14.95
2361,1052,2023-01-18,"3:28:12 PM",118,118,"Steak Burrito",Mexican,14.95
2399,1067,2023-01-18,"6:13:43 PM",118,118,"Steak Burrito",Mexican,14.95
2408,1071,2023-01-18,"6:27:40 PM",118,118,"Steak Burrito",Mexican,14.95
2431,1082,2023-01-19,"11:16:43 AM",118,118,"Steak Burrito",Mexican,14.95
2617,1153,2023-01-20,"12:56:30 PM",118,118,"Steak Burrito",Mexican,14.95
2659,1175,2023-01-20,"5:05:14 PM",118,118,"Steak Burrito",Mexican,14.95
2663,1176,2023-01-20,"5:05:19 PM",118,118,"Steak Burrito",Mexican,14.95
2687,1190,2023-01-20,"7:43:15 PM",118,118,"Steak Burrito",Mexican,14.95
2692,1193,2023-01-20,"8:26:22 PM",118,118,"Steak Burrito",Mexican,14.95
2695,1194,2023-01-20,"8:27:18 PM",118,118,"Steak Burrito",Mexican,14.95
2752,1218,2023-01-21,"2:27:30 PM",118,118,"Steak Burrito",Mexican,14.95
2814,1243,2023-01-21,"7:02:27 PM",118,118,"Steak Burrito",Mexican,14.95
2833,1250,2023-01-21,"9:09:08 PM",118,118,"Steak Burrito",Mexican,14.95
2834,1251,2023-01-21,"9:12:37 PM",118,118,"Steak Burrito",Mexican,14.95
2963,1303,2023-01-22,"6:53:13 PM",118,118,"Steak Burrito",Mexican,14.95
2987,1319,2023-01-22,"10:24:05 PM",118,118,"Steak Burrito",Mexican,14.95
2993,1321,2023-01-23,"11:17:12 AM",118,118,"Steak Burrito",Mexican,14.95
2995,1322,2023-01-23,"11:28:28 AM",118,118,"Steak Burrito",Mexican,14.95
3015,1329,2023-01-23,"12:49:11 PM",118,118,"Steak Burrito",Mexican,14.95
3073,1359,2023-01-23,"5:31:29 PM",118,118,"Steak Burrito",Mexican,14.95
3090,1367,2023-01-23,"6:09:22 PM",118,118,"Steak Burrito",Mexican,14.95
3091,1367,2023-01-23,"6:09:22 PM",118,118,"Steak Burrito",Mexican,14.95
3170,1404,2023-01-24,"2:59:38 PM",118,118,"Steak Burrito",Mexican,14.95
3194,1416,2023-01-24,"5:18:39 PM",118,118,"Steak Burrito",Mexican,14.95
3213,1424,2023-01-24,"6:43:24 PM",118,118,"Steak Burrito",Mexican,14.95
3218,1426,2023-01-24,"7:06:06 PM",118,118,"Steak Burrito",Mexican,14.95
3227,1429,2023-01-24,"7:36:22 PM",118,118,"Steak Burrito",Mexican,14.95
3249,1439,2023-01-24,"7:56:32 PM",118,118,"Steak Burrito",Mexican,14.95
3316,1465,2023-01-25,"2:45:05 PM",118,118,"Steak Burrito",Mexican,14.95
3321,1468,2023-01-25,"3:05:16 PM",118,118,"Steak Burrito",Mexican,14.95
3362,1487,2023-01-25,"7:41:47 PM",118,118,"Steak Burrito",Mexican,14.95
3444,1525,2023-01-26,"2:47:46 PM",118,118,"Steak Burrito",Mexican,14.95
3449,1529,2023-01-26,"3:35:32 PM",118,118,"Steak Burrito",Mexican,14.95
3494,1550,2023-01-26,"9:23:19 PM",118,118,"Steak Burrito",Mexican,14.95
3499,1554,2023-01-27,"11:57:19 AM",118,118,"Steak Burrito",Mexican,14.95
3537,1569,2023-01-27,"1:38:50 PM",118,118,"Steak Burrito",Mexican,14.95
3550,1574,2023-01-27,"3:32:22 PM",118,118,"Steak Burrito",Mexican,14.95
3631,1611,2023-01-27,"9:03:04 PM",118,118,"Steak Burrito",Mexican,14.95
3644,1617,2023-01-27,"10:25:26 PM",118,118,"Steak Burrito",Mexican,14.95
3651,1620,2023-01-28,"11:38:50 AM",118,118,"Steak Burrito",Mexican,14.95
3665,1629,2023-01-28,"12:17:09 PM",118,118,"Steak Burrito",Mexican,14.95
3693,1639,2023-01-28,"1:37:57 PM",118,118,"Steak Burrito",Mexican,14.95
3799,1685,2023-01-29,"1:36:52 PM",118,118,"Steak Burrito",Mexican,14.95
3808,1687,2023-01-29,"1:39:42 PM",118,118,"Steak Burrito",Mexican,14.95
3843,1709,2023-01-29,"6:55:40 PM",118,118,"Steak Burrito",Mexican,14.95
3919,1744,2023-01-30,"2:26:51 PM",118,118,"Steak Burrito",Mexican,14.95
3980,1775,2023-01-30,"8:07:17 PM",118,118,"Steak Burrito",Mexican,14.95
3987,1780,2023-01-30,"8:54:47 PM",118,118,"Steak Burrito",Mexican,14.95
4004,1788,2023-01-30,"9:35:08 PM",118,118,"Steak Burrito",Mexican,14.95
4018,1793,2023-01-31,"11:44:04 AM",118,118,"Steak Burrito",Mexican,14.95
4036,1796,2023-01-31,"1:31:47 PM",118,118,"Steak Burrito",Mexican,14.95
4041,1799,2023-01-31,"2:07:32 PM",118,118,"Steak Burrito",Mexican,14.95
4072,1811,2023-01-31,"4:23:44 PM",118,118,"Steak Burrito",Mexican,14.95
4087,1817,2023-01-31,"6:05:04 PM",118,118,"Steak Burrito",Mexican,14.95
4154,1845,2023-01-31,"10:43:07 PM",118,118,"Steak Burrito",Mexican,14.95
4172,1851,2023-02-01,"11:49:01 AM",118,118,"Steak Burrito",Mexican,14.95
4184,1855,2023-02-01,"12:28:09 PM",118,118,"Steak Burrito",Mexican,14.95
4190,1859,2023-02-01,"1:18:55 PM",118,118,"Steak Burrito",Mexican,14.95
4196,1864,2023-02-01,"1:46:26 PM",118,118,"Steak Burrito",Mexican,14.95
4218,1872,2023-02-01,"3:07:28 PM",118,118,"Steak Burrito",Mexican,14.95
4282,1899,2023-02-01,"5:35:39 PM",118,118,"Steak Burrito",Mexican,14.95
4397,1957,2023-02-02,"2:50:01 PM",118,118,"Steak Burrito",Mexican,14.95
4398,1957,2023-02-02,"2:50:01 PM",118,118,"Steak Burrito",Mexican,14.95
4404,1958,2023-02-02,"3:05:43 PM",118,118,"Steak Burrito",Mexican,14.95
4471,1988,2023-02-02,"8:46:01 PM",118,118,"Steak Burrito",Mexican,14.95
4482,1994,2023-02-02,"10:08:10 PM",118,118,"Steak Burrito",Mexican,14.95
4523,2004,2023-02-03,"12:24:06 PM",118,118,"Steak Burrito",Mexican,14.95
4527,2005,2023-02-03,"12:32:02 PM",118,118,"Steak Burrito",Mexican,14.95
4542,2011,2023-02-03,"1:01:28 PM",118,118,"Steak Burrito",Mexican,14.95
4558,2018,2023-02-03,"2:06:04 PM",118,118,"Steak Burrito",Mexican,14.95
4566,2021,2023-02-03,"2:25:13 PM",118,118,"Steak Burrito",Mexican,14.95
4608,2045,2023-02-03,"6:46:11 PM",118,118,"Steak Burrito",Mexican,14.95
4690,2075,2023-02-04,"2:03:04 PM",118,118,"Steak Burrito",Mexican,14.95
4759,2107,2023-02-04,"9:01:41 PM",118,118,"Steak Burrito",Mexican,14.95
4806,2126,2023-02-05,"1:31:29 PM",118,118,"Steak Burrito",Mexican,14.95
4864,2152,2023-02-05,"6:35:11 PM",118,118,"Steak Burrito",Mexican,14.95
4884,2161,2023-02-05,"8:10:24 PM",118,118,"Steak Burrito",Mexican,14.95
4904,2174,2023-02-05,"10:00:17 PM",118,118,"Steak Burrito",Mexican,14.95
4925,2182,2023-02-06,"12:22:30 PM",118,118,"Steak Burrito",Mexican,14.95
4964,2193,2023-02-06,"1:21:21 PM",118,118,"Steak Burrito",Mexican,14.95
4969,2195,2023-02-06,"1:39:29 PM",118,118,"Steak Burrito",Mexican,14.95
5012,2217,2023-02-06,"6:21:44 PM",118,118,"Steak Burrito",Mexican,14.95
5049,2235,2023-02-06,"9:26:37 PM",118,118,"Steak Burrito",Mexican,14.95
5051,2236,2023-02-06,"9:32:03 PM",118,118,"Steak Burrito",Mexican,14.95
5132,2272,2023-02-07,"6:17:46 PM",118,118,"Steak Burrito",Mexican,14.95
5235,2317,2023-02-08,"2:49:35 PM",118,118,"Steak Burrito",Mexican,14.95
5238,2319,2023-02-08,"3:10:49 PM",118,118,"Steak Burrito",Mexican,14.95
5248,2325,2023-02-08,"4:28:32 PM",118,118,"Steak Burrito",Mexican,14.95
5354,2369,2023-02-09,"2:00:19 PM",118,118,"Steak Burrito",Mexican,14.95
5445,2405,2023-02-09,"8:38:13 PM",118,118,"Steak Burrito",Mexican,14.95
5510,2436,2023-02-10,"2:58:42 PM",118,118,"Steak Burrito",Mexican,14.95
5548,2455,2023-02-10,"7:07:28 PM",118,118,"Steak Burrito",Mexican,14.95
5588,2475,2023-02-11,"12:08:37 PM",118,118,"Steak Burrito",Mexican,14.95
5617,2488,2023-02-11,"1:43:20 PM",118,118,"Steak Burrito",Mexican,14.95
5682,2518,2023-02-11,"7:02:19 PM",118,118,"Steak Burrito",Mexican,14.95
5822,2580,2023-02-12,"5:42:00 PM",118,118,"Steak Burrito",Mexican,14.95
5935,2630,2023-02-13,"5:15:17 PM",118,118,"Steak Burrito",Mexican,14.95
5941,2631,2023-02-13,"5:19:26 PM",118,118,"Steak Burrito",Mexican,14.95
5974,2647,2023-02-13,"8:45:14 PM",118,118,"Steak Burrito",Mexican,14.95
6012,2666,2023-02-14,"11:48:35 AM",118,118,"Steak Burrito",Mexican,14.95
6121,2711,2023-02-14,"8:00:33 PM",118,118,"Steak Burrito",Mexican,14.95
6159,2725,2023-02-15,"11:52:00 AM",118,118,"Steak Burrito",Mexican,14.95
6218,2752,2023-02-15,"5:29:20 PM",118,118,"Steak Burrito",Mexican,14.95
6248,2766,2023-02-15,"7:30:07 PM",118,118,"Steak Burrito",Mexican,14.95
6376,2818,2023-02-16,"6:40:09 PM",118,118,"Steak Burrito",Mexican,14.95
6418,2842,2023-02-17,"1:31:20 PM",118,118,"Steak Burrito",Mexican,14.95
6424,2844,2023-02-17,"1:41:34 PM",118,118,"Steak Burrito",Mexican,14.95
6440,2850,2023-02-17,"2:16:57 PM",118,118,"Steak Burrito",Mexican,14.95
6463,2857,2023-02-17,"4:43:16 PM",118,118,"Steak Burrito",Mexican,14.95
6501,2878,2023-02-17,"8:02:56 PM",118,118,"Steak Burrito",Mexican,14.95
6508,2881,2023-02-17,"8:59:44 PM",118,118,"Steak Burrito",Mexican,14.95
6546,2895,2023-02-18,"12:06:59 PM",118,118,"Steak Burrito",Mexican,14.95
6595,2916,2023-02-18,"4:50:00 PM",118,118,"Steak Burrito",Mexican,14.95
6639,2933,2023-02-18,"6:50:39 PM",118,118,"Steak Burrito",Mexican,14.95
6643,2934,2023-02-18,"7:00:00 PM",118,118,"Steak Burrito",Mexican,14.95
6693,2953,2023-02-19,"12:20:32 PM",118,118,"Steak Burrito",Mexican,14.95
6698,2956,2023-02-19,"12:33:38 PM",118,118,"Steak Burrito",Mexican,14.95
6716,2961,2023-02-19,"1:13:54 PM",118,118,"Steak Burrito",Mexican,14.95
6725,2963,2023-02-19,"1:22:56 PM",118,118,"Steak Burrito",Mexican,14.95
6749,2978,2023-02-19,"3:45:48 PM",118,118,"Steak Burrito",Mexican,14.95
6803,3003,2023-02-19,"9:32:12 PM",118,118,"Steak Burrito",Mexican,14.95
6846,3023,2023-02-20,"1:29:47 PM",118,118,"Steak Burrito",Mexican,14.95
6911,3049,2023-02-20,"5:49:20 PM",118,118,"Steak Burrito",Mexican,14.95
6944,3065,2023-02-20,"8:12:13 PM",118,118,"Steak Burrito",Mexican,14.95
6959,3071,2023-02-20,"9:14:34 PM",118,118,"Steak Burrito",Mexican,14.95
7068,3118,2023-02-21,"7:07:50 PM",118,118,"Steak Burrito",Mexican,14.95
7104,3136,2023-02-22,"12:39:19 PM",118,118,"Steak Burrito",Mexican,14.95
7136,3146,2023-02-22,"3:55:09 PM",118,118,"Steak Burrito",Mexican,14.95
7163,3159,2023-02-22,"7:38:44 PM",118,118,"Steak Burrito",Mexican,14.95
7310,3222,2023-02-23,"9:19:27 PM",118,118,"Steak Burrito",Mexican,14.95
7320,3226,2023-02-24,"11:56:22 AM",118,118,"Steak Burrito",Mexican,14.95
7347,3235,2023-02-24,"12:49:47 PM",118,118,"Steak Burrito",Mexican,14.95
7354,3239,2023-02-24,"1:11:53 PM",118,118,"Steak Burrito",Mexican,14.95
7362,3243,2023-02-24,"1:29:11 PM",118,118,"Steak Burrito",Mexican,14.95
7374,3249,2023-02-24,"3:18:55 PM",118,118,"Steak Burrito",Mexican,14.95
7380,3252,2023-02-24,"4:28:32 PM",118,118,"Steak Burrito",Mexican,14.95
7417,3268,2023-02-24,"7:23:15 PM",118,118,"Steak Burrito",Mexican,14.95
7464,3289,2023-02-25,"12:22:27 PM",118,118,"Steak Burrito",Mexican,14.95
7515,3309,2023-02-25,"3:11:35 PM",118,118,"Steak Burrito",Mexican,14.95
7533,3317,2023-02-25,"4:51:29 PM",118,118,"Steak Burrito",Mexican,14.95
7549,3324,2023-02-25,"5:59:30 PM",118,118,"Steak Burrito",Mexican,14.95
7596,3349,2023-02-26,"12:12:46 PM",118,118,"Steak Burrito",Mexican,14.95
7650,3368,2023-02-26,"2:48:56 PM",118,118,"Steak Burrito",Mexican,14.95
7653,3369,2023-02-26,"3:22:08 PM",118,118,"Steak Burrito",Mexican,14.95
7665,3373,2023-02-26,"4:01:28 PM",118,118,"Steak Burrito",Mexican,14.95
7672,3378,2023-02-26,"4:53:26 PM",118,118,"Steak Burrito",Mexican,14.95
7674,3379,2023-02-26,"4:55:17 PM",118,118,"Steak Burrito",Mexican,14.95
7702,3391,2023-02-26,"6:37:03 PM",118,118,"Steak Burrito",Mexican,14.95
7726,3401,2023-02-27,"11:48:28 AM",118,118,"Steak Burrito",Mexican,14.95
7733,3403,2023-02-27,"11:57:25 AM",118,118,"Steak Burrito",Mexican,14.95
7734,3403,2023-02-27,"11:57:25 AM",118,118,"Steak Burrito",Mexican,14.95
7737,3405,2023-02-27,"12:07:37 PM",118,118,"Steak Burrito",Mexican,14.95
7751,3412,2023-02-27,"12:40:41 PM",118,118,"Steak Burrito",Mexican,14.95
7755,3413,2023-02-27,"12:54:17 PM",118,118,"Steak Burrito",Mexican,14.95
7826,3442,2023-02-27,"5:48:37 PM",118,118,"Steak Burrito",Mexican,14.95
7849,3449,2023-02-27,"6:43:12 PM",118,118,"Steak Burrito",Mexican,14.95
7869,3457,2023-02-27,"7:09:52 PM",118,118,"Steak Burrito",Mexican,14.95
7871,3458,2023-02-27,"7:11:01 PM",118,118,"Steak Burrito",Mexican,14.95
7887,3466,2023-02-27,"8:35:42 PM",118,118,"Steak Burrito",Mexican,14.95
7906,3473,2023-02-28,"11:49:43 AM",118,118,"Steak Burrito",Mexican,14.95
7950,3493,2023-02-28,"4:30:08 PM",118,118,"Steak Burrito",Mexican,14.95
8045,3529,2023-02-28,"9:52:13 PM",118,118,"Steak Burrito",Mexican,14.95
8095,3552,2023-03-01,"5:06:58 PM",118,118,"Steak Burrito",Mexican,14.95
8115,3561,2023-03-01,"6:36:33 PM",118,118,"Steak Burrito",Mexican,14.95
8125,3568,2023-03-01,"7:27:23 PM",118,118,"Steak Burrito",Mexican,14.95
8173,3588,2023-03-02,"12:42:52 PM",118,118,"Steak Burrito",Mexican,14.95
8240,3618,2023-03-02,"5:33:55 PM",118,118,"Steak Burrito",Mexican,14.95
8247,3622,2023-03-02,"6:06:22 PM",118,118,"Steak Burrito",Mexican,14.95
8269,3630,2023-03-02,"7:34:40 PM",118,118,"Steak Burrito",Mexican,14.95
8317,3653,2023-03-03,"1:25:29 PM",118,118,"Steak Burrito",Mexican,14.95
8342,3659,2023-03-03,"2:03:25 PM",118,118,"Steak Burrito",Mexican,14.95
8369,3667,2023-03-03,"4:46:19 PM",118,118,"Steak Burrito",Mexican,14.95
8370,3667,2023-03-03,"4:46:19 PM",118,118,"Steak Burrito",Mexican,14.95
8394,3677,2023-03-03,"6:36:32 PM",118,118,"Steak Burrito",Mexican,14.95
8404,3683,2023-03-03,"7:56:12 PM",118,118,"Steak Burrito",Mexican,14.95
8428,3692,2023-03-04,"11:31:04 AM",118,118,"Steak Burrito",Mexican,14.95
8450,3702,2023-03-04,"12:53:29 PM",118,118,"Steak Burrito",Mexican,14.95
8464,3708,2023-03-04,"1:23:35 PM",118,118,"Steak Burrito",Mexican,14.95
8472,3710,2023-03-04,"1:48:40 PM",118,118,"Steak Burrito",Mexican,14.95
8545,3741,2023-03-04,"7:17:32 PM",118,118,"Steak Burrito",Mexican,14.95
8615,3775,2023-03-05,"1:49:24 PM",118,118,"Steak Burrito",Mexican,14.95
8619,3776,2023-03-05,"1:59:08 PM",118,118,"Steak Burrito",Mexican,14.95
8628,3780,2023-03-05,"2:39:18 PM",118,118,"Steak Burrito",Mexican,14.95
8642,3786,2023-03-05,"3:48:08 PM",118,118,"Steak Burrito",Mexican,14.95
8780,3852,2023-03-06,"5:27:18 PM",118,118,"Steak Burrito",Mexican,14.95
8824,3869,2023-03-06,"8:29:18 PM",118,118,"Steak Burrito",Mexican,14.95
8857,3884,2023-03-07,"11:52:36 AM",118,118,"Steak Burrito",Mexican,14.95
8864,3886,2023-03-07,"12:23:20 PM",118,118,"Steak Burrito",Mexican,14.95
8871,3887,2023-03-07,"12:24:10 PM",118,118,"Steak Burrito",Mexican,14.95
8964,3927,2023-03-07,"8:57:08 PM",118,118,"Steak Burrito",Mexican,14.95
9030,3959,2023-03-08,"3:18:05 PM",118,118,"Steak Burrito",Mexican,14.95
9048,3968,2023-03-08,"4:55:44 PM",118,118,"Steak Burrito",Mexican,14.95
9053,3970,2023-03-08,"5:07:58 PM",118,118,"Steak Burrito",Mexican,14.95
9222,4039,2023-03-09,"6:13:22 PM",118,118,"Steak Burrito",Mexican,14.95
9224,4040,2023-03-09,"6:31:54 PM",118,118,"Steak Burrito",Mexican,14.95
9242,4049,2023-03-09,"8:22:42 PM",118,118,"Steak Burrito",Mexican,14.95
9280,4064,2023-03-10,"12:39:50 PM",118,118,"Steak Burrito",Mexican,14.95
9299,4073,2023-03-10,"1:25:22 PM",118,118,"Steak Burrito",Mexican,14.95
9400,4118,2023-03-11,"12:10:49 PM",118,118,"Steak Burrito",Mexican,14.95
9472,4147,2023-03-11,"4:37:46 PM",118,118,"Steak Burrito",Mexican,14.95
9506,4165,2023-03-11,"6:39:21 PM",118,118,"Steak Burrito",Mexican,14.95
9537,4180,2023-03-12,"12:00:07 PM",118,118,"Steak Burrito",Mexican,14.95
9545,4184,2023-03-12,"12:19:43 PM",118,118,"Steak Burrito",Mexican,14.95
9658,4232,2023-03-13,"12:22:05 PM",118,118,"Steak Burrito",Mexican,14.95
9783,4285,2023-03-13,"8:07:36 PM",118,118,"Steak Burrito",Mexican,14.95
9857,4313,2023-03-14,"2:34:28 PM",118,118,"Steak Burrito",Mexican,14.95
9897,4334,2023-03-14,"6:36:34 PM",118,118,"Steak Burrito",Mexican,14.95
9910,4342,2023-03-14,"7:43:00 PM",118,118,"Steak Burrito",Mexican,14.95
9963,4363,2023-03-15,"1:41:43 PM",118,118,"Steak Burrito",Mexican,14.95
9995,4376,2023-03-15,"4:03:18 PM",118,118,"Steak Burrito",Mexican,14.95
10067,4406,2023-03-16,"12:04:29 PM",118,118,"Steak Burrito",Mexican,14.95
10072,4409,2023-03-16,"12:14:11 PM",118,118,"Steak Burrito",Mexican,14.95
10082,4416,2023-03-16,"12:33:50 PM",118,118,"Steak Burrito",Mexican,14.95
10107,4423,2023-03-16,"1:25:45 PM",118,118,"Steak Burrito",Mexican,14.95
10115,4426,2023-03-16,"1:45:41 PM",118,118,"Steak Burrito",Mexican,14.95
10177,4457,2023-03-16,"6:41:34 PM",118,118,"Steak Burrito",Mexican,14.95
10215,4476,2023-03-17,"12:59:34 PM",118,118,"Steak Burrito",Mexican,14.95
10244,4482,2023-03-17,"1:57:38 PM",118,118,"Steak Burrito",Mexican,14.95
10280,4496,2023-03-17,"4:15:33 PM",118,118,"Steak Burrito",Mexican,14.95
10312,4510,2023-03-17,"5:54:33 PM",118,118,"Steak Burrito",Mexican,14.95
10321,4513,2023-03-17,"6:20:51 PM",118,118,"Steak Burrito",Mexican,14.95
10339,4524,2023-03-17,"7:34:54 PM",118,118,"Steak Burrito",Mexican,14.95
10370,4537,2023-03-17,"9:09:17 PM",118,118,"Steak Burrito",Mexican,14.95
10386,4544,2023-03-18,"12:08:52 PM",118,118,"Steak Burrito",Mexican,14.95
10389,4546,2023-03-18,"12:12:52 PM",118,118,"Steak Burrito",Mexican,14.95
10395,4549,2023-03-18,"12:31:00 PM",118,118,"Steak Burrito",Mexican,14.95
10406,4555,2023-03-18,"1:07:53 PM",118,118,"Steak Burrito",Mexican,14.95
10465,4584,2023-03-18,"6:55:30 PM",118,118,"Steak Burrito",Mexican,14.95
10505,4605,2023-03-19,"11:31:04 AM",118,118,"Steak Burrito",Mexican,14.95
10513,4609,2023-03-19,"12:02:16 PM",118,118,"Steak Burrito",Mexican,14.95
10540,4620,2023-03-19,"1:37:11 PM",118,118,"Steak Burrito",Mexican,14.95
10554,4623,2023-03-19,"2:41:44 PM",118,118,"Steak Burrito",Mexican,14.95
10567,4627,2023-03-19,"4:04:23 PM",118,118,"Steak Burrito",Mexican,14.95
10570,4628,2023-03-19,"4:16:31 PM",118,118,"Steak Burrito",Mexican,14.95
10584,4634,2023-03-19,"5:44:39 PM",118,118,"Steak Burrito",Mexican,14.95
10615,4646,2023-03-19,"7:22:44 PM",118,118,"Steak Burrito",Mexican,14.95
10685,4674,2023-03-20,"1:27:07 PM",118,118,"Steak Burrito",Mexican,14.95
10715,4693,2023-03-20,"5:37:54 PM",118,118,"Steak Burrito",Mexican,14.95
10785,4725,2023-03-20,"10:20:00 PM",118,118,"Steak Burrito",Mexican,14.95
10791,4727,2023-03-21,"11:31:39 AM",118,118,"Steak Burrito",Mexican,14.95
10860,4755,2023-03-21,"4:40:27 PM",118,118,"Steak Burrito",Mexican,14.95
10930,4787,2023-03-22,"1:01:37 PM",118,118,"Steak Burrito",Mexican,14.95
10939,4789,2023-03-22,"1:56:27 PM",118,118,"Steak Burrito",Mexican,14.95
10949,4795,2023-03-22,"4:01:29 PM",118,118,"Steak Burrito",Mexican,14.95
10962,4801,2023-03-22,"5:08:48 PM",118,118,"Steak Burrito",Mexican,14.95
10982,4809,2023-03-22,"7:18:35 PM",118,118,"Steak Burrito",Mexican,14.95
11007,4823,2023-03-23,"11:38:21 AM",118,118,"Steak Burrito",Mexican,14.95
11022,4832,2023-03-23,"12:47:25 PM",118,118,"Steak Burrito",Mexican,14.95
11050,4839,2023-03-23,"1:39:44 PM",118,118,"Steak Burrito",Mexican,14.95
11059,4842,2023-03-23,"1:59:42 PM",118,118,"Steak Burrito",Mexican,14.95
11095,4861,2023-03-23,"5:59:40 PM",118,118,"Steak Burrito",Mexican,14.95
11104,4866,2023-03-23,"7:20:18 PM",118,118,"Steak Burrito",Mexican,14.95
11109,4869,2023-03-23,"7:43:40 PM",118,118,"Steak Burrito",Mexican,14.95
11135,4883,2023-03-24,"11:44:46 AM",118,118,"Steak Burrito",Mexican,14.95
11139,4886,2023-03-24,"12:00:25 PM",118,118,"Steak Burrito",Mexican,14.95
11181,4905,2023-03-24,"4:07:27 PM",118,118,"Steak Burrito",Mexican,14.95
11193,4911,2023-03-24,"4:50:08 PM",118,118,"Steak Burrito",Mexican,14.95
11252,4939,2023-03-24,"10:20:17 PM",118,118,"Steak Burrito",Mexican,14.95
11291,4957,2023-03-25,"1:34:24 PM",118,118,"Steak Burrito",Mexican,14.95
11298,4963,2023-03-25,"2:57:26 PM",118,118,"Steak Burrito",Mexican,14.95
11366,4992,2023-03-25,"9:11:28 PM",118,118,"Steak Burrito",Mexican,14.95
11384,5003,2023-03-26,"11:50:45 AM",118,118,"Steak Burrito",Mexican,14.95
11439,5026,2023-03-26,"3:16:07 PM",118,118,"Steak Burrito",Mexican,14.95
11556,5080,2023-03-27,"1:43:35 PM",118,118,"Steak Burrito",Mexican,14.95
11608,5104,2023-03-27,"5:56:27 PM",118,118,"Steak Burrito",Mexican,14.95
11643,5118,2023-03-27,"7:40:48 PM",118,118,"Steak Burrito",Mexican,14.95
11685,5136,2023-03-28,"12:37:40 PM",118,118,"Steak Burrito",Mexican,14.95
11764,5170,2023-03-28,"6:12:16 PM",118,118,"Steak Burrito",Mexican,14.95
11777,5177,2023-03-28,"7:35:27 PM",118,118,"Steak Burrito",Mexican,14.95
11869,5212,2023-03-29,"3:08:01 PM",118,118,"Steak Burrito",Mexican,14.95
11881,5216,2023-03-29,"4:10:29 PM",118,118,"Steak Burrito",Mexican,14.95
11884,5217,2023-03-29,"4:10:38 PM",118,118,"Steak Burrito",Mexican,14.95
11891,5219,2023-03-29,"4:23:18 PM",118,118,"Steak Burrito",Mexican,14.95
11912,5229,2023-03-29,"6:33:39 PM",118,118,"Steak Burrito",Mexican,14.95
11949,5248,2023-03-30,"11:15:48 AM",118,118,"Steak Burrito",Mexican,14.95
11972,5261,2023-03-30,"1:09:48 PM",118,118,"Steak Burrito",Mexican,14.95
12038,5288,2023-03-30,"6:08:42 PM",118,118,"Steak Burrito",Mexican,14.95
12056,5300,2023-03-30,"8:17:59 PM",118,118,"Steak Burrito",Mexican,14.95
12186,5351,2023-03-31,"6:04:00 PM",118,118,"Steak Burrito",Mexican,14.95
12217,5364,2023-03-31,"8:16:14 PM",118,118,"Steak Burrito",Mexican,14.95
12229,5368,2023-03-31,"9:58:47 PM",118,118,"Steak Burrito",Mexican,14.95
8,3,2023-01-01,"12:12:28 PM",119,119,"Chicken Torta",Mexican,11.95
66,24,2023-01-01,"2:23:01 PM",119,119,"Chicken Torta",Mexican,11.95
119,48,2023-01-01,"6:26:42 PM",119,119,"Chicken Torta",Mexican,11.95
130,54,2023-01-01,"7:01:45 PM",119,119,"Chicken Torta",Mexican,11.95
240,102,2023-01-02,"5:54:04 PM",119,119,"Chicken Torta",Mexican,11.95
248,105,2023-01-02,"6:12:01 PM",119,119,"Chicken Torta",Mexican,11.95
261,109,2023-01-02,"6:27:50 PM",119,119,"Chicken Torta",Mexican,11.95
282,118,2023-01-02,"7:26:59 PM",119,119,"Chicken Torta",Mexican,11.95
330,140,2023-01-03,"12:26:44 PM",119,119,"Chicken Torta",Mexican,11.95
339,143,2023-01-03,"1:41:36 PM",119,119,"Chicken Torta",Mexican,11.95
369,154,2023-01-03,"3:22:43 PM",119,119,"Chicken Torta",Mexican,11.95
394,165,2023-01-03,"4:57:37 PM",119,119,"Chicken Torta",Mexican,11.95
395,166,2023-01-03,"4:58:51 PM",119,119,"Chicken Torta",Mexican,11.95
426,180,2023-01-03,"6:33:34 PM",119,119,"Chicken Torta",Mexican,11.95
450,190,2023-01-03,"8:14:23 PM",119,119,"Chicken Torta",Mexican,11.95
483,205,2023-01-04,"11:43:54 AM",119,119,"Chicken Torta",Mexican,11.95
518,221,2023-01-04,"3:33:18 PM",119,119,"Chicken Torta",Mexican,11.95
535,229,2023-01-04,"5:37:57 PM",119,119,"Chicken Torta",Mexican,11.95
540,231,2023-01-04,"6:04:18 PM",119,119,"Chicken Torta",Mexican,11.95
577,252,2023-01-04,"10:13:15 PM",119,119,"Chicken Torta",Mexican,11.95
636,280,2023-01-05,"4:20:23 PM",119,119,"Chicken Torta",Mexican,11.95
647,285,2023-01-05,"4:58:38 PM",119,119,"Chicken Torta",Mexican,11.95
655,288,2023-01-05,"5:32:44 PM",119,119,"Chicken Torta",Mexican,11.95
726,317,2023-01-06,"12:31:00 PM",119,119,"Chicken Torta",Mexican,11.95
764,331,2023-01-06,"1:43:30 PM",119,119,"Chicken Torta",Mexican,11.95
774,336,2023-01-06,"2:51:41 PM",119,119,"Chicken Torta",Mexican,11.95
811,353,2023-01-06,"5:59:48 PM",119,119,"Chicken Torta",Mexican,11.95
892,392,2023-01-07,"1:36:47 PM",119,119,"Chicken Torta",Mexican,11.95
927,403,2023-01-07,"4:26:10 PM",119,119,"Chicken Torta",Mexican,11.95
1061,458,2023-01-08,"2:00:05 PM",119,119,"Chicken Torta",Mexican,11.95
1071,463,2023-01-08,"2:40:28 PM",119,119,"Chicken Torta",Mexican,11.95
1077,467,2023-01-08,"3:33:13 PM",119,119,"Chicken Torta",Mexican,11.95
1087,473,2023-01-08,"4:41:27 PM",119,119,"Chicken Torta",Mexican,11.95
1094,476,2023-01-08,"5:27:56 PM",119,119,"Chicken Torta",Mexican,11.95
1127,491,2023-01-08,"7:01:12 PM",119,119,"Chicken Torta",Mexican,11.95
1179,518,2023-01-09,"1:11:25 PM",119,119,"Chicken Torta",Mexican,11.95
1181,519,2023-01-09,"1:15:20 PM",119,119,"Chicken Torta",Mexican,11.95
1195,523,2023-01-09,"2:42:14 PM",119,119,"Chicken Torta",Mexican,11.95
1215,534,2023-01-09,"4:43:32 PM",119,119,"Chicken Torta",Mexican,11.95
1230,542,2023-01-09,"6:08:06 PM",119,119,"Chicken Torta",Mexican,11.95
1340,595,2023-01-10,"6:12:28 PM",119,119,"Chicken Torta",Mexican,11.95
1344,597,2023-01-10,"6:32:36 PM",119,119,"Chicken Torta",Mexican,11.95
1346,598,2023-01-10,"6:34:14 PM",119,119,"Chicken Torta",Mexican,11.95
1384,616,2023-01-10,"8:20:10 PM",119,119,"Chicken Torta",Mexican,11.95
1388,618,2023-01-10,"8:31:14 PM",119,119,"Chicken Torta",Mexican,11.95
1473,652,2023-01-11,"4:03:38 PM",119,119,"Chicken Torta",Mexican,11.95
1492,662,2023-01-11,"5:21:49 PM",119,119,"Chicken Torta",Mexican,11.95
1517,674,2023-01-11,"7:33:05 PM",119,119,"Chicken Torta",Mexican,11.95
1557,696,2023-01-12,"1:49:40 PM",119,119,"Chicken Torta",Mexican,11.95
1571,701,2023-01-12,"2:33:39 PM",119,119,"Chicken Torta",Mexican,11.95
1662,740,2023-01-13,"12:29:51 PM",119,119,"Chicken Torta",Mexican,11.95
1696,753,2023-01-13,"3:22:11 PM",119,119,"Chicken Torta",Mexican,11.95
1709,758,2023-01-13,"4:14:43 PM",119,119,"Chicken Torta",Mexican,11.95
1743,775,2023-01-13,"6:42:12 PM",119,119,"Chicken Torta",Mexican,11.95
1750,778,2023-01-13,"7:18:08 PM",119,119,"Chicken Torta",Mexican,11.95
1783,792,2023-01-14,"12:37:48 PM",119,119,"Chicken Torta",Mexican,11.95
1786,793,2023-01-14,"12:38:27 PM",119,119,"Chicken Torta",Mexican,11.95
1791,797,2023-01-14,"12:50:01 PM",119,119,"Chicken Torta",Mexican,11.95
1821,804,2023-01-14,"1:42:01 PM",119,119,"Chicken Torta",Mexican,11.95
1884,834,2023-01-14,"7:25:16 PM",119,119,"Chicken Torta",Mexican,11.95
1942,861,2023-01-15,"1:08:44 PM",119,119,"Chicken Torta",Mexican,11.95
1964,872,2023-01-15,"2:48:37 PM",119,119,"Chicken Torta",Mexican,11.95
1981,882,2023-01-15,"4:44:46 PM",119,119,"Chicken Torta",Mexican,11.95
1987,883,2023-01-15,"4:56:05 PM",119,119,"Chicken Torta",Mexican,11.95
2039,910,2023-01-16,"11:25:40 AM",119,119,"Chicken Torta",Mexican,11.95
2052,915,2023-01-16,"12:20:22 PM",119,119,"Chicken Torta",Mexican,11.95
2149,956,2023-01-16,"7:24:40 PM",119,119,"Chicken Torta",Mexican,11.95
2224,987,2023-01-17,"2:41:14 PM",119,119,"Chicken Torta",Mexican,11.95
2269,1012,2023-01-17,"7:25:32 PM",119,119,"Chicken Torta",Mexican,11.95
2274,1014,2023-01-17,"7:38:17 PM",119,119,"Chicken Torta",Mexican,11.95
2346,1043,2023-01-18,"2:07:36 PM",119,119,"Chicken Torta",Mexican,11.95
2370,1056,2023-01-18,"4:12:18 PM",119,119,"Chicken Torta",Mexican,11.95
2381,1061,2023-01-18,"5:17:02 PM",119,119,"Chicken Torta",Mexican,11.95
2388,1064,2023-01-18,"5:30:00 PM",119,119,"Chicken Torta",Mexican,11.95
2465,1093,2023-01-19,"12:33:24 PM",119,119,"Chicken Torta",Mexican,11.95
2478,1096,2023-01-19,"12:56:45 PM",119,119,"Chicken Torta",Mexican,11.95
2521,1116,2023-01-19,"5:09:15 PM",119,119,"Chicken Torta",Mexican,11.95
2586,1144,2023-01-20,"12:02:21 PM",119,119,"Chicken Torta",Mexican,11.95
2596,1149,2023-01-20,"12:22:41 PM",119,119,"Chicken Torta",Mexican,11.95
2624,1154,2023-01-20,"12:59:38 PM",119,119,"Chicken Torta",Mexican,11.95
2645,1167,2023-01-20,"3:28:09 PM",119,119,"Chicken Torta",Mexican,11.95
2706,1200,2023-01-20,"10:14:41 PM",119,119,"Chicken Torta",Mexican,11.95
2722,1206,2023-01-21,"12:38:38 PM",119,119,"Chicken Torta",Mexican,11.95
2764,1223,2023-01-21,"3:36:37 PM",119,119,"Chicken Torta",Mexican,11.95
2784,1232,2023-01-21,"4:50:36 PM",119,119,"Chicken Torta",Mexican,11.95
2980,1315,2023-01-22,"8:46:44 PM",119,119,"Chicken Torta",Mexican,11.95
3007,1324,2023-01-23,"11:46:56 AM",119,119,"Chicken Torta",Mexican,11.95
3019,1331,2023-01-23,"12:54:56 PM",119,119,"Chicken Torta",Mexican,11.95
3029,1338,2023-01-23,"1:47:01 PM",119,119,"Chicken Torta",Mexican,11.95
3088,1366,2023-01-23,"6:07:49 PM",119,119,"Chicken Torta",Mexican,11.95
3109,1376,2023-01-23,"7:13:06 PM",119,119,"Chicken Torta",Mexican,11.95
3117,1379,2023-01-23,"7:33:07 PM",119,119,"Chicken Torta",Mexican,11.95
3161,1399,2023-01-24,"2:07:38 PM",119,119,"Chicken Torta",Mexican,11.95
3178,1409,2023-01-24,"4:06:10 PM",119,119,"Chicken Torta",Mexican,11.95
3189,1413,2023-01-24,"4:48:03 PM",119,119,"Chicken Torta",Mexican,11.95
3195,1416,2023-01-24,"5:18:39 PM",119,119,"Chicken Torta",Mexican,11.95
3212,1423,2023-01-24,"6:32:23 PM",119,119,"Chicken Torta",Mexican,11.95
3221,1427,2023-01-24,"7:26:06 PM",119,119,"Chicken Torta",Mexican,11.95
3236,1433,2023-01-24,"7:43:23 PM",119,119,"Chicken Torta",Mexican,11.95
3240,1435,2023-01-24,"7:44:56 PM",119,119,"Chicken Torta",Mexican,11.95
3268,1447,2023-01-24,"8:41:28 PM",119,119,"Chicken Torta",Mexican,11.95
3281,1452,2023-01-24,"10:32:11 PM",119,119,"Chicken Torta",Mexican,11.95
3303,1458,2023-01-25,"1:46:05 PM",119,119,"Chicken Torta",Mexican,11.95
3323,1469,2023-01-25,"3:23:21 PM",119,119,"Chicken Torta",Mexican,11.95
3332,1473,2023-01-25,"4:36:54 PM",119,119,"Chicken Torta",Mexican,11.95
3333,1473,2023-01-25,"4:36:54 PM",119,119,"Chicken Torta",Mexican,11.95
3338,1475,2023-01-25,"4:59:21 PM",119,119,"Chicken Torta",Mexican,11.95
3344,1478,2023-01-25,"5:26:23 PM",119,119,"Chicken Torta",Mexican,11.95
3414,1507,2023-01-26,"1:02:45 PM",119,119,"Chicken Torta",Mexican,11.95
3423,1512,2023-01-26,"1:27:32 PM",119,119,"Chicken Torta",Mexican,11.95
3442,1523,2023-01-26,"2:38:13 PM",119,119,"Chicken Torta",Mexican,11.95
3500,1554,2023-01-27,"11:57:19 AM",119,119,"Chicken Torta",Mexican,11.95
3525,1567,2023-01-27,"1:31:08 PM",119,119,"Chicken Torta",Mexican,11.95
3575,1585,2023-01-27,"5:14:26 PM",119,119,"Chicken Torta",Mexican,11.95
3595,1593,2023-01-27,"6:06:25 PM",119,119,"Chicken Torta",Mexican,11.95
3605,1598,2023-01-27,"6:31:26 PM",119,119,"Chicken Torta",Mexican,11.95
3607,1599,2023-01-27,"6:33:59 PM",119,119,"Chicken Torta",Mexican,11.95
3627,1610,2023-01-27,"8:43:11 PM",119,119,"Chicken Torta",Mexican,11.95
3694,1639,2023-01-28,"1:37:57 PM",119,119,"Chicken Torta",Mexican,11.95
3806,1686,2023-01-29,"1:37:50 PM",119,119,"Chicken Torta",Mexican,11.95
3822,1697,2023-01-29,"4:01:52 PM",119,119,"Chicken Torta",Mexican,11.95
3824,1698,2023-01-29,"4:04:23 PM",119,119,"Chicken Torta",Mexican,11.95
3831,1703,2023-01-29,"5:47:55 PM",119,119,"Chicken Torta",Mexican,11.95
3861,1718,2023-01-29,"8:15:51 PM",119,119,"Chicken Torta",Mexican,11.95
3879,1728,2023-01-30,"11:30:32 AM",119,119,"Chicken Torta",Mexican,11.95
3883,1730,2023-01-30,"11:39:14 AM",119,119,"Chicken Torta",Mexican,11.95
3887,1732,2023-01-30,"12:20:46 PM",119,119,"Chicken Torta",Mexican,11.95
3952,1759,2023-01-30,"5:49:25 PM",119,119,"Chicken Torta",Mexican,11.95
3970,1769,2023-01-30,"7:28:51 PM",119,119,"Chicken Torta",Mexican,11.95
3979,1774,2023-01-30,"8:07:05 PM",119,119,"Chicken Torta",Mexican,11.95
4108,1826,2023-01-31,"6:33:05 PM",119,119,"Chicken Torta",Mexican,11.95
4109,1826,2023-01-31,"6:33:05 PM",119,119,"Chicken Torta",Mexican,11.95
4127,1834,2023-01-31,"8:26:06 PM",119,119,"Chicken Torta",Mexican,11.95
4199,1865,2023-02-01,"2:09:37 PM",119,119,"Chicken Torta",Mexican,11.95
4212,1869,2023-02-01,"2:37:38 PM",119,119,"Chicken Torta",Mexican,11.95
4213,1869,2023-02-01,"2:37:38 PM",119,119,"Chicken Torta",Mexican,11.95
4303,1912,2023-02-01,"7:01:32 PM",119,119,"Chicken Torta",Mexican,11.95
4317,1920,2023-02-01,"8:04:38 PM",119,119,"Chicken Torta",Mexican,11.95
4326,1924,2023-02-01,"8:40:02 PM",119,119,"Chicken Torta",Mexican,11.95
4351,1935,2023-02-02,"11:24:47 AM",119,119,"Chicken Torta",Mexican,11.95
4411,1963,2023-02-02,"3:59:08 PM",119,119,"Chicken Torta",Mexican,11.95
4438,1972,2023-02-02,"5:35:29 PM",119,119,"Chicken Torta",Mexican,11.95
4460,1985,2023-02-02,"8:00:05 PM",119,119,"Chicken Torta",Mexican,11.95
4524,2004,2023-02-03,"12:24:06 PM",119,119,"Chicken Torta",Mexican,11.95
4606,2044,2023-02-03,"6:33:46 PM",119,119,"Chicken Torta",Mexican,11.95
4612,2047,2023-02-03,"6:47:08 PM",119,119,"Chicken Torta",Mexican,11.95
4767,2110,2023-02-04,"9:16:34 PM",119,119,"Chicken Torta",Mexican,11.95
4807,2126,2023-02-05,"1:31:29 PM",119,119,"Chicken Torta",Mexican,11.95
4858,2148,2023-02-05,"6:15:37 PM",119,119,"Chicken Torta",Mexican,11.95
4894,2168,2023-02-05,"8:59:08 PM",119,119,"Chicken Torta",Mexican,11.95
4895,2169,2023-02-05,"9:23:02 PM",119,119,"Chicken Torta",Mexican,11.95
4898,2171,2023-02-05,"9:48:24 PM",119,119,"Chicken Torta",Mexican,11.95
4955,2189,2023-02-06,"1:14:59 PM",119,119,"Chicken Torta",Mexican,11.95
4965,2193,2023-02-06,"1:21:21 PM",119,119,"Chicken Torta",Mexican,11.95
5078,2250,2023-02-07,"1:31:14 PM",119,119,"Chicken Torta",Mexican,11.95
5104,2259,2023-02-07,"3:41:25 PM",119,119,"Chicken Torta",Mexican,11.95
5111,2262,2023-02-07,"4:36:54 PM",119,119,"Chicken Torta",Mexican,11.95
5150,2280,2023-02-07,"7:14:00 PM",119,119,"Chicken Torta",Mexican,11.95
5166,2289,2023-02-07,"8:29:43 PM",119,119,"Chicken Torta",Mexican,11.95
5175,2292,2023-02-07,"8:57:53 PM",119,119,"Chicken Torta",Mexican,11.95
5179,2294,2023-02-07,"9:16:09 PM",119,119,"Chicken Torta",Mexican,11.95
5180,2295,2023-02-07,"9:21:53 PM",119,119,"Chicken Torta",Mexican,11.95
5190,2299,2023-02-07,"9:55:00 PM",119,119,"Chicken Torta",Mexican,11.95
5204,2306,2023-02-08,"12:45:27 PM",119,119,"Chicken Torta",Mexican,11.95
5207,2308,2023-02-08,"1:03:37 PM",119,119,"Chicken Torta",Mexican,11.95
5231,2315,2023-02-08,"2:33:52 PM",119,119,"Chicken Torta",Mexican,11.95
5239,2319,2023-02-08,"3:10:49 PM",119,119,"Chicken Torta",Mexican,11.95
5260,2330,2023-02-08,"5:19:54 PM",119,119,"Chicken Torta",Mexican,11.95
5297,2346,2023-02-08,"8:25:39 PM",119,119,"Chicken Torta",Mexican,11.95
5307,2351,2023-02-08,"9:52:14 PM",119,119,"Chicken Torta",Mexican,11.95
5308,2351,2023-02-08,"9:52:14 PM",119,119,"Chicken Torta",Mexican,11.95
5314,2354,2023-02-08,"10:36:28 PM",119,119,"Chicken Torta",Mexican,11.95
5330,2363,2023-02-09,"12:35:50 PM",119,119,"Chicken Torta",Mexican,11.95
5339,2364,2023-02-09,"12:52:36 PM",119,119,"Chicken Torta",Mexican,11.95
5383,2378,2023-02-09,"4:05:30 PM",119,119,"Chicken Torta",Mexican,11.95
5399,2385,2023-02-09,"5:23:46 PM",119,119,"Chicken Torta",Mexican,11.95
5410,2391,2023-02-09,"6:05:26 PM",119,119,"Chicken Torta",Mexican,11.95
5443,2404,2023-02-09,"8:09:44 PM",119,119,"Chicken Torta",Mexican,11.95
5469,2417,2023-02-10,"12:38:36 PM",119,119,"Chicken Torta",Mexican,11.95
5480,2423,2023-02-10,"1:04:06 PM",119,119,"Chicken Torta",Mexican,11.95
5508,2434,2023-02-10,"2:25:40 PM",119,119,"Chicken Torta",Mexican,11.95
5603,2482,2023-02-11,"12:55:29 PM",119,119,"Chicken Torta",Mexican,11.95
5649,2504,2023-02-11,"5:12:25 PM",119,119,"Chicken Torta",Mexican,11.95
5723,2535,2023-02-11,"9:45:46 PM",119,119,"Chicken Torta",Mexican,11.95
5728,2538,2023-02-12,"11:37:34 AM",119,119,"Chicken Torta",Mexican,11.95
5734,2541,2023-02-12,"11:54:44 AM",119,119,"Chicken Torta",Mexican,11.95
5798,2569,2023-02-12,"3:53:59 PM",119,119,"Chicken Torta",Mexican,11.95
5828,2584,2023-02-12,"6:25:21 PM",119,119,"Chicken Torta",Mexican,11.95
5855,2596,2023-02-13,"11:27:46 AM",119,119,"Chicken Torta",Mexican,11.95
5864,2601,2023-02-13,"12:03:27 PM",119,119,"Chicken Torta",Mexican,11.95
5871,2602,2023-02-13,"12:10:01 PM",119,119,"Chicken Torta",Mexican,11.95
5904,2615,2023-02-13,"1:54:55 PM",119,119,"Chicken Torta",Mexican,11.95
5954,2638,2023-02-13,"6:27:27 PM",119,119,"Chicken Torta",Mexican,11.95
6010,2664,2023-02-13,"10:38:02 PM",119,119,"Chicken Torta",Mexican,11.95
6019,2670,2023-02-14,"1:13:51 PM",119,119,"Chicken Torta",Mexican,11.95
6110,2708,2023-02-14,"7:40:04 PM",119,119,"Chicken Torta",Mexican,11.95
6160,2725,2023-02-15,"11:52:00 AM",119,119,"Chicken Torta",Mexican,11.95
6168,2727,2023-02-15,"11:56:33 AM",119,119,"Chicken Torta",Mexican,11.95
6203,2746,2023-02-15,"5:10:49 PM",119,119,"Chicken Torta",Mexican,11.95
6204,2746,2023-02-15,"5:10:49 PM",119,119,"Chicken Torta",Mexican,11.95
6259,2771,2023-02-15,"8:54:46 PM",119,119,"Chicken Torta",Mexican,11.95
6295,2784,2023-02-16,"12:16:21 PM",119,119,"Chicken Torta",Mexican,11.95
6297,2785,2023-02-16,"12:17:18 PM",119,119,"Chicken Torta",Mexican,11.95
6320,2793,2023-02-16,"1:12:48 PM",119,119,"Chicken Torta",Mexican,11.95
6358,2811,2023-02-16,"6:03:29 PM",119,119,"Chicken Torta",Mexican,11.95
6360,2812,2023-02-16,"6:13:00 PM",119,119,"Chicken Torta",Mexican,11.95
6420,2843,2023-02-17,"1:36:33 PM",119,119,"Chicken Torta",Mexican,11.95
6434,2848,2023-02-17,"2:02:20 PM",119,119,"Chicken Torta",Mexican,11.95
6436,2849,2023-02-17,"2:07:24 PM",119,119,"Chicken Torta",Mexican,11.95
6445,2851,2023-02-17,"2:23:26 PM",119,119,"Chicken Torta",Mexican,11.95
6534,2892,2023-02-18,"11:41:20 AM",119,119,"Chicken Torta",Mexican,11.95
6554,2898,2023-02-18,"12:26:20 PM",119,119,"Chicken Torta",Mexican,11.95
6557,2901,2023-02-18,"1:00:48 PM",119,119,"Chicken Torta",Mexican,11.95
6568,2905,2023-02-18,"1:32:59 PM",119,119,"Chicken Torta",Mexican,11.95
6570,2906,2023-02-18,"1:34:49 PM",119,119,"Chicken Torta",Mexican,11.95
6614,2924,2023-02-18,"6:00:30 PM",119,119,"Chicken Torta",Mexican,11.95
6618,2925,2023-02-18,"6:03:20 PM",119,119,"Chicken Torta",Mexican,11.95
6628,2930,2023-02-18,"6:39:01 PM",119,119,"Chicken Torta",Mexican,11.95
6632,2931,2023-02-18,"6:43:05 PM",119,119,"Chicken Torta",Mexican,11.95
6674,2945,2023-02-18,"9:30:26 PM",119,119,"Chicken Torta",Mexican,11.95
6705,2958,2023-02-19,"12:56:06 PM",119,119,"Chicken Torta",Mexican,11.95
6793,3000,2023-02-19,"7:57:23 PM",119,119,"Chicken Torta",Mexican,11.95
6826,3014,2023-02-20,"12:58:29 PM",119,119,"Chicken Torta",Mexican,11.95
6861,3029,2023-02-20,"1:55:24 PM",119,119,"Chicken Torta",Mexican,11.95
6866,3030,2023-02-20,"1:59:16 PM",119,119,"Chicken Torta",Mexican,11.95
6871,3032,2023-02-20,"2:08:19 PM",119,119,"Chicken Torta",Mexican,11.95
6872,3032,2023-02-20,"2:08:19 PM",119,119,"Chicken Torta",Mexican,11.95
6914,3050,2023-02-20,"5:54:22 PM",119,119,"Chicken Torta",Mexican,11.95
6942,3064,2023-02-20,"8:06:45 PM",119,119,"Chicken Torta",Mexican,11.95
7026,3097,2023-02-21,"3:25:30 PM",119,119,"Chicken Torta",Mexican,11.95
7119,3140,2023-02-22,"1:40:06 PM",119,119,"Chicken Torta",Mexican,11.95
7126,3143,2023-02-22,"3:16:59 PM",119,119,"Chicken Torta",Mexican,11.95
7210,3180,2023-02-23,"12:44:52 PM",119,119,"Chicken Torta",Mexican,11.95
7273,3204,2023-02-23,"5:29:25 PM",119,119,"Chicken Torta",Mexican,11.95
7294,3214,2023-02-23,"6:39:22 PM",119,119,"Chicken Torta",Mexican,11.95
7303,3217,2023-02-23,"7:56:16 PM",119,119,"Chicken Torta",Mexican,11.95
7306,3219,2023-02-23,"8:21:54 PM",119,119,"Chicken Torta",Mexican,11.95
7377,3250,2023-02-24,"4:09:29 PM",119,119,"Chicken Torta",Mexican,11.95
7403,3261,2023-02-24,"5:50:57 PM",119,119,"Chicken Torta",Mexican,11.95
7443,3280,2023-02-24,"9:48:31 PM",119,119,"Chicken Torta",Mexican,11.95
7477,3292,2023-02-25,"12:39:18 PM",119,119,"Chicken Torta",Mexican,11.95
7578,3339,2023-02-25,"8:27:43 PM",119,119,"Chicken Torta",Mexican,11.95
7638,3363,2023-02-26,"1:52:23 PM",119,119,"Chicken Torta",Mexican,11.95
7688,3385,2023-02-26,"5:45:02 PM",119,119,"Chicken Torta",Mexican,11.95
7709,3394,2023-02-26,"7:03:13 PM",119,119,"Chicken Torta",Mexican,11.95
7715,3397,2023-02-26,"7:25:04 PM",119,119,"Chicken Torta",Mexican,11.95
7740,3407,2023-02-27,"12:09:41 PM",119,119,"Chicken Torta",Mexican,11.95
7769,3418,2023-02-27,"1:07:39 PM",119,119,"Chicken Torta",Mexican,11.95
7823,3440,2023-02-27,"5:38:36 PM",119,119,"Chicken Torta",Mexican,11.95
7845,3448,2023-02-27,"6:30:33 PM",119,119,"Chicken Torta",Mexican,11.95
7892,3469,2023-02-27,"9:39:53 PM",119,119,"Chicken Torta",Mexican,11.95
7918,3476,2023-02-28,"12:08:55 PM",119,119,"Chicken Torta",Mexican,11.95
7970,3501,2023-02-28,"5:45:11 PM",119,119,"Chicken Torta",Mexican,11.95
8089,3549,2023-03-01,"4:58:16 PM",119,119,"Chicken Torta",Mexican,11.95
8150,3582,2023-03-02,"11:55:07 AM",119,119,"Chicken Torta",Mexican,11.95
8209,3605,2023-03-02,"3:27:51 PM",119,119,"Chicken Torta",Mexican,11.95
8241,3618,2023-03-02,"5:33:55 PM",119,119,"Chicken Torta",Mexican,11.95
8248,3622,2023-03-02,"6:06:22 PM",119,119,"Chicken Torta",Mexican,11.95
8257,3626,2023-03-02,"6:29:51 PM",119,119,"Chicken Torta",Mexican,11.95
8297,3643,2023-03-03,"12:39:57 PM",119,119,"Chicken Torta",Mexican,11.95
8302,3647,2023-03-03,"1:01:48 PM",119,119,"Chicken Torta",Mexican,11.95
8343,3659,2023-03-03,"2:03:25 PM",119,119,"Chicken Torta",Mexican,11.95
8380,3671,2023-03-03,"5:27:27 PM",119,119,"Chicken Torta",Mexican,11.95
8410,3686,2023-03-03,"8:20:00 PM",119,119,"Chicken Torta",Mexican,11.95
8421,3691,2023-03-04,"11:23:00 AM",119,119,"Chicken Torta",Mexican,11.95
8461,3705,2023-03-04,"1:15:42 PM",119,119,"Chicken Torta",Mexican,11.95
8473,3710,2023-03-04,"1:48:40 PM",119,119,"Chicken Torta",Mexican,11.95
8506,3726,2023-03-04,"5:11:50 PM",119,119,"Chicken Torta",Mexican,11.95
8510,3728,2023-03-04,"5:30:38 PM",119,119,"Chicken Torta",Mexican,11.95
8530,3734,2023-03-04,"6:23:25 PM",119,119,"Chicken Torta",Mexican,11.95
8586,3764,2023-03-05,"1:06:59 PM",119,119,"Chicken Torta",Mexican,11.95
8601,3772,2023-03-05,"1:38:19 PM",119,119,"Chicken Torta",Mexican,11.95
8630,3781,2023-03-05,"3:25:06 PM",119,119,"Chicken Torta",Mexican,11.95
8653,3791,2023-03-05,"4:26:30 PM",119,119,"Chicken Torta",Mexican,11.95
8669,3798,2023-03-05,"5:24:03 PM",119,119,"Chicken Torta",Mexican,11.95
8683,3802,2023-03-05,"6:03:09 PM",119,119,"Chicken Torta",Mexican,11.95
8686,3805,2023-03-05,"6:21:32 PM",119,119,"Chicken Torta",Mexican,11.95
8706,3816,2023-03-06,"12:05:44 PM",119,119,"Chicken Torta",Mexican,11.95
8721,3821,2023-03-06,"12:29:52 PM",119,119,"Chicken Torta",Mexican,11.95
8730,3827,2023-03-06,"12:42:55 PM",119,119,"Chicken Torta",Mexican,11.95
8777,3851,2023-03-06,"5:15:19 PM",119,119,"Chicken Torta",Mexican,11.95
8795,3858,2023-03-06,"6:42:52 PM",119,119,"Chicken Torta",Mexican,11.95
8796,3858,2023-03-06,"6:42:52 PM",119,119,"Chicken Torta",Mexican,11.95
8825,3869,2023-03-06,"8:29:18 PM",119,119,"Chicken Torta",Mexican,11.95
8834,3872,2023-03-06,"9:18:50 PM",119,119,"Chicken Torta",Mexican,11.95
8851,3880,2023-03-07,"11:38:08 AM",119,119,"Chicken Torta",Mexican,11.95
8920,3909,2023-03-07,"6:23:27 PM",119,119,"Chicken Torta",Mexican,11.95
8956,3924,2023-03-07,"8:33:42 PM",119,119,"Chicken Torta",Mexican,11.95
8975,3933,2023-03-07,"10:18:41 PM",119,119,"Chicken Torta",Mexican,11.95
9025,3955,2023-03-08,"2:46:52 PM",119,119,"Chicken Torta",Mexican,11.95
9044,3966,2023-03-08,"4:32:58 PM",119,119,"Chicken Torta",Mexican,11.95
9049,3968,2023-03-08,"4:55:44 PM",119,119,"Chicken Torta",Mexican,11.95
9092,3987,2023-03-08,"6:33:21 PM",119,119,"Chicken Torta",Mexican,11.95
9096,3989,2023-03-08,"7:53:16 PM",119,119,"Chicken Torta",Mexican,11.95
9126,4002,2023-03-09,"11:46:21 AM",119,119,"Chicken Torta",Mexican,11.95
9134,4005,2023-03-09,"12:40:14 PM",119,119,"Chicken Torta",Mexican,11.95
9184,4023,2023-03-09,"4:18:37 PM",119,119,"Chicken Torta",Mexican,11.95
9232,4045,2023-03-09,"7:07:54 PM",119,119,"Chicken Torta",Mexican,11.95
9257,4056,2023-03-10,"11:25:36 AM",119,119,"Chicken Torta",Mexican,11.95
9348,4093,2023-03-10,"5:11:16 PM",119,119,"Chicken Torta",Mexican,11.95
9451,4136,2023-03-11,"2:33:24 PM",119,119,"Chicken Torta",Mexican,11.95
9461,4142,2023-03-11,"3:36:22 PM",119,119,"Chicken Torta",Mexican,11.95
9507,4165,2023-03-11,"6:39:21 PM",119,119,"Chicken Torta",Mexican,11.95
9535,4179,2023-03-12,"11:56:55 AM",119,119,"Chicken Torta",Mexican,11.95
9546,4184,2023-03-12,"12:19:43 PM",119,119,"Chicken Torta",Mexican,11.95
9547,4184,2023-03-12,"12:19:43 PM",119,119,"Chicken Torta",Mexican,11.95
9557,4186,2023-03-12,"12:38:05 PM",119,119,"Chicken Torta",Mexican,11.95
9604,4207,2023-03-12,"4:39:49 PM",119,119,"Chicken Torta",Mexican,11.95
9605,4207,2023-03-12,"4:39:49 PM",119,119,"Chicken Torta",Mexican,11.95
9629,4219,2023-03-12,"6:45:21 PM",119,119,"Chicken Torta",Mexican,11.95
9638,4224,2023-03-12,"8:19:32 PM",119,119,"Chicken Torta",Mexican,11.95
9664,4233,2023-03-13,"12:26:06 PM",119,119,"Chicken Torta",Mexican,11.95
9715,4255,2023-03-13,"5:02:19 PM",119,119,"Chicken Torta",Mexican,11.95
9756,4272,2023-03-13,"7:00:06 PM",119,119,"Chicken Torta",Mexican,11.95
9834,4305,2023-03-14,"1:09:20 PM",119,119,"Chicken Torta",Mexican,11.95
9885,4327,2023-03-14,"4:54:36 PM",119,119,"Chicken Torta",Mexican,11.95
9907,4341,2023-03-14,"7:05:47 PM",119,119,"Chicken Torta",Mexican,11.95
9915,4343,2023-03-14,"7:53:17 PM",119,119,"Chicken Torta",Mexican,11.95
10025,4386,2023-03-15,"5:30:07 PM",119,119,"Chicken Torta",Mexican,11.95
10048,4396,2023-03-15,"7:37:36 PM",119,119,"Chicken Torta",Mexican,11.95
10068,4406,2023-03-16,"12:04:29 PM",119,119,"Chicken Torta",Mexican,11.95
10098,4422,2023-03-16,"1:14:57 PM",119,119,"Chicken Torta",Mexican,11.95
10120,4428,2023-03-16,"2:00:48 PM",119,119,"Chicken Torta",Mexican,11.95
10140,4440,2023-03-16,"4:47:41 PM",119,119,"Chicken Torta",Mexican,11.95
10302,4506,2023-03-17,"5:18:34 PM",119,119,"Chicken Torta",Mexican,11.95
10323,4514,2023-03-17,"6:29:17 PM",119,119,"Chicken Torta",Mexican,11.95
10330,4519,2023-03-17,"7:13:55 PM",119,119,"Chicken Torta",Mexican,11.95
10340,4524,2023-03-17,"7:34:54 PM",119,119,"Chicken Torta",Mexican,11.95
10346,4526,2023-03-17,"7:37:48 PM",119,119,"Chicken Torta",Mexican,11.95
10378,4540,2023-03-17,"9:58:59 PM",119,119,"Chicken Torta",Mexican,11.95
10421,4562,2023-03-18,"1:45:29 PM",119,119,"Chicken Torta",Mexican,11.95
10437,4570,2023-03-18,"5:02:20 PM",119,119,"Chicken Torta",Mexican,11.95
10440,4572,2023-03-18,"5:23:10 PM",119,119,"Chicken Torta",Mexican,11.95
10560,4624,2023-03-19,"2:59:35 PM",119,119,"Chicken Torta",Mexican,11.95
10563,4625,2023-03-19,"3:42:30 PM",119,119,"Chicken Torta",Mexican,11.95
10588,4636,2023-03-19,"5:58:30 PM",119,119,"Chicken Torta",Mexican,11.95
10627,4652,2023-03-19,"7:57:11 PM",119,119,"Chicken Torta",Mexican,11.95
10668,4668,2023-03-20,"12:53:37 PM",119,119,"Chicken Torta",Mexican,11.95
10690,4678,2023-03-20,"1:52:15 PM",119,119,"Chicken Torta",Mexican,11.95
10743,4706,2023-03-20,"7:16:21 PM",119,119,"Chicken Torta",Mexican,11.95
10777,4722,2023-03-20,"9:49:53 PM",119,119,"Chicken Torta",Mexican,11.95
10861,4755,2023-03-21,"4:40:27 PM",119,119,"Chicken Torta",Mexican,11.95
10894,4768,2023-03-21,"7:32:01 PM",119,119,"Chicken Torta",Mexican,11.95
10923,4783,2023-03-22,"12:01:30 PM",119,119,"Chicken Torta",Mexican,11.95
10996,4818,2023-03-22,"9:31:24 PM",119,119,"Chicken Torta",Mexican,11.95
11056,4841,2023-03-23,"1:45:24 PM",119,119,"Chicken Torta",Mexican,11.95
11088,4858,2023-03-23,"5:20:36 PM",119,119,"Chicken Torta",Mexican,11.95
11125,4878,2023-03-23,"10:12:04 PM",119,119,"Chicken Torta",Mexican,11.95
11175,4902,2023-03-24,"3:31:33 PM",119,119,"Chicken Torta",Mexican,11.95
11207,4919,2023-03-24,"5:39:17 PM",119,119,"Chicken Torta",Mexican,11.95
11253,4939,2023-03-24,"10:20:17 PM",119,119,"Chicken Torta",Mexican,11.95
11282,4954,2023-03-25,"1:02:58 PM",119,119,"Chicken Torta",Mexican,11.95
11300,4964,2023-03-25,"3:42:29 PM",119,119,"Chicken Torta",Mexican,11.95
11340,4979,2023-03-25,"6:57:01 PM",119,119,"Chicken Torta",Mexican,11.95
11387,5005,2023-03-26,"12:18:13 PM",119,119,"Chicken Torta",Mexican,11.95
11453,5033,2023-03-26,"4:30:33 PM",119,119,"Chicken Torta",Mexican,11.95
11488,5051,2023-03-26,"6:49:21 PM",119,119,"Chicken Torta",Mexican,11.95
11495,5056,2023-03-26,"8:01:53 PM",119,119,"Chicken Torta",Mexican,11.95
11538,5074,2023-03-27,"1:05:06 PM",119,119,"Chicken Torta",Mexican,11.95
11563,5084,2023-03-27,"2:33:30 PM",119,119,"Chicken Torta",Mexican,11.95
11636,5116,2023-03-27,"7:30:46 PM",119,119,"Chicken Torta",Mexican,11.95
11648,5120,2023-03-27,"7:59:09 PM",119,119,"Chicken Torta",Mexican,11.95
11688,5137,2023-03-28,"12:40:38 PM",119,119,"Chicken Torta",Mexican,11.95
11754,5165,2023-03-28,"5:26:43 PM",119,119,"Chicken Torta",Mexican,11.95
11756,5166,2023-03-28,"5:47:46 PM",119,119,"Chicken Torta",Mexican,11.95
11857,5205,2023-03-29,"1:54:15 PM",119,119,"Chicken Torta",Mexican,11.95
11879,5215,2023-03-29,"3:59:36 PM",119,119,"Chicken Torta",Mexican,11.95
11906,5226,2023-03-29,"5:43:56 PM",119,119,"Chicken Torta",Mexican,11.95
11925,5234,2023-03-29,"7:05:13 PM",119,119,"Chicken Torta",Mexican,11.95
11941,5245,2023-03-29,"8:29:18 PM",119,119,"Chicken Torta",Mexican,11.95
11989,5266,2023-03-30,"1:53:43 PM",119,119,"Chicken Torta",Mexican,11.95
11990,5266,2023-03-30,"1:53:43 PM",119,119,"Chicken Torta",Mexican,11.95
12048,5293,2023-03-30,"6:45:13 PM",119,119,"Chicken Torta",Mexican,11.95
12102,5317,2023-03-31,"1:04:13 PM",119,119,"Chicken Torta",Mexican,11.95
12129,5327,2023-03-31,"1:51:47 PM",119,119,"Chicken Torta",Mexican,11.95
12155,5337,2023-03-31,"3:34:31 PM",119,119,"Chicken Torta",Mexican,11.95
12167,5344,2023-03-31,"5:22:40 PM",119,119,"Chicken Torta",Mexican,11.95
12210,5363,2023-03-31,"8:15:58 PM",119,119,"Chicken Torta",Mexican,11.95
12225,5367,2023-03-31,"9:58:06 PM",119,119,"Chicken Torta",Mexican,11.95
55,19,2023-01-01,"1:59:09 PM",120,120,"Steak Torta",Mexican,13.95
67,25,2023-01-01,"2:44:44 PM",120,120,"Steak Torta",Mexican,13.95
121,49,2023-01-01,"6:33:00 PM",120,120,"Steak Torta",Mexican,13.95
152,65,2023-01-01,"9:16:00 PM",120,120,"Steak Torta",Mexican,13.95
210,90,2023-01-02,"3:08:48 PM",120,120,"Steak Torta",Mexican,13.95
224,93,2023-01-02,"3:29:31 PM",120,120,"Steak Torta",Mexican,13.95
275,114,2023-01-02,"6:59:32 PM",120,120,"Steak Torta",Mexican,13.95
281,117,2023-01-02,"7:23:02 PM",120,120,"Steak Torta",Mexican,13.95
290,121,2023-01-02,"7:38:48 PM",120,120,"Steak Torta",Mexican,13.95
295,124,2023-01-02,"8:12:34 PM",120,120,"Steak Torta",Mexican,13.95
328,138,2023-01-03,"11:44:50 AM",120,120,"Steak Torta",Mexican,13.95
378,157,2023-01-03,"3:43:03 PM",120,120,"Steak Torta",Mexican,13.95
403,169,2023-01-03,"5:15:48 PM",120,120,"Steak Torta",Mexican,13.95
423,179,2023-01-03,"6:20:14 PM",120,120,"Steak Torta",Mexican,13.95
434,185,2023-01-03,"7:08:33 PM",120,120,"Steak Torta",Mexican,13.95
453,192,2023-01-03,"8:30:08 PM",120,120,"Steak Torta",Mexican,13.95
460,196,2023-01-03,"9:40:14 PM",120,120,"Steak Torta",Mexican,13.95
521,222,2023-01-04,"3:46:38 PM",120,120,"Steak Torta",Mexican,13.95
555,241,2023-01-04,"8:11:25 PM",120,120,"Steak Torta",Mexican,13.95
569,247,2023-01-04,"8:55:29 PM",120,120,"Steak Torta",Mexican,13.95
599,265,2023-01-05,"1:04:42 PM",120,120,"Steak Torta",Mexican,13.95
617,271,2023-01-05,"2:22:19 PM",120,120,"Steak Torta",Mexican,13.95
628,275,2023-01-05,"2:38:14 PM",120,120,"Steak Torta",Mexican,13.95
638,281,2023-01-05,"4:33:48 PM",120,120,"Steak Torta",Mexican,13.95
653,287,2023-01-05,"5:30:09 PM",120,120,"Steak Torta",Mexican,13.95
693,305,2023-01-05,"8:35:40 PM",120,120,"Steak Torta",Mexican,13.95
707,311,2023-01-06,"11:57:27 AM",120,120,"Steak Torta",Mexican,13.95
711,312,2023-01-06,"12:05:21 PM",120,120,"Steak Torta",Mexican,13.95
759,330,2023-01-06,"1:27:11 PM",120,120,"Steak Torta",Mexican,13.95
765,332,2023-01-06,"2:12:01 PM",120,120,"Steak Torta",Mexican,13.95
784,342,2023-01-06,"3:44:12 PM",120,120,"Steak Torta",Mexican,13.95
849,373,2023-01-07,"11:45:18 AM",120,120,"Steak Torta",Mexican,13.95
893,392,2023-01-07,"1:36:47 PM",120,120,"Steak Torta",Mexican,13.95
905,394,2023-01-07,"2:02:18 PM",120,120,"Steak Torta",Mexican,13.95
929,405,2023-01-07,"4:44:16 PM",120,120,"Steak Torta",Mexican,13.95
954,418,2023-01-07,"6:40:11 PM",120,120,"Steak Torta",Mexican,13.95
968,423,2023-01-07,"7:45:07 PM",120,120,"Steak Torta",Mexican,13.95
972,426,2023-01-07,"8:25:45 PM",120,120,"Steak Torta",Mexican,13.95
979,430,2023-01-07,"10:46:13 PM",120,120,"Steak Torta",Mexican,13.95
1027,443,2023-01-08,"12:34:20 PM",120,120,"Steak Torta",Mexican,13.95
1028,443,2023-01-08,"12:34:20 PM",120,120,"Steak Torta",Mexican,13.95
1038,446,2023-01-08,"12:58:01 PM",120,120,"Steak Torta",Mexican,13.95
1042,448,2023-01-08,"1:03:34 PM",120,120,"Steak Torta",Mexican,13.95
1050,452,2023-01-08,"1:24:11 PM",120,120,"Steak Torta",Mexican,13.95
1053,453,2023-01-08,"1:27:14 PM",120,120,"Steak Torta",Mexican,13.95
1081,469,2023-01-08,"3:37:18 PM",120,120,"Steak Torta",Mexican,13.95
1117,487,2023-01-08,"6:30:16 PM",120,120,"Steak Torta",Mexican,13.95
1129,492,2023-01-08,"7:06:21 PM",120,120,"Steak Torta",Mexican,13.95
1137,495,2023-01-08,"7:42:52 PM",120,120,"Steak Torta",Mexican,13.95
1152,503,2023-01-09,"11:16:21 AM",120,120,"Steak Torta",Mexican,13.95
1180,518,2023-01-09,"1:11:25 PM",120,120,"Steak Torta",Mexican,13.95
1192,522,2023-01-09,"2:09:33 PM",120,120,"Steak Torta",Mexican,13.95
1196,524,2023-01-09,"2:51:35 PM",120,120,"Steak Torta",Mexican,13.95
1235,544,2023-01-09,"6:31:04 PM",120,120,"Steak Torta",Mexican,13.95
1261,557,2023-01-09,"8:30:06 PM",120,120,"Steak Torta",Mexican,13.95
1280,567,2023-01-10,"12:27:47 PM",120,120,"Steak Torta",Mexican,13.95
1281,567,2023-01-10,"12:27:47 PM",120,120,"Steak Torta",Mexican,13.95
1317,584,2023-01-10,"3:05:29 PM",120,120,"Steak Torta",Mexican,13.95
1419,630,2023-01-11,"11:42:08 AM",120,120,"Steak Torta",Mexican,13.95
1433,635,2023-01-11,"12:18:31 PM",120,120,"Steak Torta",Mexican,13.95
1465,649,2023-01-11,"2:29:23 PM",120,120,"Steak Torta",Mexican,13.95
1476,654,2023-01-11,"4:34:07 PM",120,120,"Steak Torta",Mexican,13.95
1487,659,2023-01-11,"4:56:39 PM",120,120,"Steak Torta",Mexican,13.95
1531,680,2023-01-11,"9:07:30 PM",120,120,"Steak Torta",Mexican,13.95
1569,700,2023-01-12,"2:31:13 PM",120,120,"Steak Torta",Mexican,13.95
1573,702,2023-01-12,"2:38:35 PM",120,120,"Steak Torta",Mexican,13.95
1594,711,2023-01-12,"4:21:10 PM",120,120,"Steak Torta",Mexican,13.95
1615,720,2023-01-12,"5:53:59 PM",120,120,"Steak Torta",Mexican,13.95
1629,726,2023-01-12,"6:34:25 PM",120,120,"Steak Torta",Mexican,13.95
1630,727,2023-01-12,"6:44:57 PM",120,120,"Steak Torta",Mexican,13.95
1636,729,2023-01-12,"7:20:41 PM",120,120,"Steak Torta",Mexican,13.95
1638,731,2023-01-12,"7:27:47 PM",120,120,"Steak Torta",Mexican,13.95
1663,740,2023-01-13,"12:29:51 PM",120,120,"Steak Torta",Mexican,13.95
1682,747,2023-01-13,"2:15:02 PM",120,120,"Steak Torta",Mexican,13.95
1712,761,2023-01-13,"4:30:20 PM",120,120,"Steak Torta",Mexican,13.95
1724,765,2023-01-13,"5:11:41 PM",120,120,"Steak Torta",Mexican,13.95
1732,770,2023-01-13,"5:44:13 PM",120,120,"Steak Torta",Mexican,13.95
1734,771,2023-01-13,"5:59:32 PM",120,120,"Steak Torta",Mexican,13.95
1773,788,2023-01-14,"11:46:19 AM",120,120,"Steak Torta",Mexican,13.95
1811,801,2023-01-14,"1:10:53 PM",120,120,"Steak Torta",Mexican,13.95
1812,801,2023-01-14,"1:10:53 PM",120,120,"Steak Torta",Mexican,13.95
1844,818,2023-01-14,"5:15:50 PM",120,120,"Steak Torta",Mexican,13.95
1845,818,2023-01-14,"5:15:50 PM",120,120,"Steak Torta",Mexican,13.95
1847,819,2023-01-14,"5:21:39 PM",120,120,"Steak Torta",Mexican,13.95
1858,824,2023-01-14,"5:53:41 PM",120,120,"Steak Torta",Mexican,13.95
1860,825,2023-01-14,"6:06:06 PM",120,120,"Steak Torta",Mexican,13.95
1915,849,2023-01-15,"12:08:30 PM",120,120,"Steak Torta",Mexican,13.95
1927,855,2023-01-15,"12:56:54 PM",120,120,"Steak Torta",Mexican,13.95
1940,860,2023-01-15,"1:07:53 PM",120,120,"Steak Torta",Mexican,13.95
1949,864,2023-01-15,"2:04:23 PM",120,120,"Steak Torta",Mexican,13.95
1990,885,2023-01-15,"4:57:55 PM",120,120,"Steak Torta",Mexican,13.95
1994,886,2023-01-15,"5:05:35 PM",120,120,"Steak Torta",Mexican,13.95
1998,888,2023-01-15,"5:14:27 PM",120,120,"Steak Torta",Mexican,13.95
2032,907,2023-01-15,"8:54:32 PM",120,120,"Steak Torta",Mexican,13.95
2075,926,2023-01-16,"1:51:38 PM",120,120,"Steak Torta",Mexican,13.95
2103,936,2023-01-16,"4:19:19 PM",120,120,"Steak Torta",Mexican,13.95
2117,943,2023-01-16,"5:22:00 PM",120,120,"Steak Torta",Mexican,13.95
2165,963,2023-01-16,"8:06:41 PM",120,120,"Steak Torta",Mexican,13.95
2172,966,2023-01-16,"8:59:17 PM",120,120,"Steak Torta",Mexican,13.95
2183,971,2023-01-16,"9:46:20 PM",120,120,"Steak Torta",Mexican,13.95
2207,980,2023-01-17,"12:58:36 PM",120,120,"Steak Torta",Mexican,13.95
2256,1005,2023-01-17,"5:49:51 PM",120,120,"Steak Torta",Mexican,13.95
2279,1016,2023-01-17,"7:44:36 PM",120,120,"Steak Torta",Mexican,13.95
2305,1028,2023-01-17,"10:02:45 PM",120,120,"Steak Torta",Mexican,13.95
2306,1029,2023-01-17,"10:06:27 PM",120,120,"Steak Torta",Mexican,13.95
2310,1030,2023-01-17,"10:13:59 PM",120,120,"Steak Torta",Mexican,13.95
2321,1034,2023-01-18,"12:07:59 PM",120,120,"Steak Torta",Mexican,13.95
2341,1041,2023-01-18,"1:59:47 PM",120,120,"Steak Torta",Mexican,13.95
2347,1043,2023-01-18,"2:07:36 PM",120,120,"Steak Torta",Mexican,13.95
2400,1068,2023-01-18,"6:16:32 PM",120,120,"Steak Torta",Mexican,13.95
2403,1069,2023-01-18,"6:19:47 PM",120,120,"Steak Torta",Mexican,13.95
2427,1080,2023-01-18,"9:22:58 PM",120,120,"Steak Torta",Mexican,13.95
2502,1106,2023-01-19,"3:17:39 PM",120,120,"Steak Torta",Mexican,13.95
2504,1108,2023-01-19,"4:18:49 PM",120,120,"Steak Torta",Mexican,13.95
2518,1115,2023-01-19,"5:08:55 PM",120,120,"Steak Torta",Mexican,13.95
2572,1139,2023-01-20,"11:25:59 AM",120,120,"Steak Torta",Mexican,13.95
2581,1142,2023-01-20,"11:36:48 AM",120,120,"Steak Torta",Mexican,13.95
2618,1153,2023-01-20,"12:56:30 PM",120,120,"Steak Torta",Mexican,13.95
2660,1175,2023-01-20,"5:05:14 PM",120,120,"Steak Torta",Mexican,13.95
2664,1176,2023-01-20,"5:05:19 PM",120,120,"Steak Torta",Mexican,13.95
2693,1193,2023-01-20,"8:26:22 PM",120,120,"Steak Torta",Mexican,13.95
2713,1204,2023-01-21,"12:23:38 PM",120,120,"Steak Torta",Mexican,13.95
2723,1206,2023-01-21,"12:38:38 PM",120,120,"Steak Torta",Mexican,13.95
2724,1206,2023-01-21,"12:38:38 PM",120,120,"Steak Torta",Mexican,13.95
2756,1219,2023-01-21,"3:13:10 PM",120,120,"Steak Torta",Mexican,13.95
2768,1225,2023-01-21,"3:59:07 PM",120,120,"Steak Torta",Mexican,13.95
2798,1237,2023-01-21,"6:10:40 PM",120,120,"Steak Torta",Mexican,13.95
2810,1242,2023-01-21,"6:50:51 PM",120,120,"Steak Torta",Mexican,13.95
2811,1242,2023-01-21,"6:50:51 PM",120,120,"Steak Torta",Mexican,13.95
2839,1254,2023-01-22,"11:56:03 AM",120,120,"Steak Torta",Mexican,13.95
2845,1257,2023-01-22,"12:07:53 PM",120,120,"Steak Torta",Mexican,13.95
2892,1274,2023-01-22,"1:24:14 PM",120,120,"Steak Torta",Mexican,13.95
2907,1281,2023-01-22,"3:13:10 PM",120,120,"Steak Torta",Mexican,13.95
2944,1297,2023-01-22,"5:51:53 PM",120,120,"Steak Torta",Mexican,13.95
2951,1299,2023-01-22,"5:56:07 PM",120,120,"Steak Torta",Mexican,13.95
2965,1305,2023-01-22,"7:24:01 PM",120,120,"Steak Torta",Mexican,13.95
3002,1323,2023-01-23,"11:45:37 AM",120,120,"Steak Torta",Mexican,13.95
3068,1356,2023-01-23,"5:11:00 PM",120,120,"Steak Torta",Mexican,13.95
3092,1367,2023-01-23,"6:09:22 PM",120,120,"Steak Torta",Mexican,13.95
3136,1387,2023-01-23,"9:11:38 PM",120,120,"Steak Torta",Mexican,13.95
3173,1405,2023-01-24,"3:00:13 PM",120,120,"Steak Torta",Mexican,13.95
3181,1410,2023-01-24,"4:17:38 PM",120,120,"Steak Torta",Mexican,13.95
3190,1413,2023-01-24,"4:48:03 PM",120,120,"Steak Torta",Mexican,13.95
3191,1414,2023-01-24,"4:49:15 PM",120,120,"Steak Torta",Mexican,13.95
3201,1418,2023-01-24,"5:50:34 PM",120,120,"Steak Torta",Mexican,13.95
3241,1435,2023-01-24,"7:44:56 PM",120,120,"Steak Torta",Mexican,13.95
3325,1470,2023-01-25,"3:29:05 PM",120,120,"Steak Torta",Mexican,13.95
3347,1479,2023-01-25,"5:30:14 PM",120,120,"Steak Torta",Mexican,13.95
3377,1494,2023-01-25,"9:01:50 PM",120,120,"Steak Torta",Mexican,13.95
3390,1500,2023-01-26,"11:52:57 AM",120,120,"Steak Torta",Mexican,13.95
3420,1509,2023-01-26,"1:08:25 PM",120,120,"Steak Torta",Mexican,13.95
3427,1514,2023-01-26,"1:51:21 PM",120,120,"Steak Torta",Mexican,13.95
3430,1516,2023-01-26,"1:54:36 PM",120,120,"Steak Torta",Mexican,13.95
3437,1521,2023-01-26,"2:32:57 PM",120,120,"Steak Torta",Mexican,13.95
3467,1536,2023-01-26,"4:52:11 PM",120,120,"Steak Torta",Mexican,13.95
3545,1572,2023-01-27,"2:33:38 PM",120,120,"Steak Torta",Mexican,13.95
3592,1591,2023-01-27,"6:00:16 PM",120,120,"Steak Torta",Mexican,13.95
3599,1595,2023-01-27,"6:17:38 PM",120,120,"Steak Torta",Mexican,13.95
3648,1618,2023-01-28,"11:28:33 AM",120,120,"Steak Torta",Mexican,13.95
3676,1633,2023-01-28,"12:45:52 PM",120,120,"Steak Torta",Mexican,13.95
3683,1637,2023-01-28,"1:21:08 PM",120,120,"Steak Torta",Mexican,13.95
3728,1654,2023-01-28,"5:31:36 PM",120,120,"Steak Torta",Mexican,13.95
3744,1659,2023-01-28,"6:48:06 PM",120,120,"Steak Torta",Mexican,13.95
3751,1663,2023-01-28,"8:46:18 PM",120,120,"Steak Torta",Mexican,13.95
3754,1665,2023-01-28,"9:24:32 PM",120,120,"Steak Torta",Mexican,13.95
3756,1666,2023-01-28,"9:28:58 PM",120,120,"Steak Torta",Mexican,13.95
3773,1675,2023-01-29,"12:26:53 PM",120,120,"Steak Torta",Mexican,13.95
3788,1684,2023-01-29,"1:33:16 PM",120,120,"Steak Torta",Mexican,13.95
3800,1685,2023-01-29,"1:36:52 PM",120,120,"Steak Torta",Mexican,13.95
3801,1685,2023-01-29,"1:36:52 PM",120,120,"Steak Torta",Mexican,13.95
3817,1695,2023-01-29,"3:11:01 PM",120,120,"Steak Torta",Mexican,13.95
3825,1698,2023-01-29,"4:04:23 PM",120,120,"Steak Torta",Mexican,13.95
3884,1731,2023-01-30,"12:17:29 PM",120,120,"Steak Torta",Mexican,13.95
3898,1734,2023-01-30,"12:36:42 PM",120,120,"Steak Torta",Mexican,13.95
3914,1741,2023-01-30,"2:19:34 PM",120,120,"Steak Torta",Mexican,13.95
3984,1777,2023-01-30,"8:11:18 PM",120,120,"Steak Torta",Mexican,13.95
4007,1789,2023-01-30,"9:49:27 PM",120,120,"Steak Torta",Mexican,13.95
4028,1795,2023-01-31,"1:21:53 PM",120,120,"Steak Torta",Mexican,13.95
4046,1801,2023-01-31,"2:37:52 PM",120,120,"Steak Torta",Mexican,13.95
4068,1809,2023-01-31,"4:13:08 PM",120,120,"Steak Torta",Mexican,13.95
4079,1814,2023-01-31,"5:24:47 PM",120,120,"Steak Torta",Mexican,13.95
4088,1817,2023-01-31,"6:05:04 PM",120,120,"Steak Torta",Mexican,13.95
4090,1818,2023-01-31,"6:05:33 PM",120,120,"Steak Torta",Mexican,13.95
4106,1825,2023-01-31,"6:22:51 PM",120,120,"Steak Torta",Mexican,13.95
4121,1830,2023-01-31,"7:23:54 PM",120,120,"Steak Torta",Mexican,13.95
4122,1831,2023-01-31,"8:02:14 PM",120,120,"Steak Torta",Mexican,13.95
4163,1849,2023-02-01,"11:40:47 AM",120,120,"Steak Torta",Mexican,13.95
4187,1856,2023-02-01,"12:32:48 PM",120,120,"Steak Torta",Mexican,13.95
4221,1873,2023-02-01,"3:09:20 PM",120,120,"Steak Torta",Mexican,13.95
4222,1874,2023-02-01,"3:19:35 PM",120,120,"Steak Torta",Mexican,13.95
4268,1892,2023-02-01,"5:11:28 PM",120,120,"Steak Torta",Mexican,13.95
4354,1937,2023-02-02,"11:43:47 AM",120,120,"Steak Torta",Mexican,13.95
4372,1946,2023-02-02,"1:01:49 PM",120,120,"Steak Torta",Mexican,13.95
4413,1964,2023-02-02,"4:09:42 PM",120,120,"Steak Torta",Mexican,13.95
4420,1966,2023-02-02,"4:14:14 PM",120,120,"Steak Torta",Mexican,13.95
4490,1996,2023-02-03,"11:25:25 AM",120,120,"Steak Torta",Mexican,13.95
4539,2010,2023-02-03,"1:00:41 PM",120,120,"Steak Torta",Mexican,13.95
4559,2018,2023-02-03,"2:06:04 PM",120,120,"Steak Torta",Mexican,13.95
4598,2038,2023-02-03,"5:31:35 PM",120,120,"Steak Torta",Mexican,13.95
4629,2052,2023-02-03,"7:54:31 PM",120,120,"Steak Torta",Mexican,13.95
4657,2065,2023-02-04,"12:27:21 PM",120,120,"Steak Torta",Mexican,13.95
4666,2070,2023-02-04,"1:00:47 PM",120,120,"Steak Torta",Mexican,13.95
4781,2117,2023-02-05,"12:20:33 PM",120,120,"Steak Torta",Mexican,13.95
4793,2124,2023-02-05,"12:56:27 PM",120,120,"Steak Torta",Mexican,13.95
4794,2124,2023-02-05,"12:56:27 PM",120,120,"Steak Torta",Mexican,13.95
4808,2126,2023-02-05,"1:31:29 PM",120,120,"Steak Torta",Mexican,13.95
4812,2128,2023-02-05,"1:42:50 PM",120,120,"Steak Torta",Mexican,13.95
4901,2172,2023-02-05,"9:51:44 PM",120,120,"Steak Torta",Mexican,13.95
4902,2172,2023-02-05,"9:51:44 PM",120,120,"Steak Torta",Mexican,13.95
4905,2174,2023-02-05,"10:00:17 PM",120,120,"Steak Torta",Mexican,13.95
4926,2182,2023-02-06,"12:22:30 PM",120,120,"Steak Torta",Mexican,13.95
4938,2187,2023-02-06,"1:10:13 PM",120,120,"Steak Torta",Mexican,13.95
4978,2199,2023-02-06,"2:36:06 PM",120,120,"Steak Torta",Mexican,13.95
5005,2214,2023-02-06,"5:57:31 PM",120,120,"Steak Torta",Mexican,13.95
5010,2216,2023-02-06,"6:10:26 PM",120,120,"Steak Torta",Mexican,13.95
5013,2217,2023-02-06,"6:21:44 PM",120,120,"Steak Torta",Mexican,13.95
5025,2222,2023-02-06,"6:51:55 PM",120,120,"Steak Torta",Mexican,13.95
5028,2225,2023-02-06,"7:23:26 PM",120,120,"Steak Torta",Mexican,13.95
5074,2247,2023-02-07,"1:15:55 PM",120,120,"Steak Torta",Mexican,13.95
5090,2254,2023-02-07,"3:00:58 PM",120,120,"Steak Torta",Mexican,13.95
5127,2270,2023-02-07,"5:57:15 PM",120,120,"Steak Torta",Mexican,13.95
5167,2289,2023-02-07,"8:29:43 PM",120,120,"Steak Torta",Mexican,13.95
5236,2317,2023-02-08,"2:49:35 PM",120,120,"Steak Torta",Mexican,13.95
5247,2324,2023-02-08,"4:16:21 PM",120,120,"Steak Torta",Mexican,13.95
5293,2345,2023-02-08,"8:20:51 PM",120,120,"Steak Torta",Mexican,13.95
5305,2350,2023-02-08,"9:21:37 PM",120,120,"Steak Torta",Mexican,13.95
5324,2360,2023-02-09,"12:19:47 PM",120,120,"Steak Torta",Mexican,13.95
5331,2363,2023-02-09,"12:35:50 PM",120,120,"Steak Torta",Mexican,13.95
5340,2364,2023-02-09,"12:52:36 PM",120,120,"Steak Torta",Mexican,13.95
5355,2369,2023-02-09,"2:00:19 PM",120,120,"Steak Torta",Mexican,13.95
5391,2381,2023-02-09,"4:49:40 PM",120,120,"Steak Torta",Mexican,13.95
5407,2389,2023-02-09,"5:57:51 PM",120,120,"Steak Torta",Mexican,13.95
5435,2401,2023-02-09,"7:33:50 PM",120,120,"Steak Torta",Mexican,13.95
5462,2415,2023-02-10,"12:34:39 PM",120,120,"Steak Torta",Mexican,13.95
5471,2419,2023-02-10,"12:41:17 PM",120,120,"Steak Torta",Mexican,13.95
5488,2428,2023-02-10,"1:45:23 PM",120,120,"Steak Torta",Mexican,13.95
5498,2431,2023-02-10,"2:06:28 PM",120,120,"Steak Torta",Mexican,13.95
5499,2431,2023-02-10,"2:06:28 PM",120,120,"Steak Torta",Mexican,13.95
5503,2432,2023-02-10,"2:11:49 PM",120,120,"Steak Torta",Mexican,13.95
5513,2437,2023-02-10,"3:01:08 PM",120,120,"Steak Torta",Mexican,13.95
5514,2438,2023-02-10,"3:31:30 PM",120,120,"Steak Torta",Mexican,13.95
5567,2463,2023-02-10,"8:20:20 PM",120,120,"Steak Torta",Mexican,13.95
5570,2465,2023-02-10,"8:33:37 PM",120,120,"Steak Torta",Mexican,13.95
5646,2503,2023-02-11,"5:08:24 PM",120,120,"Steak Torta",Mexican,13.95
5659,2507,2023-02-11,"5:47:02 PM",120,120,"Steak Torta",Mexican,13.95
5670,2512,2023-02-11,"6:02:54 PM",120,120,"Steak Torta",Mexican,13.95
5671,2513,2023-02-11,"6:21:25 PM",120,120,"Steak Torta",Mexican,13.95
5676,2515,2023-02-11,"6:46:12 PM",120,120,"Steak Torta",Mexican,13.95
5689,2521,2023-02-11,"7:11:58 PM",120,120,"Steak Torta",Mexican,13.95
5715,2530,2023-02-11,"8:11:26 PM",120,120,"Steak Torta",Mexican,13.95
5718,2531,2023-02-11,"8:22:03 PM",120,120,"Steak Torta",Mexican,13.95
5761,2550,2023-02-12,"1:18:54 PM",120,120,"Steak Torta",Mexican,13.95
5772,2557,2023-02-12,"2:09:47 PM",120,120,"Steak Torta",Mexican,13.95
5813,2577,2023-02-12,"5:21:15 PM",120,120,"Steak Torta",Mexican,13.95
5816,2578,2023-02-12,"5:36:09 PM",120,120,"Steak Torta",Mexican,13.95
5835,2587,2023-02-12,"7:09:56 PM",120,120,"Steak Torta",Mexican,13.95
5838,2588,2023-02-12,"8:01:13 PM",120,120,"Steak Torta",Mexican,13.95
5848,2593,2023-02-12,"10:02:05 PM",120,120,"Steak Torta",Mexican,13.95
5872,2602,2023-02-13,"12:10:01 PM",120,120,"Steak Torta",Mexican,13.95
5877,2605,2023-02-13,"12:46:15 PM",120,120,"Steak Torta",Mexican,13.95
5895,2612,2023-02-13,"1:43:11 PM",120,120,"Steak Torta",Mexican,13.95
5934,2629,2023-02-13,"5:07:10 PM",120,120,"Steak Torta",Mexican,13.95
5946,2633,2023-02-13,"5:37:46 PM",120,120,"Steak Torta",Mexican,13.95
5993,2655,2023-02-13,"9:34:36 PM",120,120,"Steak Torta",Mexican,13.95
6035,2675,2023-02-14,"2:41:49 PM",120,120,"Steak Torta",Mexican,13.95
6050,2682,2023-02-14,"4:40:26 PM",120,120,"Steak Torta",Mexican,13.95
6076,2696,2023-02-14,"6:32:58 PM",120,120,"Steak Torta",Mexican,13.95
6086,2699,2023-02-14,"6:44:17 PM",120,120,"Steak Torta",Mexican,13.95
6161,2725,2023-02-15,"11:52:00 AM",120,120,"Steak Torta",Mexican,13.95
6173,2731,2023-02-15,"1:54:31 PM",120,120,"Steak Torta",Mexican,13.95
6193,2740,2023-02-15,"4:32:41 PM",120,120,"Steak Torta",Mexican,13.95
6243,2763,2023-02-15,"6:58:26 PM",120,120,"Steak Torta",Mexican,13.95
6249,2766,2023-02-15,"7:30:07 PM",120,120,"Steak Torta",Mexican,13.95
6250,2767,2023-02-15,"7:45:33 PM",120,120,"Steak Torta",Mexican,13.95
6256,2770,2023-02-15,"8:41:38 PM",120,120,"Steak Torta",Mexican,13.95
6257,2770,2023-02-15,"8:41:38 PM",120,120,"Steak Torta",Mexican,13.95
6314,2789,2023-02-16,"12:40:50 PM",120,120,"Steak Torta",Mexican,13.95
6352,2808,2023-02-16,"5:27:14 PM",120,120,"Steak Torta",Mexican,13.95
6359,2811,2023-02-16,"6:03:29 PM",120,120,"Steak Torta",Mexican,13.95
6377,2818,2023-02-16,"6:40:09 PM",120,120,"Steak Torta",Mexican,13.95
6411,2837,2023-02-17,"12:58:45 PM",120,120,"Steak Torta",Mexican,13.95
6416,2841,2023-02-17,"1:25:44 PM",120,120,"Steak Torta",Mexican,13.95
6431,2847,2023-02-17,"2:00:42 PM",120,120,"Steak Torta",Mexican,13.95
6446,2851,2023-02-17,"2:23:26 PM",120,120,"Steak Torta",Mexican,13.95
6491,2875,2023-02-17,"7:26:46 PM",120,120,"Steak Torta",Mexican,13.95
6495,2876,2023-02-17,"7:46:45 PM",120,120,"Steak Torta",Mexican,13.95
6629,2930,2023-02-18,"6:39:01 PM",120,120,"Steak Torta",Mexican,13.95
6640,2933,2023-02-18,"6:50:39 PM",120,120,"Steak Torta",Mexican,13.95
6645,2935,2023-02-18,"7:03:42 PM",120,120,"Steak Torta",Mexican,13.95
6659,2941,2023-02-18,"8:27:48 PM",120,120,"Steak Torta",Mexican,13.95
6660,2941,2023-02-18,"8:27:48 PM",120,120,"Steak Torta",Mexican,13.95
6681,2948,2023-02-18,"10:40:30 PM",120,120,"Steak Torta",Mexican,13.95
6707,2960,2023-02-19,"1:09:03 PM",120,120,"Steak Torta",Mexican,13.95
6768,2987,2023-02-19,"5:41:19 PM",120,120,"Steak Torta",Mexican,13.95
6804,3004,2023-02-19,"9:56:20 PM",120,120,"Steak Torta",Mexican,13.95
6847,3023,2023-02-20,"1:29:47 PM",120,120,"Steak Torta",Mexican,13.95
6873,3032,2023-02-20,"2:08:19 PM",120,120,"Steak Torta",Mexican,13.95
6916,3051,2023-02-20,"5:57:09 PM",120,120,"Steak Torta",Mexican,13.95
7019,3095,2023-02-21,"3:11:34 PM",120,120,"Steak Torta",Mexican,13.95
7044,3107,2023-02-21,"5:26:20 PM",120,120,"Steak Torta",Mexican,13.95
7105,3136,2023-02-22,"12:39:19 PM",120,120,"Steak Torta",Mexican,13.95
7139,3147,2023-02-22,"3:59:59 PM",120,120,"Steak Torta",Mexican,13.95
7142,3148,2023-02-22,"4:03:50 PM",120,120,"Steak Torta",Mexican,13.95
7143,3149,2023-02-22,"4:23:12 PM",120,120,"Steak Torta",Mexican,13.95
7169,3161,2023-02-22,"7:53:24 PM",120,120,"Steak Torta",Mexican,13.95
7170,3161,2023-02-22,"7:53:24 PM",120,120,"Steak Torta",Mexican,13.95
7180,3167,2023-02-22,"9:13:36 PM",120,120,"Steak Torta",Mexican,13.95
7229,3187,2023-02-23,"1:27:18 PM",120,120,"Steak Torta",Mexican,13.95
7327,3229,2023-02-24,"12:11:31 PM",120,120,"Steak Torta",Mexican,13.95
7360,3242,2023-02-24,"1:26:39 PM",120,120,"Steak Torta",Mexican,13.95
7420,3269,2023-02-24,"7:26:01 PM",120,120,"Steak Torta",Mexican,13.95
7437,3278,2023-02-24,"9:03:42 PM",120,120,"Steak Torta",Mexican,13.95
7478,3292,2023-02-25,"12:39:18 PM",120,120,"Steak Torta",Mexican,13.95
7513,3308,2023-02-25,"3:07:18 PM",120,120,"Steak Torta",Mexican,13.95
7520,3311,2023-02-25,"3:44:27 PM",120,120,"Steak Torta",Mexican,13.95
7529,3315,2023-02-25,"4:28:11 PM",120,120,"Steak Torta",Mexican,13.95
7545,3322,2023-02-25,"5:25:13 PM",120,120,"Steak Torta",Mexican,13.95
7565,3332,2023-02-25,"7:41:18 PM",120,120,"Steak Torta",Mexican,13.95
7570,3335,2023-02-25,"8:03:38 PM",120,120,"Steak Torta",Mexican,13.95
7583,3342,2023-02-25,"9:08:05 PM",120,120,"Steak Torta",Mexican,13.95
7584,3342,2023-02-25,"9:08:05 PM",120,120,"Steak Torta",Mexican,13.95
7593,3348,2023-02-26,"12:08:52 PM",120,120,"Steak Torta",Mexican,13.95
7599,3350,2023-02-26,"12:16:27 PM",120,120,"Steak Torta",Mexican,13.95
7601,3351,2023-02-26,"12:18:48 PM",120,120,"Steak Torta",Mexican,13.95
7643,3364,2023-02-26,"1:56:18 PM",120,120,"Steak Torta",Mexican,13.95
7681,3382,2023-02-26,"5:24:43 PM",120,120,"Steak Torta",Mexican,13.95
7692,3387,2023-02-26,"5:51:35 PM",120,120,"Steak Torta",Mexican,13.95
7703,3391,2023-02-26,"6:37:03 PM",120,120,"Steak Torta",Mexican,13.95
7765,3417,2023-02-27,"1:05:16 PM",120,120,"Steak Torta",Mexican,13.95
7773,3419,2023-02-27,"1:36:13 PM",120,120,"Steak Torta",Mexican,13.95
7775,3421,2023-02-27,"1:57:48 PM",120,120,"Steak Torta",Mexican,13.95
7782,3423,2023-02-27,"2:09:03 PM",120,120,"Steak Torta",Mexican,13.95
7824,3440,2023-02-27,"5:38:36 PM",120,120,"Steak Torta",Mexican,13.95
7830,3443,2023-02-27,"5:50:49 PM",120,120,"Steak Torta",Mexican,13.95
7852,3450,2023-02-27,"6:45:28 PM",120,120,"Steak Torta",Mexican,13.95
7919,3476,2023-02-28,"12:08:55 PM",120,120,"Steak Torta",Mexican,13.95
7921,3477,2023-02-28,"12:29:20 PM",120,120,"Steak Torta",Mexican,13.95
7984,3506,2023-02-28,"6:39:46 PM",120,120,"Steak Torta",Mexican,13.95
7998,3510,2023-02-28,"7:21:12 PM",120,120,"Steak Torta",Mexican,13.95
8043,3528,2023-02-28,"9:39:40 PM",120,120,"Steak Torta",Mexican,13.95
8061,3537,2023-03-01,"12:52:52 PM",120,120,"Steak Torta",Mexican,13.95
8119,3564,2023-03-01,"6:56:36 PM",120,120,"Steak Torta",Mexican,13.95
8159,3583,2023-03-02,"12:07:16 PM",120,120,"Steak Torta",Mexican,13.95
8211,3606,2023-03-02,"3:40:12 PM",120,120,"Steak Torta",Mexican,13.95
8228,3614,2023-03-02,"4:58:21 PM",120,120,"Steak Torta",Mexican,13.95
8279,3635,2023-03-02,"9:28:09 PM",120,120,"Steak Torta",Mexican,13.95
8289,3640,2023-03-03,"11:50:41 AM",120,120,"Steak Torta",Mexican,13.95
8328,3654,2023-03-03,"1:38:34 PM",120,120,"Steak Torta",Mexican,13.95
8332,3655,2023-03-03,"1:39:24 PM",120,120,"Steak Torta",Mexican,13.95
8361,3663,2023-03-03,"3:47:14 PM",120,120,"Steak Torta",Mexican,13.95
8373,3668,2023-03-03,"5:06:11 PM",120,120,"Steak Torta",Mexican,13.95
8390,3676,2023-03-03,"6:29:01 PM",120,120,"Steak Torta",Mexican,13.95
8411,3687,2023-03-03,"8:25:37 PM",120,120,"Steak Torta",Mexican,13.95
8422,3691,2023-03-04,"11:23:00 AM",120,120,"Steak Torta",Mexican,13.95
8465,3709,2023-03-04,"1:26:50 PM",120,120,"Steak Torta",Mexican,13.95
8474,3710,2023-03-04,"1:48:40 PM",120,120,"Steak Torta",Mexican,13.95
8543,3740,2023-03-04,"7:17:24 PM",120,120,"Steak Torta",Mexican,13.95
8611,3774,2023-03-05,"1:47:15 PM",120,120,"Steak Torta",Mexican,13.95
8639,3784,2023-03-05,"3:38:04 PM",120,120,"Steak Torta",Mexican,13.95
8694,3809,2023-03-05,"6:52:11 PM",120,120,"Steak Torta",Mexican,13.95
8731,3827,2023-03-06,"12:42:55 PM",120,120,"Steak Torta",Mexican,13.95
8736,3828,2023-03-06,"12:48:55 PM",120,120,"Steak Torta",Mexican,13.95
8791,3856,2023-03-06,"6:15:58 PM",120,120,"Steak Torta",Mexican,13.95
8828,3870,2023-03-06,"8:34:43 PM",120,120,"Steak Torta",Mexican,13.95
8852,3881,2023-03-07,"11:46:18 AM",120,120,"Steak Torta",Mexican,13.95
8875,3888,2023-03-07,"12:52:11 PM",120,120,"Steak Torta",Mexican,13.95
8906,3901,2023-03-07,"4:34:59 PM",120,120,"Steak Torta",Mexican,13.95
8924,3911,2023-03-07,"6:41:26 PM",120,120,"Steak Torta",Mexican,13.95
8940,3917,2023-03-07,"7:31:49 PM",120,120,"Steak Torta",Mexican,13.95
8943,3918,2023-03-07,"7:40:59 PM",120,120,"Steak Torta",Mexican,13.95
8973,3932,2023-03-07,"9:49:12 PM",120,120,"Steak Torta",Mexican,13.95
8988,3939,2023-03-08,"12:22:52 PM",120,120,"Steak Torta",Mexican,13.95
9010,3945,2023-03-08,"1:08:44 PM",120,120,"Steak Torta",Mexican,13.95
9075,3978,2023-03-08,"5:55:21 PM",120,120,"Steak Torta",Mexican,13.95
9081,3983,2023-03-08,"6:25:31 PM",120,120,"Steak Torta",Mexican,13.95
9135,4006,2023-03-09,"12:44:49 PM",120,120,"Steak Torta",Mexican,13.95
9203,4032,2023-03-09,"5:40:50 PM",120,120,"Steak Torta",Mexican,13.95
9310,4077,2023-03-10,"1:55:11 PM",120,120,"Steak Torta",Mexican,13.95
9367,4103,2023-03-10,"7:10:04 PM",120,120,"Steak Torta",Mexican,13.95
9385,4109,2023-03-10,"8:45:34 PM",120,120,"Steak Torta",Mexican,13.95
9396,4114,2023-03-10,"10:18:08 PM",120,120,"Steak Torta",Mexican,13.95
9427,4126,2023-03-11,"1:07:26 PM",120,120,"Steak Torta",Mexican,13.95
9452,4136,2023-03-11,"2:33:24 PM",120,120,"Steak Torta",Mexican,13.95
9479,4150,2023-03-11,"4:45:38 PM",120,120,"Steak Torta",Mexican,13.95
9572,4193,2023-03-12,"2:05:44 PM",120,120,"Steak Torta",Mexican,13.95
9579,4195,2023-03-12,"2:47:42 PM",120,120,"Steak Torta",Mexican,13.95
9587,4201,2023-03-12,"3:50:03 PM",120,120,"Steak Torta",Mexican,13.95
9631,4220,2023-03-12,"6:55:05 PM",120,120,"Steak Torta",Mexican,13.95
9647,4229,2023-03-13,"11:26:40 AM",120,120,"Steak Torta",Mexican,13.95
9648,4230,2023-03-13,"12:03:46 PM",120,120,"Steak Torta",Mexican,13.95
9659,4232,2023-03-13,"12:22:05 PM",120,120,"Steak Torta",Mexican,13.95
9660,4232,2023-03-13,"12:22:05 PM",120,120,"Steak Torta",Mexican,13.95
9690,4244,2023-03-13,"1:32:38 PM",120,120,"Steak Torta",Mexican,13.95
9707,4251,2023-03-13,"3:27:34 PM",120,120,"Steak Torta",Mexican,13.95
9713,4254,2023-03-13,"4:59:32 PM",120,120,"Steak Torta",Mexican,13.95
9774,4281,2023-03-13,"7:48:52 PM",120,120,"Steak Torta",Mexican,13.95
9835,4305,2023-03-14,"1:09:20 PM",120,120,"Steak Torta",Mexican,13.95
9868,4318,2023-03-14,"4:10:10 PM",120,120,"Steak Torta",Mexican,13.95
9877,4322,2023-03-14,"4:34:46 PM",120,120,"Steak Torta",Mexican,13.95
9882,4325,2023-03-14,"4:44:33 PM",120,120,"Steak Torta",Mexican,13.95
9886,4328,2023-03-14,"5:30:16 PM",120,120,"Steak Torta",Mexican,13.95
9888,4329,2023-03-14,"5:49:13 PM",120,120,"Steak Torta",Mexican,13.95
9899,4336,2023-03-14,"6:40:57 PM",120,120,"Steak Torta",Mexican,13.95
9943,4356,2023-03-15,"11:48:27 AM",120,120,"Steak Torta",Mexican,13.95
9996,4376,2023-03-15,"4:03:18 PM",120,120,"Steak Torta",Mexican,13.95
9998,4377,2023-03-15,"4:07:56 PM",120,120,"Steak Torta",Mexican,13.95
10010,4381,2023-03-15,"4:31:44 PM",120,120,"Steak Torta",Mexican,13.95
10069,4406,2023-03-16,"12:04:29 PM",120,120,"Steak Torta",Mexican,13.95
10147,4443,2023-03-16,"5:27:27 PM",120,120,"Steak Torta",Mexican,13.95
10153,4445,2023-03-16,"5:33:20 PM",120,120,"Steak Torta",Mexican,13.95
10187,4461,2023-03-16,"7:12:14 PM",120,120,"Steak Torta",Mexican,13.95
10204,4470,2023-03-17,"11:40:42 AM",120,120,"Steak Torta",Mexican,13.95
10245,4482,2023-03-17,"1:57:38 PM",120,120,"Steak Torta",Mexican,13.95
10246,4482,2023-03-17,"1:57:38 PM",120,120,"Steak Torta",Mexican,13.95
10264,4489,2023-03-17,"3:26:41 PM",120,120,"Steak Torta",Mexican,13.95
10281,4497,2023-03-17,"4:17:25 PM",120,120,"Steak Torta",Mexican,13.95
10285,4499,2023-03-17,"4:33:13 PM",120,120,"Steak Torta",Mexican,13.95
10324,4515,2023-03-17,"6:35:13 PM",120,120,"Steak Torta",Mexican,13.95
10359,4532,2023-03-17,"8:24:54 PM",120,120,"Steak Torta",Mexican,13.95
10366,4534,2023-03-17,"8:45:20 PM",120,120,"Steak Torta",Mexican,13.95
10462,4582,2023-03-18,"6:27:57 PM",120,120,"Steak Torta",Mexican,13.95
10491,4598,2023-03-18,"9:05:40 PM",120,120,"Steak Torta",Mexican,13.95
10492,4599,2023-03-18,"9:13:49 PM",120,120,"Steak Torta",Mexican,13.95
10555,4623,2023-03-19,"2:41:44 PM",120,120,"Steak Torta",Mexican,13.95
10572,4629,2023-03-19,"4:24:30 PM",120,120,"Steak Torta",Mexican,13.95
10591,4638,2023-03-19,"6:18:28 PM",120,120,"Steak Torta",Mexican,13.95
10603,4643,2023-03-19,"7:11:53 PM",120,120,"Steak Torta",Mexican,13.95
10607,4644,2023-03-19,"7:18:36 PM",120,120,"Steak Torta",Mexican,13.95
10703,4687,2023-03-20,"4:51:47 PM",120,120,"Steak Torta",Mexican,13.95
10781,4723,2023-03-20,"9:52:10 PM",120,120,"Steak Torta",Mexican,13.95
10819,4735,2023-03-21,"1:20:32 PM",120,120,"Steak Torta",Mexican,13.95
10838,4742,2023-03-21,"2:06:43 PM",120,120,"Steak Torta",Mexican,13.95
10856,4752,2023-03-21,"4:05:39 PM",120,120,"Steak Torta",Mexican,13.95
10862,4755,2023-03-21,"4:40:27 PM",120,120,"Steak Torta",Mexican,13.95
10887,4766,2023-03-21,"7:04:51 PM",120,120,"Steak Torta",Mexican,13.95
10897,4770,2023-03-21,"7:41:16 PM",120,120,"Steak Torta",Mexican,13.95
10904,4772,2023-03-21,"7:53:41 PM",120,120,"Steak Torta",Mexican,13.95
10908,4775,2023-03-21,"8:15:09 PM",120,120,"Steak Torta",Mexican,13.95
10942,4791,2023-03-22,"2:25:24 PM",120,120,"Steak Torta",Mexican,13.95
10950,4795,2023-03-22,"4:01:29 PM",120,120,"Steak Torta",Mexican,13.95
10984,4810,2023-03-22,"7:23:28 PM",120,120,"Steak Torta",Mexican,13.95
11004,4822,2023-03-23,"11:31:48 AM",120,120,"Steak Torta",Mexican,13.95
11037,4836,2023-03-23,"12:57:49 PM",120,120,"Steak Torta",Mexican,13.95
11041,4837,2023-03-23,"1:04:56 PM",120,120,"Steak Torta",Mexican,13.95
11061,4843,2023-03-23,"2:03:50 PM",120,120,"Steak Torta",Mexican,13.95
11068,4846,2023-03-23,"3:31:14 PM",120,120,"Steak Torta",Mexican,13.95
11075,4850,2023-03-23,"4:30:47 PM",120,120,"Steak Torta",Mexican,13.95
11157,4893,2023-03-24,"12:53:26 PM",120,120,"Steak Torta",Mexican,13.95
11173,4901,2023-03-24,"2:42:01 PM",120,120,"Steak Torta",Mexican,13.95
11183,4906,2023-03-24,"4:25:58 PM",120,120,"Steak Torta",Mexican,13.95
11211,4921,2023-03-24,"5:59:12 PM",120,120,"Steak Torta",Mexican,13.95
11216,4924,2023-03-24,"6:53:06 PM",120,120,"Steak Torta",Mexican,13.95
11220,4926,2023-03-24,"7:00:07 PM",120,120,"Steak Torta",Mexican,13.95
11244,4936,2023-03-24,"9:06:17 PM",120,120,"Steak Torta",Mexican,13.95
11250,4938,2023-03-24,"10:14:02 PM",120,120,"Steak Torta",Mexican,13.95
11254,4939,2023-03-24,"10:20:17 PM",120,120,"Steak Torta",Mexican,13.95
11295,4961,2023-03-25,"2:01:43 PM",120,120,"Steak Torta",Mexican,13.95
11306,4967,2023-03-25,"5:02:42 PM",120,120,"Steak Torta",Mexican,13.95
11316,4970,2023-03-25,"5:32:07 PM",120,120,"Steak Torta",Mexican,13.95
11326,4973,2023-03-25,"5:49:01 PM",120,120,"Steak Torta",Mexican,13.95
11343,4980,2023-03-25,"7:02:39 PM",120,120,"Steak Torta",Mexican,13.95
11348,4983,2023-03-25,"7:39:31 PM",120,120,"Steak Torta",Mexican,13.95
11352,4984,2023-03-25,"7:52:33 PM",120,120,"Steak Torta",Mexican,13.95
11385,5003,2023-03-26,"11:50:45 AM",120,120,"Steak Torta",Mexican,13.95
11405,5013,2023-03-26,"1:14:23 PM",120,120,"Steak Torta",Mexican,13.95
11418,5017,2023-03-26,"1:58:44 PM",120,120,"Steak Torta",Mexican,13.95
11442,5028,2023-03-26,"3:46:49 PM",120,120,"Steak Torta",Mexican,13.95
11523,5066,2023-03-27,"12:20:59 PM",120,120,"Steak Torta",Mexican,13.95
11524,5066,2023-03-27,"12:20:59 PM",120,120,"Steak Torta",Mexican,13.95
11534,5071,2023-03-27,"12:47:48 PM",120,120,"Steak Torta",Mexican,13.95
11536,5072,2023-03-27,"12:53:56 PM",120,120,"Steak Torta",Mexican,13.95
11546,5077,2023-03-27,"1:21:18 PM",120,120,"Steak Torta",Mexican,13.95
11547,5077,2023-03-27,"1:21:18 PM",120,120,"Steak Torta",Mexican,13.95
11588,5095,2023-03-27,"5:04:40 PM",120,120,"Steak Torta",Mexican,13.95
11616,5107,2023-03-27,"6:15:26 PM",120,120,"Steak Torta",Mexican,13.95
11649,5120,2023-03-27,"7:59:09 PM",120,120,"Steak Torta",Mexican,13.95
11689,5137,2023-03-28,"12:40:38 PM",120,120,"Steak Torta",Mexican,13.95
11745,5160,2023-03-28,"4:53:33 PM",120,120,"Steak Torta",Mexican,13.95
11752,5164,2023-03-28,"5:14:30 PM",120,120,"Steak Torta",Mexican,13.95
11761,5168,2023-03-28,"5:58:23 PM",120,120,"Steak Torta",Mexican,13.95
11833,5200,2023-03-29,"12:32:07 PM",120,120,"Steak Torta",Mexican,13.95
11882,5216,2023-03-29,"4:10:29 PM",120,120,"Steak Torta",Mexican,13.95
11903,5225,2023-03-29,"5:40:52 PM",120,120,"Steak Torta",Mexican,13.95
12014,5279,2023-03-30,"4:44:53 PM",120,120,"Steak Torta",Mexican,13.95
12036,5286,2023-03-30,"5:49:12 PM",120,120,"Steak Torta",Mexican,13.95
12111,5320,2023-03-31,"1:22:56 PM",120,120,"Steak Torta",Mexican,13.95
12160,5339,2023-03-31,"4:12:55 PM",120,120,"Steak Torta",Mexican,13.95
12211,5363,2023-03-31,"8:15:58 PM",120,120,"Steak Torta",Mexican,13.95
12232,5369,2023-03-31,"10:05:04 PM",120,120,"Steak Torta",Mexican,13.95
38,15,2023-01-01,"1:33:00 PM",121,121,"Cheese Quesadillas",Mexican,10.5
163,70,2023-01-02,"11:38:51 AM",121,121,"Cheese Quesadillas",Mexican,10.5
208,89,2023-01-02,"2:30:19 PM",121,121,"Cheese Quesadillas",Mexican,10.5
237,101,2023-01-02,"5:51:33 PM",121,121,"Cheese Quesadillas",Mexican,10.5
264,110,2023-01-02,"6:36:19 PM",121,121,"Cheese Quesadillas",Mexican,10.5
466,197,2023-01-03,"9:47:48 PM",121,121,"Cheese Quesadillas",Mexican,10.5
618,271,2023-01-05,"2:22:19 PM",121,121,"Cheese Quesadillas",Mexican,10.5
622,273,2023-01-05,"2:28:00 PM",121,121,"Cheese Quesadillas",Mexican,10.5
730,318,2023-01-06,"12:45:14 PM",121,121,"Cheese Quesadillas",Mexican,10.5
872,386,2023-01-07,"12:58:16 PM",121,121,"Cheese Quesadillas",Mexican,10.5
894,392,2023-01-07,"1:36:47 PM",121,121,"Cheese Quesadillas",Mexican,10.5
970,425,2023-01-07,"8:21:19 PM",121,121,"Cheese Quesadillas",Mexican,10.5
973,426,2023-01-07,"8:25:45 PM",121,121,"Cheese Quesadillas",Mexican,10.5
1139,496,2023-01-08,"7:46:18 PM",121,121,"Cheese Quesadillas",Mexican,10.5
1211,532,2023-01-09,"4:14:28 PM",121,121,"Cheese Quesadillas",Mexican,10.5
1239,545,2023-01-09,"6:46:28 PM",121,121,"Cheese Quesadillas",Mexican,10.5
1248,551,2023-01-09,"7:26:24 PM",121,121,"Cheese Quesadillas",Mexican,10.5
1282,567,2023-01-10,"12:27:47 PM",121,121,"Cheese Quesadillas",Mexican,10.5
1318,584,2023-01-10,"3:05:29 PM",121,121,"Cheese Quesadillas",Mexican,10.5
1342,596,2023-01-10,"6:24:07 PM",121,121,"Cheese Quesadillas",Mexican,10.5
1357,604,2023-01-10,"7:13:29 PM",121,121,"Cheese Quesadillas",Mexican,10.5
1379,612,2023-01-10,"7:58:15 PM",121,121,"Cheese Quesadillas",Mexican,10.5
1451,642,2023-01-11,"1:40:00 PM",121,121,"Cheese Quesadillas",Mexican,10.5
1509,670,2023-01-11,"6:46:25 PM",121,121,"Cheese Quesadillas",Mexican,10.5
1513,673,2023-01-11,"7:28:13 PM",121,121,"Cheese Quesadillas",Mexican,10.5
1538,685,2023-01-12,"12:11:46 PM",121,121,"Cheese Quesadillas",Mexican,10.5
1692,752,2023-01-13,"3:19:25 PM",121,121,"Cheese Quesadillas",Mexican,10.5
1713,761,2023-01-13,"4:30:20 PM",121,121,"Cheese Quesadillas",Mexican,10.5
1715,762,2023-01-13,"4:36:36 PM",121,121,"Cheese Quesadillas",Mexican,10.5
1795,798,2023-01-14,"12:50:30 PM",121,121,"Cheese Quesadillas",Mexican,10.5
1925,854,2023-01-15,"12:51:19 PM",121,121,"Cheese Quesadillas",Mexican,10.5
1958,868,2023-01-15,"2:27:25 PM",121,121,"Cheese Quesadillas",Mexican,10.5
1999,888,2023-01-15,"5:14:27 PM",121,121,"Cheese Quesadillas",Mexican,10.5
2024,903,2023-01-15,"7:27:22 PM",121,121,"Cheese Quesadillas",Mexican,10.5
2030,906,2023-01-15,"8:51:59 PM",121,121,"Cheese Quesadillas",Mexican,10.5
2220,985,2023-01-17,"2:34:50 PM",121,121,"Cheese Quesadillas",Mexican,10.5
2229,991,2023-01-17,"3:43:27 PM",121,121,"Cheese Quesadillas",Mexican,10.5
2270,1013,2023-01-17,"7:26:40 PM",121,121,"Cheese Quesadillas",Mexican,10.5
2285,1019,2023-01-17,"8:50:54 PM",121,121,"Cheese Quesadillas",Mexican,10.5
2322,1034,2023-01-18,"12:07:59 PM",121,121,"Cheese Quesadillas",Mexican,10.5
2362,1052,2023-01-18,"3:28:12 PM",121,121,"Cheese Quesadillas",Mexican,10.5
2428,1080,2023-01-18,"9:22:58 PM",121,121,"Cheese Quesadillas",Mexican,10.5
2479,1096,2023-01-19,"12:56:45 PM",121,121,"Cheese Quesadillas",Mexican,10.5
2503,1107,2023-01-19,"3:45:44 PM",121,121,"Cheese Quesadillas",Mexican,10.5
2568,1137,2023-01-19,"10:13:28 PM",121,121,"Cheese Quesadillas",Mexican,10.5
2592,1147,2023-01-20,"12:12:25 PM",121,121,"Cheese Quesadillas",Mexican,10.5
2606,1150,2023-01-20,"12:39:05 PM",121,121,"Cheese Quesadillas",Mexican,10.5
2619,1153,2023-01-20,"12:56:30 PM",121,121,"Cheese Quesadillas",Mexican,10.5
2656,1174,2023-01-20,"5:02:58 PM",121,121,"Cheese Quesadillas",Mexican,10.5
2661,1175,2023-01-20,"5:05:14 PM",121,121,"Cheese Quesadillas",Mexican,10.5
2669,1179,2023-01-20,"6:02:28 PM",121,121,"Cheese Quesadillas",Mexican,10.5
2785,1232,2023-01-21,"4:50:36 PM",121,121,"Cheese Quesadillas",Mexican,10.5
2805,1240,2023-01-21,"6:40:50 PM",121,121,"Cheese Quesadillas",Mexican,10.5
3025,1335,2023-01-23,"1:10:36 PM",121,121,"Cheese Quesadillas",Mexican,10.5
3118,1379,2023-01-23,"7:33:07 PM",121,121,"Cheese Quesadillas",Mexican,10.5
3142,1391,2023-01-24,"12:26:08 PM",121,121,"Cheese Quesadillas",Mexican,10.5
3167,1402,2023-01-24,"2:23:57 PM",121,121,"Cheese Quesadillas",Mexican,10.5
3196,1416,2023-01-24,"5:18:39 PM",121,121,"Cheese Quesadillas",Mexican,10.5
3283,1453,2023-01-25,"12:24:36 PM",121,121,"Cheese Quesadillas",Mexican,10.5
3335,1474,2023-01-25,"4:52:12 PM",121,121,"Cheese Quesadillas",Mexican,10.5
3476,1540,2023-01-26,"6:08:56 PM",121,121,"Cheese Quesadillas",Mexican,10.5
3538,1569,2023-01-27,"1:38:50 PM",121,121,"Cheese Quesadillas",Mexican,10.5
3553,1576,2023-01-27,"3:44:22 PM",121,121,"Cheese Quesadillas",Mexican,10.5
3567,1582,2023-01-27,"4:34:55 PM",121,121,"Cheese Quesadillas",Mexican,10.5
3570,1583,2023-01-27,"5:01:03 PM",121,121,"Cheese Quesadillas",Mexican,10.5
3583,1589,2023-01-27,"5:46:02 PM",121,121,"Cheese Quesadillas",Mexican,10.5
3601,1596,2023-01-27,"6:22:07 PM",121,121,"Cheese Quesadillas",Mexican,10.5
3701,1642,2023-01-28,"2:26:49 PM",121,121,"Cheese Quesadillas",Mexican,10.5
3731,1655,2023-01-28,"6:15:14 PM",121,121,"Cheese Quesadillas",Mexican,10.5
3740,1658,2023-01-28,"6:44:20 PM",121,121,"Cheese Quesadillas",Mexican,10.5
3789,1684,2023-01-29,"1:33:16 PM",121,121,"Cheese Quesadillas",Mexican,10.5
3834,1704,2023-01-29,"6:15:40 PM",121,121,"Cheese Quesadillas",Mexican,10.5
3916,1743,2023-01-30,"2:25:35 PM",121,121,"Cheese Quesadillas",Mexican,10.5
3959,1764,2023-01-30,"6:24:57 PM",121,121,"Cheese Quesadillas",Mexican,10.5
4029,1795,2023-01-31,"1:21:53 PM",121,121,"Cheese Quesadillas",Mexican,10.5
4037,1796,2023-01-31,"1:31:47 PM",121,121,"Cheese Quesadillas",Mexican,10.5
4113,1827,2023-01-31,"6:56:22 PM",121,121,"Cheese Quesadillas",Mexican,10.5
4145,1841,2023-01-31,"9:01:18 PM",121,121,"Cheese Quesadillas",Mexican,10.5
4155,1845,2023-01-31,"10:43:07 PM",121,121,"Cheese Quesadillas",Mexican,10.5
4173,1851,2023-02-01,"11:49:01 AM",121,121,"Cheese Quesadillas",Mexican,10.5
4204,1866,2023-02-01,"2:18:56 PM",121,121,"Cheese Quesadillas",Mexican,10.5
4332,1927,2023-02-01,"9:31:03 PM",121,121,"Cheese Quesadillas",Mexican,10.5
4373,1946,2023-02-02,"1:01:49 PM",121,121,"Cheese Quesadillas",Mexican,10.5
4421,1966,2023-02-02,"4:14:14 PM",121,121,"Cheese Quesadillas",Mexican,10.5
4457,1983,2023-02-02,"7:39:08 PM",121,121,"Cheese Quesadillas",Mexican,10.5
4509,2000,2023-02-03,"12:14:27 PM",121,121,"Cheese Quesadillas",Mexican,10.5
4570,2024,2023-02-03,"4:04:02 PM",121,121,"Cheese Quesadillas",Mexican,10.5
4620,2050,2023-02-03,"7:20:46 PM",121,121,"Cheese Quesadillas",Mexican,10.5
4637,2056,2023-02-03,"9:05:04 PM",121,121,"Cheese Quesadillas",Mexican,10.5
4722,2091,2023-02-04,"5:17:43 PM",121,121,"Cheese Quesadillas",Mexican,10.5
4795,2124,2023-02-05,"12:56:27 PM",121,121,"Cheese Quesadillas",Mexican,10.5
4873,2156,2023-02-05,"7:29:29 PM",121,121,"Cheese Quesadillas",Mexican,10.5
4906,2174,2023-02-05,"10:00:17 PM",121,121,"Cheese Quesadillas",Mexican,10.5
4951,2188,2023-02-06,"1:13:33 PM",121,121,"Cheese Quesadillas",Mexican,10.5
5123,2267,2023-02-07,"5:22:30 PM",121,121,"Cheese Quesadillas",Mexican,10.5
5144,2277,2023-02-07,"6:53:49 PM",121,121,"Cheese Quesadillas",Mexican,10.5
5303,2348,2023-02-08,"8:58:36 PM",121,121,"Cheese Quesadillas",Mexican,10.5
5398,2384,2023-02-09,"5:17:07 PM",121,121,"Cheese Quesadillas",Mexican,10.5
5440,2403,2023-02-09,"7:54:24 PM",121,121,"Cheese Quesadillas",Mexican,10.5
5453,2409,2023-02-10,"11:28:16 AM",121,121,"Cheese Quesadillas",Mexican,10.5
5456,2410,2023-02-10,"11:43:09 AM",121,121,"Cheese Quesadillas",Mexican,10.5
5470,2418,2023-02-10,"12:40:03 PM",121,121,"Cheese Quesadillas",Mexican,10.5
5516,2439,2023-02-10,"4:43:26 PM",121,121,"Cheese Quesadillas",Mexican,10.5
5561,2459,2023-02-10,"8:12:30 PM",121,121,"Cheese Quesadillas",Mexican,10.5
5624,2491,2023-02-11,"2:00:00 PM",121,121,"Cheese Quesadillas",Mexican,10.5
5692,2522,2023-02-11,"7:25:46 PM",121,121,"Cheese Quesadillas",Mexican,10.5
5732,2540,2023-02-12,"11:48:50 AM",121,121,"Cheese Quesadillas",Mexican,10.5
5760,2549,2023-02-12,"1:06:59 PM",121,121,"Cheese Quesadillas",Mexican,10.5
5817,2578,2023-02-12,"5:36:09 PM",121,121,"Cheese Quesadillas",Mexican,10.5
5859,2599,2023-02-13,"11:52:09 AM",121,121,"Cheese Quesadillas",Mexican,10.5
5919,2624,2023-02-13,"4:21:18 PM",121,121,"Cheese Quesadillas",Mexican,10.5
5936,2630,2023-02-13,"5:15:17 PM",121,121,"Cheese Quesadillas",Mexican,10.5
6006,2662,2023-02-13,"10:22:32 PM",121,121,"Cheese Quesadillas",Mexican,10.5
6071,2693,2023-02-14,"6:01:21 PM",121,121,"Cheese Quesadillas",Mexican,10.5
6080,2697,2023-02-14,"6:43:18 PM",121,121,"Cheese Quesadillas",Mexican,10.5
6128,2715,2023-02-14,"9:31:51 PM",121,121,"Cheese Quesadillas",Mexican,10.5
6335,2800,2023-02-16,"3:46:10 PM",121,121,"Cheese Quesadillas",Mexican,10.5
6341,2803,2023-02-16,"4:23:34 PM",121,121,"Cheese Quesadillas",Mexican,10.5
6388,2824,2023-02-16,"7:55:28 PM",121,121,"Cheese Quesadillas",Mexican,10.5
6396,2827,2023-02-17,"11:24:02 AM",121,121,"Cheese Quesadillas",Mexican,10.5
6452,2853,2023-02-17,"2:49:35 PM",121,121,"Cheese Quesadillas",Mexican,10.5
6467,2859,2023-02-17,"4:56:21 PM",121,121,"Cheese Quesadillas",Mexican,10.5
6553,2897,2023-02-18,"12:25:17 PM",121,121,"Cheese Quesadillas",Mexican,10.5
6564,2903,2023-02-18,"1:10:12 PM",121,121,"Cheese Quesadillas",Mexican,10.5
6625,2929,2023-02-18,"6:22:28 PM",121,121,"Cheese Quesadillas",Mexican,10.5
6634,2932,2023-02-18,"6:50:08 PM",121,121,"Cheese Quesadillas",Mexican,10.5
6682,2948,2023-02-18,"10:40:30 PM",121,121,"Cheese Quesadillas",Mexican,10.5
6744,2975,2023-02-19,"3:22:51 PM",121,121,"Cheese Quesadillas",Mexican,10.5
6787,2998,2023-02-19,"7:52:20 PM",121,121,"Cheese Quesadillas",Mexican,10.5
6909,3048,2023-02-20,"5:45:15 PM",121,121,"Cheese Quesadillas",Mexican,10.5
6931,3058,2023-02-20,"7:19:17 PM",121,121,"Cheese Quesadillas",Mexican,10.5
6999,3088,2023-02-21,"1:20:12 PM",121,121,"Cheese Quesadillas",Mexican,10.5
7097,3133,2023-02-21,"11:05:24 PM",121,121,"Cheese Quesadillas",Mexican,10.5
7140,3147,2023-02-22,"3:59:59 PM",121,121,"Cheese Quesadillas",Mexican,10.5
7191,3171,2023-02-23,"11:18:31 AM",121,121,"Cheese Quesadillas",Mexican,10.5
7200,3175,2023-02-23,"12:10:43 PM",121,121,"Cheese Quesadillas",Mexican,10.5
7234,3188,2023-02-23,"1:34:56 PM",121,121,"Cheese Quesadillas",Mexican,10.5
7321,3226,2023-02-24,"11:56:22 AM",121,121,"Cheese Quesadillas",Mexican,10.5
7328,3230,2023-02-24,"12:13:18 PM",121,121,"Cheese Quesadillas",Mexican,10.5
7345,3234,2023-02-24,"12:34:37 PM",121,121,"Cheese Quesadillas",Mexican,10.5
7467,3290,2023-02-25,"12:32:36 PM",121,121,"Cheese Quesadillas",Mexican,10.5
7499,3303,2023-02-25,"1:29:23 PM",121,121,"Cheese Quesadillas",Mexican,10.5
7510,3307,2023-02-25,"2:43:41 PM",121,121,"Cheese Quesadillas",Mexican,10.5
7511,3307,2023-02-25,"2:43:41 PM",121,121,"Cheese Quesadillas",Mexican,10.5
7563,3330,2023-02-25,"6:58:00 PM",121,121,"Cheese Quesadillas",Mexican,10.5
7564,3331,2023-02-25,"7:31:42 PM",121,121,"Cheese Quesadillas",Mexican,10.5
7615,3355,2023-02-26,"1:04:26 PM",121,121,"Cheese Quesadillas",Mexican,10.5
7616,3355,2023-02-26,"1:04:26 PM",121,121,"Cheese Quesadillas",Mexican,10.5
7676,3380,2023-02-26,"5:16:51 PM",121,121,"Cheese Quesadillas",Mexican,10.5
7693,3387,2023-02-26,"5:51:35 PM",121,121,"Cheese Quesadillas",Mexican,10.5
7783,3423,2023-02-27,"2:09:03 PM",121,121,"Cheese Quesadillas",Mexican,10.5
7833,3444,2023-02-27,"5:57:03 PM",121,121,"Cheese Quesadillas",Mexican,10.5
7925,3481,2023-02-28,"12:48:17 PM",121,121,"Cheese Quesadillas",Mexican,10.5
7980,3504,2023-02-28,"6:16:10 PM",121,121,"Cheese Quesadillas",Mexican,10.5
7986,3507,2023-02-28,"6:47:24 PM",121,121,"Cheese Quesadillas",Mexican,10.5
8188,3592,2023-03-02,"1:11:50 PM",121,121,"Cheese Quesadillas",Mexican,10.5
8198,3598,2023-03-02,"1:46:38 PM",121,121,"Cheese Quesadillas",Mexican,10.5
8344,3659,2023-03-03,"2:03:25 PM",121,121,"Cheese Quesadillas",Mexican,10.5
8367,3666,2023-03-03,"4:43:44 PM",121,121,"Cheese Quesadillas",Mexican,10.5
8418,3690,2023-03-03,"9:58:18 PM",121,121,"Cheese Quesadillas",Mexican,10.5
8612,3774,2023-03-05,"1:47:15 PM",121,121,"Cheese Quesadillas",Mexican,10.5
8670,3798,2023-03-05,"5:24:03 PM",121,121,"Cheese Quesadillas",Mexican,10.5
8677,3800,2023-03-05,"5:30:54 PM",121,121,"Cheese Quesadillas",Mexican,10.5
8698,3811,2023-03-05,"7:33:05 PM",121,121,"Cheese Quesadillas",Mexican,10.5
8704,3815,2023-03-06,"11:31:57 AM",121,121,"Cheese Quesadillas",Mexican,10.5
8723,3822,2023-03-06,"12:30:08 PM",121,121,"Cheese Quesadillas",Mexican,10.5
8745,3832,2023-03-06,"1:23:16 PM",121,121,"Cheese Quesadillas",Mexican,10.5
8778,3851,2023-03-06,"5:15:19 PM",121,121,"Cheese Quesadillas",Mexican,10.5
8854,3883,2023-03-07,"11:48:30 AM",121,121,"Cheese Quesadillas",Mexican,10.5
8910,3904,2023-03-07,"5:22:07 PM",121,121,"Cheese Quesadillas",Mexican,10.5
8954,3923,2023-03-07,"8:22:59 PM",121,121,"Cheese Quesadillas",Mexican,10.5
8977,3934,2023-03-07,"10:31:24 PM",121,121,"Cheese Quesadillas",Mexican,10.5
9050,3968,2023-03-08,"4:55:44 PM",121,121,"Cheese Quesadillas",Mexican,10.5
9110,3995,2023-03-08,"8:47:41 PM",121,121,"Cheese Quesadillas",Mexican,10.5
9121,4000,2023-03-09,"11:34:01 AM",121,121,"Cheese Quesadillas",Mexican,10.5
9160,4014,2023-03-09,"1:39:39 PM",121,121,"Cheese Quesadillas",Mexican,10.5
9251,4054,2023-03-09,"9:39:28 PM",121,121,"Cheese Quesadillas",Mexican,10.5
9281,4064,2023-03-10,"12:39:50 PM",121,121,"Cheese Quesadillas",Mexican,10.5
9467,4145,2023-03-11,"4:23:58 PM",121,121,"Cheese Quesadillas",Mexican,10.5
9481,4151,2023-03-11,"4:49:53 PM",121,121,"Cheese Quesadillas",Mexican,10.5
9570,4192,2023-03-12,"1:56:27 PM",121,121,"Cheese Quesadillas",Mexican,10.5
9680,4238,2023-03-13,"12:57:25 PM",121,121,"Cheese Quesadillas",Mexican,10.5
9771,4279,2023-03-13,"7:35:26 PM",121,121,"Cheese Quesadillas",Mexican,10.5
9823,4302,2023-03-14,"12:47:54 PM",121,121,"Cheese Quesadillas",Mexican,10.5
9836,4305,2023-03-14,"1:09:20 PM",121,121,"Cheese Quesadillas",Mexican,10.5
9843,4306,2023-03-14,"1:16:23 PM",121,121,"Cheese Quesadillas",Mexican,10.5
9903,4339,2023-03-14,"6:44:41 PM",121,121,"Cheese Quesadillas",Mexican,10.5
10000,4378,2023-03-15,"4:12:31 PM",121,121,"Cheese Quesadillas",Mexican,10.5
10018,4384,2023-03-15,"4:57:07 PM",121,121,"Cheese Quesadillas",Mexican,10.5
10114,4425,2023-03-16,"1:39:34 PM",121,121,"Cheese Quesadillas",Mexican,10.5
10214,4475,2023-03-17,"12:56:00 PM",121,121,"Cheese Quesadillas",Mexican,10.5
10230,4479,2023-03-17,"1:33:20 PM",121,121,"Cheese Quesadillas",Mexican,10.5
10270,4492,2023-03-17,"3:48:20 PM",121,121,"Cheese Quesadillas",Mexican,10.5
10271,4493,2023-03-17,"4:05:41 PM",121,121,"Cheese Quesadillas",Mexican,10.5
10481,4591,2023-03-18,"8:04:42 PM",121,121,"Cheese Quesadillas",Mexican,10.5
10500,4603,2023-03-19,"11:24:09 AM",121,121,"Cheese Quesadillas",Mexican,10.5
10521,4611,2023-03-19,"12:26:04 PM",121,121,"Cheese Quesadillas",Mexican,10.5
10522,4611,2023-03-19,"12:26:04 PM",121,121,"Cheese Quesadillas",Mexican,10.5
10556,4623,2023-03-19,"2:41:44 PM",121,121,"Cheese Quesadillas",Mexican,10.5
10619,4648,2023-03-19,"7:40:10 PM",121,121,"Cheese Quesadillas",Mexican,10.5
10625,4651,2023-03-19,"7:55:20 PM",121,121,"Cheese Quesadillas",Mexican,10.5
10652,4664,2023-03-20,"12:24:44 PM",121,121,"Cheese Quesadillas",Mexican,10.5
10839,4743,2023-03-21,"2:17:42 PM",121,121,"Cheese Quesadillas",Mexican,10.5
10854,4751,2023-03-21,"3:21:55 PM",121,121,"Cheese Quesadillas",Mexican,10.5
10901,4771,2023-03-21,"7:49:47 PM",121,121,"Cheese Quesadillas",Mexican,10.5
11005,4822,2023-03-23,"11:31:48 AM",121,121,"Cheese Quesadillas",Mexican,10.5
11006,4822,2023-03-23,"11:31:48 AM",121,121,"Cheese Quesadillas",Mexican,10.5
11101,4865,2023-03-23,"6:58:05 PM",121,121,"Cheese Quesadillas",Mexican,10.5
11191,4910,2023-03-24,"4:43:09 PM",121,121,"Cheese Quesadillas",Mexican,10.5
11266,4946,2023-03-25,"12:06:23 PM",121,121,"Cheese Quesadillas",Mexican,10.5
11278,4951,2023-03-25,"12:41:13 PM",121,121,"Cheese Quesadillas",Mexican,10.5
11285,4955,2023-03-25,"1:10:57 PM",121,121,"Cheese Quesadillas",Mexican,10.5
11308,4968,2023-03-25,"5:07:45 PM",121,121,"Cheese Quesadillas",Mexican,10.5
11341,4979,2023-03-25,"6:57:01 PM",121,121,"Cheese Quesadillas",Mexican,10.5
11349,4983,2023-03-25,"7:39:31 PM",121,121,"Cheese Quesadillas",Mexican,10.5
11367,4993,2023-03-25,"9:13:53 PM",121,121,"Cheese Quesadillas",Mexican,10.5
11398,5011,2023-03-26,"12:55:44 PM",121,121,"Cheese Quesadillas",Mexican,10.5
11408,5015,2023-03-26,"1:35:54 PM",121,121,"Cheese Quesadillas",Mexican,10.5
11426,5019,2023-03-26,"2:12:31 PM",121,121,"Cheese Quesadillas",Mexican,10.5
11457,5034,2023-03-26,"4:51:53 PM",121,121,"Cheese Quesadillas",Mexican,10.5
11467,5039,2023-03-26,"5:30:05 PM",121,121,"Cheese Quesadillas",Mexican,10.5
11496,5056,2023-03-26,"8:01:53 PM",121,121,"Cheese Quesadillas",Mexican,10.5
11551,5079,2023-03-27,"1:41:43 PM",121,121,"Cheese Quesadillas",Mexican,10.5
11562,5083,2023-03-27,"2:33:01 PM",121,121,"Cheese Quesadillas",Mexican,10.5
11747,5161,2023-03-28,"4:56:08 PM",121,121,"Cheese Quesadillas",Mexican,10.5
11769,5173,2023-03-28,"6:55:29 PM",121,121,"Cheese Quesadillas",Mexican,10.5
11774,5175,2023-03-28,"7:25:20 PM",121,121,"Cheese Quesadillas",Mexican,10.5
11950,5249,2023-03-30,"11:25:41 AM",121,121,"Cheese Quesadillas",Mexican,10.5
11969,5259,2023-03-30,"12:52:24 PM",121,121,"Cheese Quesadillas",Mexican,10.5
12029,5284,2023-03-30,"5:11:39 PM",121,121,"Cheese Quesadillas",Mexican,10.5
12130,5327,2023-03-31,"1:51:47 PM",121,121,"Cheese Quesadillas",Mexican,10.5
12135,5329,2023-03-31,"2:48:27 PM",121,121,"Cheese Quesadillas",Mexican,10.5
12204,5359,2023-03-31,"7:13:16 PM",121,121,"Cheese Quesadillas",Mexican,10.5
21,9,2023-01-01,"12:52:01 PM",122,122,"Chips & Salsa",Mexican,7
120,48,2023-01-01,"6:26:42 PM",122,122,"Chips & Salsa",Mexican,7
127,52,2023-01-01,"6:53:02 PM",122,122,"Chips & Salsa",Mexican,7
133,55,2023-01-01,"7:03:19 PM",122,122,"Chips & Salsa",Mexican,7
153,65,2023-01-01,"9:16:00 PM",122,122,"Chips & Salsa",Mexican,7
177,76,2023-01-02,"12:21:17 PM",122,122,"Chips & Salsa",Mexican,7
184,78,2023-01-02,"12:28:14 PM",122,122,"Chips & Salsa",Mexican,7
194,82,2023-01-02,"12:45:51 PM",122,122,"Chips & Salsa",Mexican,7
238,101,2023-01-02,"5:51:33 PM",122,122,"Chips & Salsa",Mexican,7
250,106,2023-01-02,"6:12:13 PM",122,122,"Chips & Salsa",Mexican,7
253,107,2023-01-02,"6:25:09 PM",122,122,"Chips & Salsa",Mexican,7
265,110,2023-01-02,"6:36:19 PM",122,122,"Chips & Salsa",Mexican,7
296,124,2023-01-02,"8:12:34 PM",122,122,"Chips & Salsa",Mexican,7
301,128,2023-01-02,"9:05:06 PM",122,122,"Chips & Salsa",Mexican,7
324,137,2023-01-03,"11:34:10 AM",122,122,"Chips & Salsa",Mexican,7
351,144,2023-01-03,"1:44:28 PM",122,122,"Chips & Salsa",Mexican,7
386,161,2023-01-03,"4:43:46 PM",122,122,"Chips & Salsa",Mexican,7
461,196,2023-01-03,"9:40:14 PM",122,122,"Chips & Salsa",Mexican,7
480,204,2023-01-04,"11:36:25 AM",122,122,"Chips & Salsa",Mexican,7
486,206,2023-01-04,"11:45:10 AM",122,122,"Chips & Salsa",Mexican,7
487,207,2023-01-04,"12:03:58 PM",122,122,"Chips & Salsa",Mexican,7
508,218,2023-01-04,"2:35:11 PM",122,122,"Chips & Salsa",Mexican,7
516,220,2023-01-04,"3:31:59 PM",122,122,"Chips & Salsa",Mexican,7
563,244,2023-01-04,"8:26:22 PM",122,122,"Chips & Salsa",Mexican,7
600,265,2023-01-05,"1:04:42 PM",122,122,"Chips & Salsa",Mexican,7
630,276,2023-01-05,"3:18:18 PM",122,122,"Chips & Salsa",Mexican,7
694,305,2023-01-05,"8:35:40 PM",122,122,"Chips & Salsa",Mexican,7
731,318,2023-01-06,"12:45:14 PM",122,122,"Chips & Salsa",Mexican,7
748,329,2023-01-06,"1:22:44 PM",122,122,"Chips & Salsa",Mexican,7
760,330,2023-01-06,"1:27:11 PM",122,122,"Chips & Salsa",Mexican,7
761,330,2023-01-06,"1:27:11 PM",122,122,"Chips & Salsa",Mexican,7
780,339,2023-01-06,"3:25:13 PM",122,122,"Chips & Salsa",Mexican,7
804,350,2023-01-06,"5:37:05 PM",122,122,"Chips & Salsa",Mexican,7
865,383,2023-01-07,"12:43:59 PM",122,122,"Chips & Salsa",Mexican,7
879,387,2023-01-07,"1:03:14 PM",122,122,"Chips & Salsa",Mexican,7
895,392,2023-01-07,"1:36:47 PM",122,122,"Chips & Salsa",Mexican,7
906,394,2023-01-07,"2:02:18 PM",122,122,"Chips & Salsa",Mexican,7
977,429,2023-01-07,"10:16:53 PM",122,122,"Chips & Salsa",Mexican,7
987,433,2023-01-08,"11:49:50 AM",122,122,"Chips & Salsa",Mexican,7
989,434,2023-01-08,"11:54:14 AM",122,122,"Chips & Salsa",Mexican,7
1013,440,2023-01-08,"12:16:34 PM",122,122,"Chips & Salsa",Mexican,7
1017,441,2023-01-08,"12:16:58 PM",122,122,"Chips & Salsa",Mexican,7
1030,443,2023-01-08,"12:34:20 PM",122,122,"Chips & Salsa",Mexican,7
1031,443,2023-01-08,"12:34:20 PM",122,122,"Chips & Salsa",Mexican,7
1055,454,2023-01-08,"1:31:40 PM",122,122,"Chips & Salsa",Mexican,7
1064,459,2023-01-08,"2:14:02 PM",122,122,"Chips & Salsa",Mexican,7
1107,482,2023-01-08,"5:52:42 PM",122,122,"Chips & Salsa",Mexican,7
1111,483,2023-01-08,"5:54:05 PM",122,122,"Chips & Salsa",Mexican,7
1161,509,2023-01-09,"12:13:58 PM",122,122,"Chips & Salsa",Mexican,7
1165,510,2023-01-09,"12:15:03 PM",122,122,"Chips & Salsa",Mexican,7
1213,533,2023-01-09,"4:28:43 PM",122,122,"Chips & Salsa",Mexican,7
1262,557,2023-01-09,"8:30:06 PM",122,122,"Chips & Salsa",Mexican,7
1266,560,2023-01-09,"9:13:48 PM",122,122,"Chips & Salsa",Mexican,7
1283,567,2023-01-10,"12:27:47 PM",122,122,"Chips & Salsa",Mexican,7
1337,593,2023-01-10,"5:48:57 PM",122,122,"Chips & Salsa",Mexican,7
1345,597,2023-01-10,"6:32:36 PM",122,122,"Chips & Salsa",Mexican,7
1398,621,2023-01-10,"8:49:29 PM",122,122,"Chips & Salsa",Mexican,7
1400,622,2023-01-10,"8:57:41 PM",122,122,"Chips & Salsa",Mexican,7
1505,668,2023-01-11,"6:13:12 PM",122,122,"Chips & Salsa",Mexican,7
1512,672,2023-01-11,"7:18:46 PM",122,122,"Chips & Salsa",Mexican,7
1525,678,2023-01-11,"7:52:49 PM",122,122,"Chips & Salsa",Mexican,7
1541,688,2023-01-12,"12:26:41 PM",122,122,"Chips & Salsa",Mexican,7
1558,696,2023-01-12,"1:49:40 PM",122,122,"Chips & Salsa",Mexican,7
1617,721,2023-01-12,"6:17:15 PM",122,122,"Chips & Salsa",Mexican,7
1679,746,2023-01-13,"1:41:13 PM",122,122,"Chips & Salsa",Mexican,7
1683,747,2023-01-13,"2:15:02 PM",122,122,"Chips & Salsa",Mexican,7
1706,757,2023-01-13,"4:10:34 PM",122,122,"Chips & Salsa",Mexican,7
1772,787,2023-01-14,"11:45:30 AM",122,122,"Chips & Salsa",Mexican,7
1805,800,2023-01-14,"12:54:35 PM",122,122,"Chips & Salsa",Mexican,7
1870,829,2023-01-14,"6:27:42 PM",122,122,"Chips & Salsa",Mexican,7
1916,849,2023-01-15,"12:08:30 PM",122,122,"Chips & Salsa",Mexican,7
1917,849,2023-01-15,"12:08:30 PM",122,122,"Chips & Salsa",Mexican,7
1931,856,2023-01-15,"12:59:20 PM",122,122,"Chips & Salsa",Mexican,7
1941,860,2023-01-15,"1:07:53 PM",122,122,"Chips & Salsa",Mexican,7
1971,876,2023-01-15,"3:27:03 PM",122,122,"Chips & Salsa",Mexican,7
1991,885,2023-01-15,"4:57:55 PM",122,122,"Chips & Salsa",Mexican,7
1995,886,2023-01-15,"5:05:35 PM",122,122,"Chips & Salsa",Mexican,7
1997,887,2023-01-15,"5:13:58 PM",122,122,"Chips & Salsa",Mexican,7
2016,899,2023-01-15,"7:06:14 PM",122,122,"Chips & Salsa",Mexican,7
2037,909,2023-01-16,"11:19:25 AM",122,122,"Chips & Salsa",Mexican,7
2053,915,2023-01-16,"12:20:22 PM",122,122,"Chips & Salsa",Mexican,7
2100,935,2023-01-16,"4:14:59 PM",122,122,"Chips & Salsa",Mexican,7
2104,937,2023-01-16,"4:20:32 PM",122,122,"Chips & Salsa",Mexican,7
2132,948,2023-01-16,"6:42:17 PM",122,122,"Chips & Salsa",Mexican,7
2158,960,2023-01-16,"7:35:00 PM",122,122,"Chips & Salsa",Mexican,7
2169,965,2023-01-16,"8:41:02 PM",122,122,"Chips & Salsa",Mexican,7
2179,970,2023-01-16,"9:44:35 PM",122,122,"Chips & Salsa",Mexican,7
2202,978,2023-01-17,"12:24:36 PM",122,122,"Chips & Salsa",Mexican,7
2248,1001,2023-01-17,"5:28:05 PM",122,122,"Chips & Salsa",Mexican,7
2311,1030,2023-01-17,"10:13:59 PM",122,122,"Chips & Salsa",Mexican,7
2349,1043,2023-01-18,"2:07:36 PM",122,122,"Chips & Salsa",Mexican,7
2414,1073,2023-01-18,"6:42:02 PM",122,122,"Chips & Salsa",Mexican,7
2429,1080,2023-01-18,"9:22:58 PM",122,122,"Chips & Salsa",Mexican,7
2480,1096,2023-01-19,"12:56:45 PM",122,122,"Chips & Salsa",Mexican,7
2522,1116,2023-01-19,"5:09:15 PM",122,122,"Chips & Salsa",Mexican,7
2573,1139,2023-01-20,"11:25:59 AM",122,122,"Chips & Salsa",Mexican,7
2589,1145,2023-01-20,"12:04:15 PM",122,122,"Chips & Salsa",Mexican,7
2621,1153,2023-01-20,"12:56:30 PM",122,122,"Chips & Salsa",Mexican,7
2665,1176,2023-01-20,"5:05:19 PM",122,122,"Chips & Salsa",Mexican,7
2668,1178,2023-01-20,"6:01:13 PM",122,122,"Chips & Salsa",Mexican,7
2696,1194,2023-01-20,"8:27:18 PM",122,122,"Chips & Salsa",Mexican,7
2708,1201,2023-01-20,"10:40:10 PM",122,122,"Chips & Salsa",Mexican,7
2753,1218,2023-01-21,"2:27:30 PM",122,122,"Chips & Salsa",Mexican,7
2782,1231,2023-01-21,"4:45:04 PM",122,122,"Chips & Salsa",Mexican,7
2815,1243,2023-01-21,"7:02:27 PM",122,122,"Chips & Salsa",Mexican,7
2856,1264,2023-01-22,"12:58:30 PM",122,122,"Chips & Salsa",Mexican,7
2904,1279,2023-01-22,"2:16:38 PM",122,122,"Chips & Salsa",Mexican,7
2905,1279,2023-01-22,"2:16:38 PM",122,122,"Chips & Salsa",Mexican,7
2913,1283,2023-01-22,"3:47:42 PM",122,122,"Chips & Salsa",Mexican,7
2926,1290,2023-01-22,"5:17:19 PM",122,122,"Chips & Salsa",Mexican,7
2930,1291,2023-01-22,"5:20:13 PM",122,122,"Chips & Salsa",Mexican,7
2945,1297,2023-01-22,"5:51:53 PM",122,122,"Chips & Salsa",Mexican,7
3037,1340,2023-01-23,"2:12:26 PM",122,122,"Chips & Salsa",Mexican,7
3054,1349,2023-01-23,"4:03:08 PM",122,122,"Chips & Salsa",Mexican,7
3069,1356,2023-01-23,"5:11:00 PM",122,122,"Chips & Salsa",Mexican,7
3071,1357,2023-01-23,"5:17:58 PM",122,122,"Chips & Salsa",Mexican,7
3103,1373,2023-01-23,"7:00:30 PM",122,122,"Chips & Salsa",Mexican,7
3207,1421,2023-01-24,"6:17:01 PM",122,122,"Chips & Salsa",Mexican,7
3271,1449,2023-01-24,"9:12:27 PM",122,122,"Chips & Salsa",Mexican,7
3297,1457,2023-01-25,"1:35:53 PM",122,122,"Chips & Salsa",Mexican,7
3380,1495,2023-01-25,"9:17:32 PM",122,122,"Chips & Salsa",Mexican,7
3391,1500,2023-01-26,"11:52:57 AM",122,122,"Chips & Salsa",Mexican,7
3395,1501,2023-01-26,"12:03:55 PM",122,122,"Chips & Salsa",Mexican,7
3485,1544,2023-01-26,"7:32:50 PM",122,122,"Chips & Salsa",Mexican,7
3540,1569,2023-01-27,"1:38:50 PM",122,122,"Chips & Salsa",Mexican,7
3561,1579,2023-01-27,"4:19:56 PM",122,122,"Chips & Salsa",Mexican,7
3596,1593,2023-01-27,"6:06:25 PM",122,122,"Chips & Salsa",Mexican,7
3632,1612,2023-01-27,"9:03:29 PM",122,122,"Chips & Salsa",Mexican,7
3652,1620,2023-01-28,"11:38:50 AM",122,122,"Chips & Salsa",Mexican,7
3655,1622,2023-01-28,"11:49:42 AM",122,122,"Chips & Salsa",Mexican,7
3673,1632,2023-01-28,"12:20:31 PM",122,122,"Chips & Salsa",Mexican,7
3717,1648,2023-01-28,"3:43:15 PM",122,122,"Chips & Salsa",Mexican,7
3729,1654,2023-01-28,"5:31:36 PM",122,122,"Chips & Salsa",Mexican,7
3732,1655,2023-01-28,"6:15:14 PM",122,122,"Chips & Salsa",Mexican,7
3764,1670,2023-01-29,"11:52:11 AM",122,122,"Chips & Salsa",Mexican,7
3774,1675,2023-01-29,"12:26:53 PM",122,122,"Chips & Salsa",Mexican,7
3862,1718,2023-01-29,"8:15:51 PM",122,122,"Chips & Salsa",Mexican,7
3871,1724,2023-01-29,"9:04:42 PM",122,122,"Chips & Salsa",Mexican,7
3899,1734,2023-01-30,"12:36:42 PM",122,122,"Chips & Salsa",Mexican,7
3936,1752,2023-01-30,"4:51:01 PM",122,122,"Chips & Salsa",Mexican,7
3996,1784,2023-01-30,"9:06:05 PM",122,122,"Chips & Salsa",Mexican,7
4009,1790,2023-01-30,"10:07:03 PM",122,122,"Chips & Salsa",Mexican,7
4030,1795,2023-01-31,"1:21:53 PM",122,122,"Chips & Salsa",Mexican,7
4031,1795,2023-01-31,"1:21:53 PM",122,122,"Chips & Salsa",Mexican,7
4085,1816,2023-01-31,"5:59:29 PM",122,122,"Chips & Salsa",Mexican,7
4140,1839,2023-01-31,"8:58:38 PM",122,122,"Chips & Salsa",Mexican,7
4146,1841,2023-01-31,"9:01:18 PM",122,122,"Chips & Salsa",Mexican,7
4174,1851,2023-02-01,"11:49:01 AM",122,122,"Chips & Salsa",Mexican,7
4189,1858,2023-02-01,"12:43:50 PM",122,122,"Chips & Salsa",Mexican,7
4207,1867,2023-02-01,"2:35:50 PM",122,122,"Chips & Salsa",Mexican,7
4248,1885,2023-02-01,"4:34:57 PM",122,122,"Chips & Salsa",Mexican,7
4264,1891,2023-02-01,"5:11:07 PM",122,122,"Chips & Salsa",Mexican,7
4274,1895,2023-02-01,"5:24:50 PM",122,122,"Chips & Salsa",Mexican,7
4307,1915,2023-02-01,"7:24:26 PM",122,122,"Chips & Salsa",Mexican,7
4315,1919,2023-02-01,"8:03:59 PM",122,122,"Chips & Salsa",Mexican,7
4333,1927,2023-02-01,"9:31:03 PM",122,122,"Chips & Salsa",Mexican,7
4364,1944,2023-02-02,"12:49:13 PM",122,122,"Chips & Salsa",Mexican,7
4382,1951,2023-02-02,"1:39:08 PM",122,122,"Chips & Salsa",Mexican,7
4412,1963,2023-02-02,"3:59:08 PM",122,122,"Chips & Salsa",Mexican,7
4422,1966,2023-02-02,"4:14:14 PM",122,122,"Chips & Salsa",Mexican,7
4454,1981,2023-02-02,"7:10:40 PM",122,122,"Chips & Salsa",Mexican,7
4476,1990,2023-02-02,"9:22:35 PM",122,122,"Chips & Salsa",Mexican,7
4501,1999,2023-02-03,"12:07:51 PM",122,122,"Chips & Salsa",Mexican,7
4543,2011,2023-02-03,"1:01:28 PM",122,122,"Chips & Salsa",Mexican,7
4545,2012,2023-02-03,"1:19:00 PM",122,122,"Chips & Salsa",Mexican,7
4550,2014,2023-02-03,"1:23:13 PM",122,122,"Chips & Salsa",Mexican,7
4588,2033,2023-02-03,"5:13:15 PM",122,122,"Chips & Salsa",Mexican,7
4614,2048,2023-02-03,"6:48:26 PM",122,122,"Chips & Salsa",Mexican,7
4642,2058,2023-02-04,"11:19:17 AM",122,122,"Chips & Salsa",Mexican,7
4645,2059,2023-02-04,"11:41:34 AM",122,122,"Chips & Salsa",Mexican,7
4647,2060,2023-02-04,"11:45:09 AM",122,122,"Chips & Salsa",Mexican,7
4661,2067,2023-02-04,"12:47:00 PM",122,122,"Chips & Salsa",Mexican,7
4691,2075,2023-02-04,"2:03:04 PM",122,122,"Chips & Salsa",Mexican,7
4699,2079,2023-02-04,"2:57:11 PM",122,122,"Chips & Salsa",Mexican,7
4716,2089,2023-02-04,"5:05:16 PM",122,122,"Chips & Salsa",Mexican,7
4790,2123,2023-02-05,"12:54:56 PM",122,122,"Chips & Salsa",Mexican,7
4817,2130,2023-02-05,"2:17:14 PM",122,122,"Chips & Salsa",Mexican,7
4866,2153,2023-02-05,"6:38:01 PM",122,122,"Chips & Salsa",Mexican,7
4893,2167,2023-02-05,"8:56:14 PM",122,122,"Chips & Salsa",Mexican,7
4952,2188,2023-02-06,"1:13:33 PM",122,122,"Chips & Salsa",Mexican,7
4997,2209,2023-02-06,"5:11:37 PM",122,122,"Chips & Salsa",Mexican,7
5006,2214,2023-02-06,"5:57:31 PM",122,122,"Chips & Salsa",Mexican,7
5008,2215,2023-02-06,"6:07:53 PM",122,122,"Chips & Salsa",Mexican,7
5031,2226,2023-02-06,"7:29:57 PM",122,122,"Chips & Salsa",Mexican,7
5055,2237,2023-02-06,"9:37:09 PM",122,122,"Chips & Salsa",Mexican,7
5071,2245,2023-02-07,"12:30:31 PM",122,122,"Chips & Salsa",Mexican,7
5095,2255,2023-02-07,"3:15:54 PM",122,122,"Chips & Salsa",Mexican,7
5113,2263,2023-02-07,"4:42:45 PM",122,122,"Chips & Salsa",Mexican,7
5178,2293,2023-02-07,"9:14:52 PM",122,122,"Chips & Salsa",Mexican,7
5184,2296,2023-02-07,"9:24:01 PM",122,122,"Chips & Salsa",Mexican,7
5216,2309,2023-02-08,"1:06:36 PM",122,122,"Chips & Salsa",Mexican,7
5227,2314,2023-02-08,"2:25:11 PM",122,122,"Chips & Salsa",Mexican,7
5237,2318,2023-02-08,"3:00:00 PM",122,122,"Chips & Salsa",Mexican,7
5257,2329,2023-02-08,"5:19:00 PM",122,122,"Chips & Salsa",Mexican,7
5269,2333,2023-02-08,"6:02:00 PM",122,122,"Chips & Salsa",Mexican,7
5271,2334,2023-02-08,"6:06:04 PM",122,122,"Chips & Salsa",Mexican,7
5275,2335,2023-02-08,"6:20:27 PM",122,122,"Chips & Salsa",Mexican,7
5288,2343,2023-02-08,"7:20:14 PM",122,122,"Chips & Salsa",Mexican,7
5304,2349,2023-02-08,"8:59:06 PM",122,122,"Chips & Salsa",Mexican,7
5367,2372,2023-02-09,"2:04:34 PM",122,122,"Chips & Salsa",Mexican,7
5381,2377,2023-02-09,"3:26:16 PM",122,122,"Chips & Salsa",Mexican,7
5394,2382,2023-02-09,"5:09:34 PM",122,122,"Chips & Salsa",Mexican,7
5421,2396,2023-02-09,"6:34:07 PM",122,122,"Chips & Salsa",Mexican,7
5463,2415,2023-02-10,"12:34:39 PM",122,122,"Chips & Salsa",Mexican,7
5465,2416,2023-02-10,"12:37:42 PM",122,122,"Chips & Salsa",Mexican,7
5477,2422,2023-02-10,"12:58:32 PM",122,122,"Chips & Salsa",Mexican,7
5483,2425,2023-02-10,"1:17:12 PM",122,122,"Chips & Salsa",Mexican,7
5500,2431,2023-02-10,"2:06:28 PM",122,122,"Chips & Salsa",Mexican,7
5520,2441,2023-02-10,"4:49:23 PM",122,122,"Chips & Salsa",Mexican,7
5538,2450,2023-02-10,"5:55:50 PM",122,122,"Chips & Salsa",Mexican,7
5612,2486,2023-02-11,"1:30:45 PM",122,122,"Chips & Salsa",Mexican,7
5640,2499,2023-02-11,"4:34:30 PM",122,122,"Chips & Salsa",Mexican,7
5686,2519,2023-02-11,"7:04:08 PM",122,122,"Chips & Salsa",Mexican,7
5735,2542,2023-02-12,"11:57:08 AM",122,122,"Chips & Salsa",Mexican,7
5777,2559,2023-02-12,"2:22:23 PM",122,122,"Chips & Salsa",Mexican,7
5825,2582,2023-02-12,"5:59:55 PM",122,122,"Chips & Salsa",Mexican,7
5839,2588,2023-02-12,"8:01:13 PM",122,122,"Chips & Salsa",Mexican,7
5856,2596,2023-02-13,"11:27:46 AM",122,122,"Chips & Salsa",Mexican,7
5881,2608,2023-02-13,"1:11:19 PM",122,122,"Chips & Salsa",Mexican,7
5896,2612,2023-02-13,"1:43:11 PM",122,122,"Chips & Salsa",Mexican,7
5922,2625,2023-02-13,"4:23:52 PM",122,122,"Chips & Salsa",Mexican,7
5925,2626,2023-02-13,"4:49:57 PM",122,122,"Chips & Salsa",Mexican,7
5947,2633,2023-02-13,"5:37:46 PM",122,122,"Chips & Salsa",Mexican,7
5975,2647,2023-02-13,"8:45:14 PM",122,122,"Chips & Salsa",Mexican,7
5985,2650,2023-02-13,"8:55:07 PM",122,122,"Chips & Salsa",Mexican,7
6013,2666,2023-02-14,"11:48:35 AM",122,122,"Chips & Salsa",Mexican,7
6020,2670,2023-02-14,"1:13:51 PM",122,122,"Chips & Salsa",Mexican,7
6081,2697,2023-02-14,"6:43:18 PM",122,122,"Chips & Salsa",Mexican,7
6096,2703,2023-02-14,"7:11:09 PM",122,122,"Chips & Salsa",Mexican,7
6129,2715,2023-02-14,"9:31:51 PM",122,122,"Chips & Salsa",Mexican,7
6163,2725,2023-02-15,"11:52:00 AM",122,122,"Chips & Salsa",Mexican,7
6246,2765,2023-02-15,"7:28:59 PM",122,122,"Chips & Salsa",Mexican,7
6332,2798,2023-02-16,"2:39:07 PM",122,122,"Chips & Salsa",Mexican,7
6374,2817,2023-02-16,"6:37:05 PM",122,122,"Chips & Salsa",Mexican,7
6400,2829,2023-02-17,"11:41:17 AM",122,122,"Chips & Salsa",Mexican,7
6421,2843,2023-02-17,"1:36:33 PM",122,122,"Chips & Salsa",Mexican,7
6509,2881,2023-02-17,"8:59:44 PM",122,122,"Chips & Salsa",Mexican,7
6560,2902,2023-02-18,"1:04:25 PM",122,122,"Chips & Salsa",Mexican,7
6635,2932,2023-02-18,"6:50:08 PM",122,122,"Chips & Salsa",Mexican,7
6636,2932,2023-02-18,"6:50:08 PM",122,122,"Chips & Salsa",Mexican,7
6655,2939,2023-02-18,"8:08:11 PM",122,122,"Chips & Salsa",Mexican,7
6675,2946,2023-02-18,"9:40:57 PM",122,122,"Chips & Salsa",Mexican,7
6708,2960,2023-02-19,"1:09:03 PM",122,122,"Chips & Salsa",Mexican,7
6750,2978,2023-02-19,"3:45:48 PM",122,122,"Chips & Salsa",Mexican,7
6761,2985,2023-02-19,"5:36:55 PM",122,122,"Chips & Salsa",Mexican,7
6795,3001,2023-02-19,"8:34:39 PM",122,122,"Chips & Salsa",Mexican,7
6814,3009,2023-02-20,"12:21:25 PM",122,122,"Chips & Salsa",Mexican,7
6818,3011,2023-02-20,"12:29:25 PM",122,122,"Chips & Salsa",Mexican,7
6822,3012,2023-02-20,"12:32:03 PM",122,122,"Chips & Salsa",Mexican,7
6893,3041,2023-02-20,"4:25:39 PM",122,122,"Chips & Salsa",Mexican,7
6906,3047,2023-02-20,"5:42:09 PM",122,122,"Chips & Salsa",Mexican,7
6988,3082,2023-02-21,"12:37:30 PM",122,122,"Chips & Salsa",Mexican,7
7028,3098,2023-02-21,"3:26:00 PM",122,122,"Chips & Salsa",Mexican,7
7034,3101,2023-02-21,"4:12:23 PM",122,122,"Chips & Salsa",Mexican,7
7048,3108,2023-02-21,"5:28:57 PM",122,122,"Chips & Salsa",Mexican,7
7106,3136,2023-02-22,"12:39:19 PM",122,122,"Chips & Salsa",Mexican,7
7137,3146,2023-02-22,"3:55:09 PM",122,122,"Chips & Salsa",Mexican,7
7144,3149,2023-02-22,"4:23:12 PM",122,122,"Chips & Salsa",Mexican,7
7181,3167,2023-02-22,"9:13:36 PM",122,122,"Chips & Salsa",Mexican,7
7205,3178,2023-02-23,"12:30:16 PM",122,122,"Chips & Salsa",Mexican,7
7231,3187,2023-02-23,"1:27:18 PM",122,122,"Chips & Salsa",Mexican,7
7232,3187,2023-02-23,"1:27:18 PM",122,122,"Chips & Salsa",Mexican,7
7254,3196,2023-02-23,"4:28:00 PM",122,122,"Chips & Salsa",Mexican,7
7323,3227,2023-02-24,"11:57:44 AM",122,122,"Chips & Salsa",Mexican,7
7335,3232,2023-02-24,"12:24:43 PM",122,122,"Chips & Salsa",Mexican,7
7353,3238,2023-02-24,"12:52:55 PM",122,122,"Chips & Salsa",Mexican,7
7357,3240,2023-02-24,"1:24:10 PM",122,122,"Chips & Salsa",Mexican,7
7418,3268,2023-02-24,"7:23:15 PM",122,122,"Chips & Salsa",Mexican,7
7508,3306,2023-02-25,"2:25:47 PM",122,122,"Chips & Salsa",Mexican,7
7546,3322,2023-02-25,"5:25:13 PM",122,122,"Chips & Salsa",Mexican,7
7553,3326,2023-02-25,"6:15:41 PM",122,122,"Chips & Salsa",Mexican,7
7666,3373,2023-02-26,"4:01:28 PM",122,122,"Chips & Salsa",Mexican,7
7735,3404,2023-02-27,"12:00:32 PM",122,122,"Chips & Salsa",Mexican,7
7792,3426,2023-02-27,"3:27:21 PM",122,122,"Chips & Salsa",Mexican,7
7807,3432,2023-02-27,"4:35:16 PM",122,122,"Chips & Salsa",Mexican,7
7812,3435,2023-02-27,"4:55:04 PM",122,122,"Chips & Salsa",Mexican,7
7841,3447,2023-02-27,"6:14:22 PM",122,122,"Chips & Salsa",Mexican,7
7862,3454,2023-02-27,"6:57:55 PM",122,122,"Chips & Salsa",Mexican,7
7882,3463,2023-02-27,"8:11:00 PM",122,122,"Chips & Salsa",Mexican,7
7895,3471,2023-02-27,"10:03:03 PM",122,122,"Chips & Salsa",Mexican,7
7908,3473,2023-02-28,"11:49:43 AM",122,122,"Chips & Salsa",Mexican,7
7909,3473,2023-02-28,"11:49:43 AM",122,122,"Chips & Salsa",Mexican,7
7935,3485,2023-02-28,"2:02:50 PM",122,122,"Chips & Salsa",Mexican,7
7953,3494,2023-02-28,"4:34:35 PM",122,122,"Chips & Salsa",Mexican,7
7960,3497,2023-02-28,"5:19:30 PM",122,122,"Chips & Salsa",Mexican,7
7971,3501,2023-02-28,"5:45:11 PM",122,122,"Chips & Salsa",Mexican,7
8006,3512,2023-02-28,"7:39:15 PM",122,122,"Chips & Salsa",Mexican,7
8012,3516,2023-02-28,"8:05:17 PM",122,122,"Chips & Salsa",Mexican,7
8016,3517,2023-02-28,"8:06:50 PM",122,122,"Chips & Salsa",Mexican,7
8091,3550,2023-03-01,"5:04:49 PM",122,122,"Chips & Salsa",Mexican,7
8098,3554,2023-03-01,"5:42:36 PM",122,122,"Chips & Salsa",Mexican,7
8105,3557,2023-03-01,"6:07:12 PM",122,122,"Chips & Salsa",Mexican,7
8120,3564,2023-03-01,"6:56:36 PM",122,122,"Chips & Salsa",Mexican,7
8151,3582,2023-03-02,"11:55:07 AM",122,122,"Chips & Salsa",Mexican,7
8161,3583,2023-03-02,"12:07:16 PM",122,122,"Chips & Salsa",Mexican,7
8162,3583,2023-03-02,"12:07:16 PM",122,122,"Chips & Salsa",Mexican,7
8185,3590,2023-03-02,"12:50:05 PM",122,122,"Chips & Salsa",Mexican,7
8186,3590,2023-03-02,"12:50:05 PM",122,122,"Chips & Salsa",Mexican,7
8192,3593,2023-03-02,"1:15:28 PM",122,122,"Chips & Salsa",Mexican,7
8212,3606,2023-03-02,"3:40:12 PM",122,122,"Chips & Salsa",Mexican,7
8260,3627,2023-03-02,"6:45:21 PM",122,122,"Chips & Salsa",Mexican,7
8271,3631,2023-03-02,"8:41:25 PM",122,122,"Chips & Salsa",Mexican,7
8288,3639,2023-03-03,"11:31:41 AM",122,122,"Chips & Salsa",Mexican,7
8329,3654,2023-03-03,"1:38:34 PM",122,122,"Chips & Salsa",Mexican,7
8416,3689,2023-03-03,"9:41:41 PM",122,122,"Chips & Salsa",Mexican,7
8521,3732,2023-03-04,"6:13:25 PM",122,122,"Chips & Salsa",Mexican,7
8567,3751,2023-03-05,"11:47:34 AM",122,122,"Chips & Salsa",Mexican,7
8571,3753,2023-03-05,"12:01:47 PM",122,122,"Chips & Salsa",Mexican,7
8589,3765,2023-03-05,"1:21:27 PM",122,122,"Chips & Salsa",Mexican,7
8604,3773,2023-03-05,"1:41:31 PM",122,122,"Chips & Salsa",Mexican,7
8633,3782,2023-03-05,"3:29:44 PM",122,122,"Chips & Salsa",Mexican,7
8638,3783,2023-03-05,"3:31:22 PM",122,122,"Chips & Salsa",Mexican,7
8697,3810,2023-03-05,"6:53:34 PM",122,122,"Chips & Salsa",Mexican,7
8710,3818,2023-03-06,"12:19:00 PM",122,122,"Chips & Salsa",Mexican,7
8713,3820,2023-03-06,"12:27:51 PM",122,122,"Chips & Salsa",Mexican,7
8722,3821,2023-03-06,"12:29:52 PM",122,122,"Chips & Salsa",Mexican,7
8738,3828,2023-03-06,"12:48:55 PM",122,122,"Chips & Salsa",Mexican,7
8774,3849,2023-03-06,"5:05:52 PM",122,122,"Chips & Salsa",Mexican,7
8814,3865,2023-03-06,"7:58:48 PM",122,122,"Chips & Salsa",Mexican,7
8838,3874,2023-03-06,"9:28:26 PM",122,122,"Chips & Salsa",Mexican,7
8925,3911,2023-03-07,"6:41:26 PM",122,122,"Chips & Salsa",Mexican,7
8933,3914,2023-03-07,"7:08:43 PM",122,122,"Chips & Salsa",Mexican,7
8982,3936,2023-03-07,"10:59:17 PM",122,122,"Chips & Salsa",Mexican,7
8996,3940,2023-03-08,"12:29:28 PM",122,122,"Chips & Salsa",Mexican,7
9023,3953,2023-03-08,"2:35:06 PM",122,122,"Chips & Salsa",Mexican,7
9033,3961,2023-03-08,"3:56:48 PM",122,122,"Chips & Salsa",Mexican,7
9062,3973,2023-03-08,"5:34:55 PM",122,122,"Chips & Salsa",Mexican,7
9067,3974,2023-03-08,"5:41:34 PM",122,122,"Chips & Salsa",Mexican,7
9105,3992,2023-03-08,"8:14:02 PM",122,122,"Chips & Salsa",Mexican,7
9162,4014,2023-03-09,"1:39:39 PM",122,122,"Chips & Salsa",Mexican,7
9169,4015,2023-03-09,"2:05:48 PM",122,122,"Chips & Salsa",Mexican,7
9170,4016,2023-03-09,"2:09:30 PM",122,122,"Chips & Salsa",Mexican,7
9254,4055,2023-03-09,"9:58:39 PM",122,122,"Chips & Salsa",Mexican,7
9268,4060,2023-03-10,"12:25:20 PM",122,122,"Chips & Salsa",Mexican,7
9283,4065,2023-03-10,"12:47:09 PM",122,122,"Chips & Salsa",Mexican,7
9302,4075,2023-03-10,"1:41:38 PM",122,122,"Chips & Salsa",Mexican,7
9339,4089,2023-03-10,"4:04:11 PM",122,122,"Chips & Salsa",Mexican,7
9349,4093,2023-03-10,"5:11:16 PM",122,122,"Chips & Salsa",Mexican,7
9358,4098,2023-03-10,"6:20:47 PM",122,122,"Chips & Salsa",Mexican,7
9368,4103,2023-03-10,"7:10:04 PM",122,122,"Chips & Salsa",Mexican,7
9381,4108,2023-03-10,"8:20:38 PM",122,122,"Chips & Salsa",Mexican,7
9395,4113,2023-03-10,"10:13:47 PM",122,122,"Chips & Salsa",Mexican,7
9473,4147,2023-03-11,"4:37:46 PM",122,122,"Chips & Salsa",Mexican,7
9480,4150,2023-03-11,"4:45:38 PM",122,122,"Chips & Salsa",Mexican,7
9511,4166,2023-03-11,"6:44:57 PM",122,122,"Chips & Salsa",Mexican,7
9541,4182,2023-03-12,"12:13:53 PM",122,122,"Chips & Salsa",Mexican,7
9608,4208,2023-03-12,"5:00:06 PM",122,122,"Chips & Salsa",Mexican,7
9671,4235,2023-03-13,"12:43:20 PM",122,122,"Chips & Salsa",Mexican,7
9739,4265,2023-03-13,"5:53:29 PM",122,122,"Chips & Salsa",Mexican,7
9795,4290,2023-03-13,"8:51:32 PM",122,122,"Chips & Salsa",Mexican,7
9825,4303,2023-03-14,"12:49:45 PM",122,122,"Chips & Salsa",Mexican,7
9852,4310,2023-03-14,"1:47:57 PM",122,122,"Chips & Salsa",Mexican,7
9884,4326,2023-03-14,"4:50:34 PM",122,122,"Chips & Salsa",Mexican,7
9901,4337,2023-03-14,"6:42:43 PM",122,122,"Chips & Salsa",Mexican,7
9902,4338,2023-03-14,"6:43:22 PM",122,122,"Chips & Salsa",Mexican,7
9929,4350,2023-03-14,"9:02:43 PM",122,122,"Chips & Salsa",Mexican,7
9993,4375,2023-03-15,"4:00:44 PM",122,122,"Chips & Salsa",Mexican,7
10011,4381,2023-03-15,"4:31:44 PM",122,122,"Chips & Salsa",Mexican,7
10021,4385,2023-03-15,"5:13:38 PM",122,122,"Chips & Salsa",Mexican,7
10022,4385,2023-03-15,"5:13:38 PM",122,122,"Chips & Salsa",Mexican,7
10028,4388,2023-03-15,"6:18:55 PM",122,122,"Chips & Salsa",Mexican,7
10064,4404,2023-03-16,"11:18:16 AM",122,122,"Chips & Salsa",Mexican,7
10116,4426,2023-03-16,"1:45:41 PM",122,122,"Chips & Salsa",Mexican,7
10122,4430,2023-03-16,"2:47:48 PM",122,122,"Chips & Salsa",Mexican,7
10127,4433,2023-03-16,"3:36:28 PM",122,122,"Chips & Salsa",Mexican,7
10163,4450,2023-03-16,"6:16:34 PM",122,122,"Chips & Salsa",Mexican,7
10167,4453,2023-03-16,"6:28:00 PM",122,122,"Chips & Salsa",Mexican,7
10182,4459,2023-03-16,"7:07:02 PM",122,122,"Chips & Salsa",Mexican,7
10201,4469,2023-03-16,"10:47:49 PM",122,122,"Chips & Salsa",Mexican,7
10219,4477,2023-03-17,"1:03:10 PM",122,122,"Chips & Salsa",Mexican,7
10273,4494,2023-03-17,"4:07:40 PM",122,122,"Chips & Salsa",Mexican,7
10276,4495,2023-03-17,"4:09:57 PM",122,122,"Chips & Salsa",Mexican,7
10360,4532,2023-03-17,"8:24:54 PM",122,122,"Chips & Salsa",Mexican,7
10374,4538,2023-03-17,"9:31:30 PM",122,122,"Chips & Salsa",Mexican,7
10393,4548,2023-03-18,"12:29:44 PM",122,122,"Chips & Salsa",Mexican,7
10408,4555,2023-03-18,"1:07:53 PM",122,122,"Chips & Salsa",Mexican,7
10409,4555,2023-03-18,"1:07:53 PM",122,122,"Chips & Salsa",Mexican,7
10418,4560,2023-03-18,"1:33:58 PM",122,122,"Chips & Salsa",Mexican,7
10449,4576,2023-03-18,"5:30:49 PM",122,122,"Chips & Salsa",Mexican,7
10455,4579,2023-03-18,"6:04:32 PM",122,122,"Chips & Salsa",Mexican,7
10477,4590,2023-03-18,"8:03:05 PM",122,122,"Chips & Salsa",Mexican,7
10484,4594,2023-03-18,"8:19:08 PM",122,122,"Chips & Salsa",Mexican,7
10523,4611,2023-03-19,"12:26:04 PM",122,122,"Chips & Salsa",Mexican,7
10576,4630,2023-03-19,"4:51:19 PM",122,122,"Chips & Salsa",Mexican,7
10648,4663,2023-03-20,"12:12:03 PM",122,122,"Chips & Salsa",Mexican,7
10664,4667,2023-03-20,"12:52:56 PM",122,122,"Chips & Salsa",Mexican,7
10723,4697,2023-03-20,"6:24:39 PM",122,122,"Chips & Salsa",Mexican,7
10738,4703,2023-03-20,"6:54:51 PM",122,122,"Chips & Salsa",Mexican,7
10768,4717,2023-03-20,"8:56:46 PM",122,122,"Chips & Salsa",Mexican,7
10772,4720,2023-03-20,"9:28:14 PM",122,122,"Chips & Salsa",Mexican,7
10773,4721,2023-03-20,"9:37:57 PM",122,122,"Chips & Salsa",Mexican,7
10782,4723,2023-03-20,"9:52:10 PM",122,122,"Chips & Salsa",Mexican,7
10840,4744,2023-03-21,"2:19:17 PM",122,122,"Chips & Salsa",Mexican,7
10853,4750,2023-03-21,"3:17:26 PM",122,122,"Chips & Salsa",Mexican,7
10857,4753,2023-03-21,"4:12:25 PM",122,122,"Chips & Salsa",Mexican,7
10879,4763,2023-03-21,"6:44:01 PM",122,122,"Chips & Salsa",Mexican,7
10883,4764,2023-03-21,"6:52:00 PM",122,122,"Chips & Salsa",Mexican,7
10890,4767,2023-03-21,"7:20:15 PM",122,122,"Chips & Salsa",Mexican,7
10927,4785,2023-03-22,"12:31:46 PM",122,122,"Chips & Salsa",Mexican,7
11020,4830,2023-03-23,"12:40:25 PM",122,122,"Chips & Salsa",Mexican,7
11082,4856,2023-03-23,"5:09:52 PM",122,122,"Chips & Salsa",Mexican,7
11110,4869,2023-03-23,"7:43:40 PM",122,122,"Chips & Salsa",Mexican,7
11169,4900,2023-03-24,"2:28:06 PM",122,122,"Chips & Salsa",Mexican,7
11178,4903,2023-03-24,"3:57:20 PM",122,122,"Chips & Salsa",Mexican,7
11226,4928,2023-03-24,"7:44:15 PM",122,122,"Chips & Salsa",Mexican,7
11239,4933,2023-03-24,"8:32:57 PM",122,122,"Chips & Salsa",Mexican,7
11280,4953,2023-03-25,"1:00:56 PM",122,122,"Chips & Salsa",Mexican,7
11290,4956,2023-03-25,"1:26:18 PM",122,122,"Chips & Salsa",Mexican,7
11317,4970,2023-03-25,"5:32:07 PM",122,122,"Chips & Salsa",Mexican,7
11319,4971,2023-03-25,"5:37:50 PM",122,122,"Chips & Salsa",Mexican,7
11337,4978,2023-03-25,"6:35:12 PM",122,122,"Chips & Salsa",Mexican,7
11400,5011,2023-03-26,"12:55:44 PM",122,122,"Chips & Salsa",Mexican,7
11422,5018,2023-03-26,"2:06:09 PM",122,122,"Chips & Salsa",Mexican,7
11431,5022,2023-03-26,"2:23:37 PM",122,122,"Chips & Salsa",Mexican,7
11458,5035,2023-03-26,"5:00:18 PM",122,122,"Chips & Salsa",Mexican,7
11463,5037,2023-03-26,"5:10:13 PM",122,122,"Chips & Salsa",Mexican,7
11468,5039,2023-03-26,"5:30:05 PM",122,122,"Chips & Salsa",Mexican,7
11510,5063,2023-03-27,"11:50:10 AM",122,122,"Chips & Salsa",Mexican,7
11532,5070,2023-03-27,"12:35:03 PM",122,122,"Chips & Salsa",Mexican,7
11535,5071,2023-03-27,"12:47:48 PM",122,122,"Chips & Salsa",Mexican,7
11558,5080,2023-03-27,"1:43:35 PM",122,122,"Chips & Salsa",Mexican,7
11569,5087,2023-03-27,"4:10:25 PM",122,122,"Chips & Salsa",Mexican,7
11571,5088,2023-03-27,"4:12:26 PM",122,122,"Chips & Salsa",Mexican,7
11582,5092,2023-03-27,"4:48:30 PM",122,122,"Chips & Salsa",Mexican,7
11600,5100,2023-03-27,"5:49:28 PM",122,122,"Chips & Salsa",Mexican,7
11630,5111,2023-03-27,"6:46:46 PM",122,122,"Chips & Salsa",Mexican,7
11660,5124,2023-03-27,"8:53:44 PM",122,122,"Chips & Salsa",Mexican,7
11667,5128,2023-03-27,"9:58:19 PM",122,122,"Chips & Salsa",Mexican,7
11672,5130,2023-03-27,"10:19:13 PM",122,122,"Chips & Salsa",Mexican,7
11704,5142,2023-03-28,"1:35:21 PM",122,122,"Chips & Salsa",Mexican,7
11715,5149,2023-03-28,"2:48:50 PM",122,122,"Chips & Salsa",Mexican,7
11725,5152,2023-03-28,"3:14:42 PM",122,122,"Chips & Salsa",Mexican,7
11734,5156,2023-03-28,"4:07:33 PM",122,122,"Chips & Salsa",Mexican,7
11741,5159,2023-03-28,"4:38:35 PM",122,122,"Chips & Salsa",Mexican,7
11748,5161,2023-03-28,"4:56:08 PM",122,122,"Chips & Salsa",Mexican,7
11757,5166,2023-03-28,"5:47:46 PM",122,122,"Chips & Salsa",Mexican,7
11765,5170,2023-03-28,"6:12:16 PM",122,122,"Chips & Salsa",Mexican,7
11767,5172,2023-03-28,"6:49:27 PM",122,122,"Chips & Salsa",Mexican,7
11768,5172,2023-03-28,"6:49:27 PM",122,122,"Chips & Salsa",Mexican,7
11770,5173,2023-03-28,"6:55:29 PM",122,122,"Chips & Salsa",Mexican,7
11779,5178,2023-03-28,"7:37:09 PM",122,122,"Chips & Salsa",Mexican,7
11795,5185,2023-03-28,"8:24:32 PM",122,122,"Chips & Salsa",Mexican,7
11928,5237,2023-03-29,"7:17:09 PM",122,122,"Chips & Salsa",Mexican,7
11951,5249,2023-03-30,"11:25:41 AM",122,122,"Chips & Salsa",Mexican,7
11967,5258,2023-03-30,"12:44:10 PM",122,122,"Chips & Salsa",Mexican,7
12030,5284,2023-03-30,"5:11:39 PM",122,122,"Chips & Salsa",Mexican,7
12063,5303,2023-03-30,"9:15:27 PM",122,122,"Chips & Salsa",Mexican,7
12066,5304,2023-03-30,"9:16:48 PM",122,122,"Chips & Salsa",Mexican,7
12103,5317,2023-03-31,"1:04:13 PM",122,122,"Chips & Salsa",Mexican,7
12113,5321,2023-03-31,"1:29:47 PM",122,122,"Chips & Salsa",Mexican,7
12124,5325,2023-03-31,"1:44:52 PM",122,122,"Chips & Salsa",Mexican,7
12141,5331,2023-03-31,"2:50:38 PM",122,122,"Chips & Salsa",Mexican,7
12165,5343,2023-03-31,"5:19:08 PM",122,122,"Chips & Salsa",Mexican,7
12180,5349,2023-03-31,"5:42:09 PM",122,122,"Chips & Salsa",Mexican,7
12187,5351,2023-03-31,"6:04:00 PM",122,122,"Chips & Salsa",Mexican,7
12189,5352,2023-03-31,"6:04:35 PM",122,122,"Chips & Salsa",Mexican,7
12191,5353,2023-03-31,"6:40:10 PM",122,122,"Chips & Salsa",Mexican,7
12212,5363,2023-03-31,"8:15:58 PM",122,122,"Chips & Salsa",Mexican,7
12224,5366,2023-03-31,"9:01:41 PM",122,122,"Chips & Salsa",Mexican,7
12233,5369,2023-03-31,"10:05:04 PM",122,122,"Chips & Salsa",Mexican,7
12234,5370,2023-03-31,"10:15:48 PM",122,122,"Chips & Salsa",Mexican,7
13,7,2023-01-01,"12:50:37 PM",123,123,"Chips & Guacamole",Mexican,9
14,8,2023-01-01,"12:51:37 PM",123,123,"Chips & Guacamole",Mexican,9
129,53,2023-01-01,"6:54:17 PM",123,123,"Chips & Guacamole",Mexican,9
148,62,2023-01-01,"8:50:16 PM",123,123,"Chips & Guacamole",Mexican,9
154,65,2023-01-01,"9:16:00 PM",123,123,"Chips & Guacamole",Mexican,9
170,74,2023-01-02,"12:01:12 PM",123,123,"Chips & Guacamole",Mexican,9
205,87,2023-01-02,"2:01:02 PM",123,123,"Chips & Guacamole",Mexican,9
206,87,2023-01-02,"2:01:02 PM",123,123,"Chips & Guacamole",Mexican,9
222,92,2023-01-02,"3:17:02 PM",123,123,"Chips & Guacamole",Mexican,9
241,103,2023-01-02,"6:02:09 PM",123,123,"Chips & Guacamole",Mexican,9
257,108,2023-01-02,"6:25:25 PM",123,123,"Chips & Guacamole",Mexican,9
311,131,2023-01-02,"9:33:10 PM",123,123,"Chips & Guacamole",Mexican,9
318,134,2023-01-02,"10:13:24 PM",123,123,"Chips & Guacamole",Mexican,9
363,151,2023-01-03,"3:09:34 PM",123,123,"Chips & Guacamole",Mexican,9
407,172,2023-01-03,"5:29:24 PM",123,123,"Chips & Guacamole",Mexican,9
542,232,2023-01-04,"6:21:59 PM",123,123,"Chips & Guacamole",Mexican,9
556,241,2023-01-04,"8:11:25 PM",123,123,"Chips & Guacamole",Mexican,9
561,243,2023-01-04,"8:26:17 PM",123,123,"Chips & Guacamole",Mexican,9
570,247,2023-01-04,"8:55:29 PM",123,123,"Chips & Guacamole",Mexican,9
656,288,2023-01-05,"5:32:44 PM",123,123,"Chips & Guacamole",Mexican,9
684,300,2023-01-05,"7:42:54 PM",123,123,"Chips & Guacamole",Mexican,9
745,326,2023-01-06,"1:10:13 PM",123,123,"Chips & Guacamole",Mexican,9
749,329,2023-01-06,"1:22:44 PM",123,123,"Chips & Guacamole",Mexican,9
945,412,2023-01-07,"6:07:46 PM",123,123,"Chips & Guacamole",Mexican,9
993,435,2023-01-08,"12:06:09 PM",123,123,"Chips & Guacamole",Mexican,9
1032,443,2023-01-08,"12:34:20 PM",123,123,"Chips & Guacamole",Mexican,9
1062,458,2023-01-08,"2:00:05 PM",123,123,"Chips & Guacamole",Mexican,9
1115,486,2023-01-08,"6:15:08 PM",123,123,"Chips & Guacamole",Mexican,9
1223,538,2023-01-09,"5:44:04 PM",123,123,"Chips & Guacamole",Mexican,9
1227,540,2023-01-09,"5:52:41 PM",123,123,"Chips & Guacamole",Mexican,9
1267,561,2023-01-09,"9:47:56 PM",123,123,"Chips & Guacamole",Mexican,9
1273,564,2023-01-09,"10:32:32 PM",123,123,"Chips & Guacamole",Mexican,9
1275,566,2023-01-10,"12:21:19 PM",123,123,"Chips & Guacamole",Mexican,9
1284,567,2023-01-10,"12:27:47 PM",123,123,"Chips & Guacamole",Mexican,9
1358,604,2023-01-10,"7:13:29 PM",123,123,"Chips & Guacamole",Mexican,9
1364,607,2023-01-10,"7:36:16 PM",123,123,"Chips & Guacamole",Mexican,9
1406,625,2023-01-10,"9:50:23 PM",123,123,"Chips & Guacamole",Mexican,9
1542,688,2023-01-12,"12:26:41 PM",123,123,"Chips & Guacamole",Mexican,9
1776,790,2023-01-14,"12:07:30 PM",123,123,"Chips & Guacamole",Mexican,9
1816,801,2023-01-14,"1:10:53 PM",123,123,"Chips & Guacamole",Mexican,9
1849,820,2023-01-14,"5:24:09 PM",123,123,"Chips & Guacamole",Mexican,9
1871,829,2023-01-14,"6:27:42 PM",123,123,"Chips & Guacamole",Mexican,9
1903,842,2023-01-14,"9:09:39 PM",123,123,"Chips & Guacamole",Mexican,9
1904,843,2023-01-14,"9:32:21 PM",123,123,"Chips & Guacamole",Mexican,9
1951,864,2023-01-15,"2:04:23 PM",123,123,"Chips & Guacamole",Mexican,9
1959,869,2023-01-15,"2:31:43 PM",123,123,"Chips & Guacamole",Mexican,9
1975,879,2023-01-15,"4:12:57 PM",123,123,"Chips & Guacamole",Mexican,9
2044,913,2023-01-16,"11:55:24 AM",123,123,"Chips & Guacamole",Mexican,9
2126,946,2023-01-16,"6:00:48 PM",123,123,"Chips & Guacamole",Mexican,9
2208,980,2023-01-17,"12:58:36 PM",123,123,"Chips & Guacamole",Mexican,9
2271,1013,2023-01-17,"7:26:40 PM",123,123,"Chips & Guacamole",Mexican,9
2365,1053,2023-01-18,"3:43:17 PM",123,123,"Chips & Guacamole",Mexican,9
2378,1059,2023-01-18,"4:30:14 PM",123,123,"Chips & Guacamole",Mexican,9
2382,1061,2023-01-18,"5:17:02 PM",123,123,"Chips & Guacamole",Mexican,9
2590,1145,2023-01-20,"12:04:15 PM",123,123,"Chips & Guacamole",Mexican,9
2591,1146,2023-01-20,"12:12:00 PM",123,123,"Chips & Guacamole",Mexican,9
2638,1162,2023-01-20,"2:40:02 PM",123,123,"Chips & Guacamole",Mexican,9
2657,1174,2023-01-20,"5:02:58 PM",123,123,"Chips & Guacamole",Mexican,9
2679,1184,2023-01-20,"7:04:35 PM",123,123,"Chips & Guacamole",Mexican,9
2684,1188,2023-01-20,"7:25:25 PM",123,123,"Chips & Guacamole",Mexican,9
2727,1207,2023-01-21,"12:52:42 PM",123,123,"Chips & Guacamole",Mexican,9
2779,1230,2023-01-21,"4:38:28 PM",123,123,"Chips & Guacamole",Mexican,9
2823,1246,2023-01-21,"7:36:04 PM",123,123,"Chips & Guacamole",Mexican,9
2827,1248,2023-01-21,"8:13:51 PM",123,123,"Chips & Guacamole",Mexican,9
2829,1249,2023-01-21,"8:40:44 PM",123,123,"Chips & Guacamole",Mexican,9
2899,1277,2023-01-22,"1:46:44 PM",123,123,"Chips & Guacamole",Mexican,9
3143,1391,2023-01-24,"12:26:08 PM",123,123,"Chips & Guacamole",Mexican,9
3144,1391,2023-01-24,"12:26:08 PM",123,123,"Chips & Guacamole",Mexican,9
3177,1408,2023-01-24,"4:05:14 PM",123,123,"Chips & Guacamole",Mexican,9
3184,1411,2023-01-24,"4:36:53 PM",123,123,"Chips & Guacamole",Mexican,9
3306,1460,2023-01-25,"2:17:13 PM",123,123,"Chips & Guacamole",Mexican,9
3480,1542,2023-01-26,"6:37:22 PM",123,123,"Chips & Guacamole",Mexican,9
3541,1569,2023-01-27,"1:38:50 PM",123,123,"Chips & Guacamole",Mexican,9
3546,1572,2023-01-27,"2:33:38 PM",123,123,"Chips & Guacamole",Mexican,9
3581,1588,2023-01-27,"5:29:19 PM",123,123,"Chips & Guacamole",Mexican,9
3642,1616,2023-01-27,"10:22:25 PM",123,123,"Chips & Guacamole",Mexican,9
3923,1745,2023-01-30,"2:43:16 PM",123,123,"Chips & Guacamole",Mexican,9
3929,1749,2023-01-30,"4:02:56 PM",123,123,"Chips & Guacamole",Mexican,9
3938,1753,2023-01-30,"4:53:40 PM",123,123,"Chips & Guacamole",Mexican,9
3977,1773,2023-01-30,"8:06:40 PM",123,123,"Chips & Guacamole",Mexican,9
4005,1788,2023-01-30,"9:35:08 PM",123,123,"Chips & Guacamole",Mexican,9
4008,1789,2023-01-30,"9:49:27 PM",123,123,"Chips & Guacamole",Mexican,9
4015,1792,2023-01-31,"11:31:03 AM",123,123,"Chips & Guacamole",Mexican,9
4042,1800,2023-01-31,"2:17:39 PM",123,123,"Chips & Guacamole",Mexican,9
4058,1805,2023-01-31,"4:01:42 PM",123,123,"Chips & Guacamole",Mexican,9
4115,1828,2023-01-31,"7:12:25 PM",123,123,"Chips & Guacamole",Mexican,9
4152,1844,2023-01-31,"10:09:40 PM",123,123,"Chips & Guacamole",Mexican,9
4176,1851,2023-02-01,"11:49:01 AM",123,123,"Chips & Guacamole",Mexican,9
4206,1866,2023-02-01,"2:18:56 PM",123,123,"Chips & Guacamole",Mexican,9
4209,1868,2023-02-01,"2:35:56 PM",123,123,"Chips & Guacamole",Mexican,9
4414,1964,2023-02-02,"4:09:42 PM",123,123,"Chips & Guacamole",Mexican,9
4423,1966,2023-02-02,"4:14:14 PM",123,123,"Chips & Guacamole",Mexican,9
4477,1991,2023-02-02,"9:47:12 PM",123,123,"Chips & Guacamole",Mexican,9
4483,1994,2023-02-02,"10:08:10 PM",123,123,"Chips & Guacamole",Mexican,9
4487,1995,2023-02-02,"10:19:33 PM",123,123,"Chips & Guacamole",Mexican,9
4528,2005,2023-02-03,"12:32:02 PM",123,123,"Chips & Guacamole",Mexican,9
4579,2029,2023-02-03,"4:47:49 PM",123,123,"Chips & Guacamole",Mexican,9
4607,2044,2023-02-03,"6:33:46 PM",123,123,"Chips & Guacamole",Mexican,9
4621,2050,2023-02-03,"7:20:46 PM",123,123,"Chips & Guacamole",Mexican,9
4625,2051,2023-02-03,"7:51:00 PM",123,123,"Chips & Guacamole",Mexican,9
4649,2061,2023-02-04,"11:49:00 AM",123,123,"Chips & Guacamole",Mexican,9
4715,2088,2023-02-04,"4:48:57 PM",123,123,"Chips & Guacamole",Mexican,9
4726,2093,2023-02-04,"5:33:29 PM",123,123,"Chips & Guacamole",Mexican,9
4763,2108,2023-02-04,"9:05:07 PM",123,123,"Chips & Guacamole",Mexican,9
4842,2142,2023-02-05,"5:36:09 PM",123,123,"Chips & Guacamole",Mexican,9
4856,2147,2023-02-05,"6:11:25 PM",123,123,"Chips & Guacamole",Mexican,9
4888,2163,2023-02-05,"8:18:08 PM",123,123,"Chips & Guacamole",Mexican,9
4970,2195,2023-02-06,"1:39:29 PM",123,123,"Chips & Guacamole",Mexican,9
5258,2329,2023-02-08,"5:19:00 PM",123,123,"Chips & Guacamole",Mexican,9
5309,2351,2023-02-08,"9:52:14 PM",123,123,"Chips & Guacamole",Mexican,9
5315,2354,2023-02-08,"10:36:28 PM",123,123,"Chips & Guacamole",Mexican,9
5418,2394,2023-02-09,"6:14:43 PM",123,123,"Chips & Guacamole",Mexican,9
5507,2433,2023-02-10,"2:23:45 PM",123,123,"Chips & Guacamole",Mexican,9
5533,2447,2023-02-10,"5:20:30 PM",123,123,"Chips & Guacamole",Mexican,9
5586,2473,2023-02-11,"12:00:54 PM",123,123,"Chips & Guacamole",Mexican,9
5602,2481,2023-02-11,"12:54:36 PM",123,123,"Chips & Guacamole",Mexican,9
5684,2518,2023-02-11,"7:02:19 PM",123,123,"Chips & Guacamole",Mexican,9
5897,2612,2023-02-13,"1:43:11 PM",123,123,"Chips & Guacamole",Mexican,9
5898,2612,2023-02-13,"1:43:11 PM",123,123,"Chips & Guacamole",Mexican,9
5970,2645,2023-02-13,"8:26:18 PM",123,123,"Chips & Guacamole",Mexican,9
5980,2649,2023-02-13,"8:52:50 PM",123,123,"Chips & Guacamole",Mexican,9
6037,2675,2023-02-14,"2:41:49 PM",123,123,"Chips & Guacamole",Mexican,9
6122,2711,2023-02-14,"8:00:33 PM",123,123,"Chips & Guacamole",Mexican,9
6143,2719,2023-02-14,"10:22:46 PM",123,123,"Chips & Guacamole",Mexican,9
6306,2786,2023-02-16,"12:18:19 PM",123,123,"Chips & Guacamole",Mexican,9
6459,2855,2023-02-17,"3:26:05 PM",123,123,"Chips & Guacamole",Mexican,9
6462,2856,2023-02-17,"4:00:48 PM",123,123,"Chips & Guacamole",Mexican,9
6561,2902,2023-02-18,"1:04:25 PM",123,123,"Chips & Guacamole",Mexican,9
6647,2936,2023-02-18,"7:15:17 PM",123,123,"Chips & Guacamole",Mexican,9
6648,2936,2023-02-18,"7:15:17 PM",123,123,"Chips & Guacamole",Mexican,9
6734,2967,2023-02-19,"1:44:40 PM",123,123,"Chips & Guacamole",Mexican,9
6840,3020,2023-02-20,"1:17:11 PM",123,123,"Chips & Guacamole",Mexican,9
6856,3027,2023-02-20,"1:41:20 PM",123,123,"Chips & Guacamole",Mexican,9
6927,3056,2023-02-20,"7:01:48 PM",123,123,"Chips & Guacamole",Mexican,9
6945,3065,2023-02-20,"8:12:13 PM",123,123,"Chips & Guacamole",Mexican,9
6951,3067,2023-02-20,"8:22:25 PM",123,123,"Chips & Guacamole",Mexican,9
7141,3147,2023-02-22,"3:59:59 PM",123,123,"Chips & Guacamole",Mexican,9
7145,3149,2023-02-22,"4:23:12 PM",123,123,"Chips & Guacamole",Mexican,9
7248,3193,2023-02-23,"3:49:25 PM",123,123,"Chips & Guacamole",Mexican,9
7261,3200,2023-02-23,"5:16:39 PM",123,123,"Chips & Guacamole",Mexican,9
7264,3201,2023-02-23,"5:21:33 PM",123,123,"Chips & Guacamole",Mexican,9
7280,3206,2023-02-23,"5:31:54 PM",123,123,"Chips & Guacamole",Mexican,9
7311,3222,2023-02-23,"9:19:27 PM",123,123,"Chips & Guacamole",Mexican,9
7351,3236,2023-02-24,"12:50:51 PM",123,123,"Chips & Guacamole",Mexican,9
7361,3242,2023-02-24,"1:26:39 PM",123,123,"Chips & Guacamole",Mexican,9
7363,3243,2023-02-24,"1:29:11 PM",123,123,"Chips & Guacamole",Mexican,9
7446,3281,2023-02-24,"9:50:48 PM",123,123,"Chips & Guacamole",Mexican,9
7447,3282,2023-02-24,"10:57:58 PM",123,123,"Chips & Guacamole",Mexican,9
7481,3292,2023-02-25,"12:39:18 PM",123,123,"Chips & Guacamole",Mexican,9
7538,3320,2023-02-25,"5:09:14 PM",123,123,"Chips & Guacamole",Mexican,9
7590,3346,2023-02-26,"12:01:09 PM",123,123,"Chips & Guacamole",Mexican,9
7619,3357,2023-02-26,"1:07:13 PM",123,123,"Chips & Guacamole",Mexican,9
7639,3363,2023-02-26,"1:52:23 PM",123,123,"Chips & Guacamole",Mexican,9
7668,3374,2023-02-26,"4:15:25 PM",123,123,"Chips & Guacamole",Mexican,9
7736,3404,2023-02-27,"12:00:32 PM",123,123,"Chips & Guacamole",Mexican,9
7785,3423,2023-02-27,"2:09:03 PM",123,123,"Chips & Guacamole",Mexican,9
7798,3429,2023-02-27,"4:13:37 PM",123,123,"Chips & Guacamole",Mexican,9
7837,3446,2023-02-27,"6:09:37 PM",123,123,"Chips & Guacamole",Mexican,9
7885,3464,2023-02-27,"8:15:36 PM",123,123,"Chips & Guacamole",Mexican,9
7889,3467,2023-02-27,"9:22:02 PM",123,123,"Chips & Guacamole",Mexican,9
7896,3472,2023-02-28,"11:34:54 AM",123,123,"Chips & Guacamole",Mexican,9
7920,3476,2023-02-28,"12:08:55 PM",123,123,"Chips & Guacamole",Mexican,9
7961,3497,2023-02-28,"5:19:30 PM",123,123,"Chips & Guacamole",Mexican,9
7968,3500,2023-02-28,"5:41:37 PM",123,123,"Chips & Guacamole",Mexican,9
7987,3507,2023-02-28,"6:47:24 PM",123,123,"Chips & Guacamole",Mexican,9
8024,3521,2023-02-28,"8:51:13 PM",123,123,"Chips & Guacamole",Mexican,9
8200,3600,2023-03-02,"2:01:10 PM",123,123,"Chips & Guacamole",Mexican,9
8201,3600,2023-03-02,"2:01:10 PM",123,123,"Chips & Guacamole",Mexican,9
8214,3607,2023-03-02,"3:43:31 PM",123,123,"Chips & Guacamole",Mexican,9
8261,3627,2023-03-02,"6:45:21 PM",123,123,"Chips & Guacamole",Mexican,9
8308,3649,2023-03-03,"1:07:20 PM",123,123,"Chips & Guacamole",Mexican,9
8316,3652,2023-03-03,"1:21:01 PM",123,123,"Chips & Guacamole",Mexican,9
8376,3669,2023-03-03,"5:19:38 PM",123,123,"Chips & Guacamole",Mexican,9
8511,3728,2023-03-04,"5:30:38 PM",123,123,"Chips & Guacamole",Mexican,9
8553,3746,2023-03-04,"8:45:53 PM",123,123,"Chips & Guacamole",Mexican,9
8582,3761,2023-03-05,"12:52:34 PM",123,123,"Chips & Guacamole",Mexican,9
8613,3774,2023-03-05,"1:47:15 PM",123,123,"Chips & Guacamole",Mexican,9
8629,3780,2023-03-05,"2:39:18 PM",123,123,"Chips & Guacamole",Mexican,9
8744,3831,2023-03-06,"1:14:53 PM",123,123,"Chips & Guacamole",Mexican,9
8845,3877,2023-03-06,"10:13:59 PM",123,123,"Chips & Guacamole",Mexican,9
8948,3920,2023-03-07,"7:49:06 PM",123,123,"Chips & Guacamole",Mexican,9
8950,3921,2023-03-07,"8:10:19 PM",123,123,"Chips & Guacamole",Mexican,9
8955,3923,2023-03-07,"8:22:59 PM",123,123,"Chips & Guacamole",Mexican,9
9059,3972,2023-03-08,"5:29:55 PM",123,123,"Chips & Guacamole",Mexican,9
9089,3986,2023-03-08,"6:29:51 PM",123,123,"Chips & Guacamole",Mexican,9
9175,4020,2023-03-09,"3:30:34 PM",123,123,"Chips & Guacamole",Mexican,9
9176,4020,2023-03-09,"3:30:34 PM",123,123,"Chips & Guacamole",Mexican,9
9185,4023,2023-03-09,"4:18:37 PM",123,123,"Chips & Guacamole",Mexican,9
9352,4096,2023-03-10,"5:44:06 PM",123,123,"Chips & Guacamole",Mexican,9
9444,4132,2023-03-11,"1:49:46 PM",123,123,"Chips & Guacamole",Mexican,9
9462,4142,2023-03-11,"3:36:22 PM",123,123,"Chips & Guacamole",Mexican,9
9571,4192,2023-03-12,"1:56:27 PM",123,123,"Chips & Guacamole",Mexican,9
9595,4204,2023-03-12,"4:10:28 PM",123,123,"Chips & Guacamole",Mexican,9
9757,4272,2023-03-13,"7:00:06 PM",123,123,"Chips & Guacamole",Mexican,9
9810,4296,2023-03-13,"9:48:33 PM",123,123,"Chips & Guacamole",Mexican,9
9863,4315,2023-03-14,"3:19:31 PM",123,123,"Chips & Guacamole",Mexican,9
9874,4321,2023-03-14,"4:28:24 PM",123,123,"Chips & Guacamole",Mexican,9
9911,4342,2023-03-14,"7:43:00 PM",123,123,"Chips & Guacamole",Mexican,9
9999,4377,2023-03-15,"4:07:56 PM",123,123,"Chips & Guacamole",Mexican,9
10027,4387,2023-03-15,"6:01:50 PM",123,123,"Chips & Guacamole",Mexican,9
10169,4454,2023-03-16,"6:29:04 PM",123,123,"Chips & Guacamole",Mexican,9
10198,4467,2023-03-16,"8:29:39 PM",123,123,"Chips & Guacamole",Mexican,9
10252,4484,2023-03-17,"2:22:39 PM",123,123,"Chips & Guacamole",Mexican,9
10329,4518,2023-03-17,"7:06:28 PM",123,123,"Chips & Guacamole",Mexican,9
10350,4527,2023-03-17,"7:49:58 PM",123,123,"Chips & Guacamole",Mexican,9
10371,4537,2023-03-17,"9:09:17 PM",123,123,"Chips & Guacamole",Mexican,9
10430,4566,2023-03-18,"2:59:13 PM",123,123,"Chips & Guacamole",Mexican,9
10444,4574,2023-03-18,"5:27:06 PM",123,123,"Chips & Guacamole",Mexican,9
10475,4589,2023-03-18,"7:57:35 PM",123,123,"Chips & Guacamole",Mexican,9
10506,4606,2023-03-19,"11:40:23 AM",123,123,"Chips & Guacamole",Mexican,9
10544,4621,2023-03-19,"1:39:12 PM",123,123,"Chips & Guacamole",Mexican,9
10626,4651,2023-03-19,"7:55:20 PM",123,123,"Chips & Guacamole",Mexican,9
10647,4662,2023-03-20,"11:47:53 AM",123,123,"Chips & Guacamole",Mexican,9
10667,4667,2023-03-20,"12:52:56 PM",123,123,"Chips & Guacamole",Mexican,9
10820,4735,2023-03-21,"1:20:32 PM",123,123,"Chips & Guacamole",Mexican,9
10963,4801,2023-03-22,"5:08:48 PM",123,123,"Chips & Guacamole",Mexican,9
11002,4821,2023-03-23,"11:23:52 AM",123,123,"Chips & Guacamole",Mexican,9
11058,4841,2023-03-23,"1:45:24 PM",123,123,"Chips & Guacamole",Mexican,9
11093,4860,2023-03-23,"5:40:49 PM",123,123,"Chips & Guacamole",Mexican,9
11100,4864,2023-03-23,"6:50:25 PM",123,123,"Chips & Guacamole",Mexican,9
11231,4930,2023-03-24,"7:57:44 PM",123,123,"Chips & Guacamole",Mexican,9
11287,4955,2023-03-25,"1:10:57 PM",123,123,"Chips & Guacamole",Mexican,9
11350,4983,2023-03-25,"7:39:31 PM",123,123,"Chips & Guacamole",Mexican,9
11486,5050,2023-03-26,"6:45:15 PM",123,123,"Chips & Guacamole",Mexican,9
11530,5068,2023-03-27,"12:29:40 PM",123,123,"Chips & Guacamole",Mexican,9
11593,5097,2023-03-27,"5:31:39 PM",123,123,"Chips & Guacamole",Mexican,9
11661,5124,2023-03-27,"8:53:44 PM",123,123,"Chips & Guacamole",Mexican,9
11675,5132,2023-03-27,"10:52:56 PM",123,123,"Chips & Guacamole",Mexican,9
11784,5180,2023-03-28,"7:48:11 PM",123,123,"Chips & Guacamole",Mexican,9
11915,5230,2023-03-29,"6:37:13 PM",123,123,"Chips & Guacamole",Mexican,9
11981,5264,2023-03-30,"1:24:35 PM",123,123,"Chips & Guacamole",Mexican,9
12011,5277,2023-03-30,"4:18:59 PM",123,123,"Chips & Guacamole",Mexican,9
12046,5292,2023-03-30,"6:36:47 PM",123,123,"Chips & Guacamole",Mexican,9
12067,5304,2023-03-30,"9:16:48 PM",123,123,"Chips & Guacamole",Mexican,9
12161,5339,2023-03-31,"4:12:55 PM",123,123,"Chips & Guacamole",Mexican,9
12163,5341,2023-03-31,"4:24:16 PM",123,123,"Chips & Guacamole",Mexican,9
12213,5363,2023-03-31,"8:15:58 PM",123,123,"Chips & Guacamole",Mexican,9
3,2,2023-01-01,"11:57:40 AM",124,124,Spaghetti,Italian,14.5
37,15,2023-01-01,"1:33:00 PM",124,124,Spaghetti,Italian,14.5
45,17,2023-01-01,"1:53:00 PM",124,124,Spaghetti,Italian,14.5
57,20,2023-01-01,"2:03:08 PM",124,124,Spaghetti,Italian,14.5
59,22,2023-01-01,"2:16:26 PM",124,124,Spaghetti,Italian,14.5
102,42,2023-01-01,"5:28:09 PM",124,124,Spaghetti,Italian,14.5
138,58,2023-01-01,"7:30:40 PM",124,124,Spaghetti,Italian,14.5
167,74,2023-01-02,"12:01:12 PM",124,124,Spaghetti,Italian,14.5
207,88,2023-01-02,"2:10:08 PM",124,124,Spaghetti,Italian,14.5
267,111,2023-01-02,"6:38:01 PM",124,124,Spaghetti,Italian,14.5
279,116,2023-01-02,"7:18:49 PM",124,124,Spaghetti,Italian,14.5
309,131,2023-01-02,"9:33:10 PM",124,124,Spaghetti,Italian,14.5
320,136,2023-01-02,"10:32:49 PM",124,124,Spaghetti,Italian,14.5
329,139,2023-01-03,"11:57:39 AM",124,124,Spaghetti,Italian,14.5
346,144,2023-01-03,"1:44:28 PM",124,124,Spaghetti,Italian,14.5
440,187,2023-01-03,"7:37:12 PM",124,124,Spaghetti,Italian,14.5
442,188,2023-01-03,"8:08:39 PM",124,124,Spaghetti,Italian,14.5
504,216,2023-01-04,"2:31:56 PM",124,124,Spaghetti,Italian,14.5
510,219,2023-01-04,"2:42:01 PM",124,124,Spaghetti,Italian,14.5
517,221,2023-01-04,"3:33:18 PM",124,124,Spaghetti,Italian,14.5
581,254,2023-01-04,"10:22:13 PM",124,124,Spaghetti,Italian,14.5
582,255,2023-01-05,"11:23:35 AM",124,124,Spaghetti,Italian,14.5
591,260,2023-01-05,"12:06:27 PM",124,124,Spaghetti,Italian,14.5
626,275,2023-01-05,"2:38:14 PM",124,124,Spaghetti,Italian,14.5
629,276,2023-01-05,"3:18:18 PM",124,124,Spaghetti,Italian,14.5
640,282,2023-01-05,"4:49:38 PM",124,124,Spaghetti,Italian,14.5
657,289,2023-01-05,"5:36:23 PM",124,124,Spaghetti,Italian,14.5
703,309,2023-01-06,"11:39:06 AM",124,124,Spaghetti,Italian,14.5
714,314,2023-01-06,"12:11:58 PM",124,124,Spaghetti,Italian,14.5
741,324,2023-01-06,"1:06:44 PM",124,124,Spaghetti,Italian,14.5
754,330,2023-01-06,"1:27:11 PM",124,124,Spaghetti,Italian,14.5
786,343,2023-01-06,"3:45:37 PM",124,124,Spaghetti,Italian,14.5
877,387,2023-01-07,"1:03:14 PM",124,124,Spaghetti,Italian,14.5
912,397,2023-01-07,"2:31:10 PM",124,124,Spaghetti,Italian,14.5
948,414,2023-01-07,"6:13:22 PM",124,124,Spaghetti,Italian,14.5
959,420,2023-01-07,"7:04:40 PM",124,124,Spaghetti,Italian,14.5
1005,440,2023-01-08,"12:16:34 PM",124,124,Spaghetti,Italian,14.5
1039,447,2023-01-08,"1:02:00 PM",124,124,Spaghetti,Italian,14.5
1045,451,2023-01-08,"1:19:06 PM",124,124,Spaghetti,Italian,14.5
1100,479,2023-01-08,"5:37:03 PM",124,124,Spaghetti,Italian,14.5
1132,494,2023-01-08,"7:38:40 PM",124,124,Spaghetti,Italian,14.5
1166,511,2023-01-09,"12:18:21 PM",124,124,Spaghetti,Italian,14.5
1187,522,2023-01-09,"2:09:33 PM",124,124,Spaghetti,Italian,14.5
1200,526,2023-01-09,"3:10:13 PM",124,124,Spaghetti,Italian,14.5
1212,533,2023-01-09,"4:28:43 PM",124,124,Spaghetti,Italian,14.5
1224,539,2023-01-09,"5:51:34 PM",124,124,Spaghetti,Italian,14.5
1277,567,2023-01-10,"12:27:47 PM",124,124,Spaghetti,Italian,14.5
1295,573,2023-01-10,"1:39:33 PM",124,124,Spaghetti,Italian,14.5
1329,590,2023-01-10,"5:23:39 PM",124,124,Spaghetti,Italian,14.5
1372,611,2023-01-10,"7:58:10 PM",124,124,Spaghetti,Italian,14.5
1416,629,2023-01-10,"10:48:39 PM",124,124,Spaghetti,Italian,14.5
1596,713,2023-01-12,"4:31:56 PM",124,124,Spaghetti,Italian,14.5
1649,736,2023-01-12,"9:35:14 PM",124,124,Spaghetti,Italian,14.5
1657,740,2023-01-13,"12:29:51 PM",124,124,Spaghetti,Italian,14.5
1684,748,2023-01-13,"2:27:31 PM",124,124,Spaghetti,Italian,14.5
1741,775,2023-01-13,"6:42:12 PM",124,124,Spaghetti,Italian,14.5
1770,786,2023-01-14,"11:35:30 AM",124,124,Spaghetti,Italian,14.5
1775,790,2023-01-14,"12:07:30 PM",124,124,Spaghetti,Italian,14.5
1788,795,2023-01-14,"12:42:17 PM",124,124,Spaghetti,Italian,14.5
1793,798,2023-01-14,"12:50:30 PM",124,124,Spaghetti,Italian,14.5
1850,821,2023-01-14,"5:37:26 PM",124,124,Spaghetti,Italian,14.5
1859,825,2023-01-14,"6:06:06 PM",124,124,Spaghetti,Italian,14.5
1890,836,2023-01-14,"8:08:08 PM",124,124,Spaghetti,Italian,14.5
1907,845,2023-01-14,"9:42:56 PM",124,124,Spaghetti,Italian,14.5
1911,846,2023-01-14,"10:16:24 PM",124,124,Spaghetti,Italian,14.5
1926,855,2023-01-15,"12:56:54 PM",124,124,Spaghetti,Italian,14.5
1961,870,2023-01-15,"2:38:31 PM",124,124,Spaghetti,Italian,14.5
2011,896,2023-01-15,"6:27:28 PM",124,124,Spaghetti,Italian,14.5
2047,915,2023-01-16,"12:20:22 PM",124,124,Spaghetti,Italian,14.5
2088,929,2023-01-16,"2:24:45 PM",124,124,Spaghetti,Italian,14.5
2093,931,2023-01-16,"3:27:24 PM",124,124,Spaghetti,Italian,14.5
2097,933,2023-01-16,"3:49:05 PM",124,124,Spaghetti,Italian,14.5
2120,945,2023-01-16,"5:58:38 PM",124,124,Spaghetti,Italian,14.5
2147,955,2023-01-16,"7:24:16 PM",124,124,Spaghetti,Italian,14.5
2411,1072,2023-01-18,"6:32:32 PM",124,124,Spaghetti,Italian,14.5
2413,1073,2023-01-18,"6:42:02 PM",124,124,Spaghetti,Italian,14.5
2430,1081,2023-01-18,"9:27:05 PM",124,124,Spaghetti,Italian,14.5
2471,1096,2023-01-19,"12:56:45 PM",124,124,Spaghetti,Italian,14.5
2517,1114,2023-01-19,"5:00:53 PM",124,124,Spaghetti,Italian,14.5
2551,1130,2023-01-19,"7:03:05 PM",124,124,Spaghetti,Italian,14.5
2556,1132,2023-01-19,"7:51:37 PM",124,124,Spaghetti,Italian,14.5
2583,1143,2023-01-20,"11:37:33 AM",124,124,Spaghetti,Italian,14.5
2601,1150,2023-01-20,"12:39:05 PM",124,124,Spaghetti,Italian,14.5
2613,1153,2023-01-20,"12:56:30 PM",124,124,Spaghetti,Italian,14.5
2622,1154,2023-01-20,"12:59:38 PM",124,124,Spaghetti,Italian,14.5
2642,1165,2023-01-20,"3:15:26 PM",124,124,Spaghetti,Italian,14.5
2671,1180,2023-01-20,"6:12:31 PM",124,124,Spaghetti,Italian,14.5
2675,1182,2023-01-20,"6:33:48 PM",124,124,Spaghetti,Italian,14.5
2698,1195,2023-01-20,"8:39:52 PM",124,124,Spaghetti,Italian,14.5
2700,1196,2023-01-20,"8:44:41 PM",124,124,Spaghetti,Italian,14.5
2707,1201,2023-01-20,"10:40:10 PM",124,124,Spaghetti,Italian,14.5
2718,1206,2023-01-21,"12:38:38 PM",124,124,Spaghetti,Italian,14.5
2800,1238,2023-01-21,"6:18:51 PM",124,124,Spaghetti,Italian,14.5
2822,1246,2023-01-21,"7:36:04 PM",124,124,Spaghetti,Italian,14.5
2855,1263,2023-01-22,"12:39:12 PM",124,124,Spaghetti,Italian,14.5
2859,1265,2023-01-22,"12:59:26 PM",124,124,Spaghetti,Italian,14.5
2932,1292,2023-01-22,"5:35:48 PM",124,124,Spaghetti,Italian,14.5
2946,1298,2023-01-22,"5:54:25 PM",124,124,Spaghetti,Italian,14.5
2966,1306,2023-01-22,"7:35:25 PM",124,124,Spaghetti,Italian,14.5
2973,1311,2023-01-22,"8:21:28 PM",124,124,Spaghetti,Italian,14.5
2989,1320,2023-01-22,"11:02:31 PM",124,124,Spaghetti,Italian,14.5
2991,1321,2023-01-23,"11:17:12 AM",124,124,Spaghetti,Italian,14.5
2996,1323,2023-01-23,"11:45:37 AM",124,124,Spaghetti,Italian,14.5
3033,1340,2023-01-23,"2:12:26 PM",124,124,Spaghetti,Italian,14.5
3045,1344,2023-01-23,"2:58:58 PM",124,124,Spaghetti,Italian,14.5
3095,1369,2023-01-23,"6:31:59 PM",124,124,Spaghetti,Italian,14.5
3128,1383,2023-01-23,"8:24:59 PM",124,124,Spaghetti,Italian,14.5
3152,1397,2023-01-24,"1:56:25 PM",124,124,Spaghetti,Italian,14.5
3185,1412,2023-01-24,"4:39:31 PM",124,124,Spaghetti,Italian,14.5
3219,1427,2023-01-24,"7:26:06 PM",124,124,Spaghetti,Italian,14.5
3225,1429,2023-01-24,"7:36:22 PM",124,124,Spaghetti,Italian,14.5
3274,1450,2023-01-24,"9:23:08 PM",124,124,Spaghetti,Italian,14.5
3276,1451,2023-01-24,"9:23:59 PM",124,124,Spaghetti,Italian,14.5
3294,1457,2023-01-25,"1:35:53 PM",124,124,Spaghetti,Italian,14.5
3415,1508,2023-01-26,"1:03:59 PM",124,124,Spaghetti,Italian,14.5
3422,1511,2023-01-26,"1:24:17 PM",124,124,Spaghetti,Italian,14.5
3472,1539,2023-01-26,"6:03:43 PM",124,124,Spaghetti,Italian,14.5
3482,1543,2023-01-26,"7:21:11 PM",124,124,Spaghetti,Italian,14.5
3514,1564,2023-01-27,"1:05:50 PM",124,124,Spaghetti,Italian,14.5
3606,1599,2023-01-27,"6:33:59 PM",124,124,Spaghetti,Italian,14.5
3667,1630,2023-01-28,"12:19:50 PM",124,124,Spaghetti,Italian,14.5
3741,1659,2023-01-28,"6:48:06 PM",124,124,Spaghetti,Italian,14.5
3762,1670,2023-01-29,"11:52:11 AM",124,124,Spaghetti,Italian,14.5
3770,1674,2023-01-29,"12:26:17 PM",124,124,Spaghetti,Italian,14.5
3793,1685,2023-01-29,"1:36:52 PM",124,124,Spaghetti,Italian,14.5
3804,1686,2023-01-29,"1:37:50 PM",124,124,Spaghetti,Italian,14.5
3853,1715,2023-01-29,"7:36:45 PM",124,124,Spaghetti,Italian,14.5
3859,1717,2023-01-29,"8:15:35 PM",124,124,Spaghetti,Italian,14.5
3915,1742,2023-01-30,"2:23:30 PM",124,124,Spaghetti,Italian,14.5
3966,1767,2023-01-30,"7:03:49 PM",124,124,Spaghetti,Italian,14.5
3998,1785,2023-01-30,"9:08:02 PM",124,124,Spaghetti,Italian,14.5
4067,1809,2023-01-31,"4:13:08 PM",124,124,Spaghetti,Italian,14.5
4075,1813,2023-01-31,"5:21:03 PM",124,124,Spaghetti,Italian,14.5
4105,1825,2023-01-31,"6:22:51 PM",124,124,Spaghetti,Italian,14.5
4161,1849,2023-02-01,"11:40:47 AM",124,124,Spaghetti,Italian,14.5
4208,1868,2023-02-01,"2:35:56 PM",124,124,Spaghetti,Italian,14.5
4240,1882,2023-02-01,"4:18:31 PM",124,124,Spaghetti,Italian,14.5
4260,1890,2023-02-01,"5:09:36 PM",124,124,Spaghetti,Italian,14.5
4296,1906,2023-02-01,"6:17:07 PM",124,124,Spaghetti,Italian,14.5
4361,1943,2023-02-02,"12:40:35 PM",124,124,Spaghetti,Italian,14.5
4416,1965,2023-02-02,"4:10:04 PM",124,124,Spaghetti,Italian,14.5
4445,1976,2023-02-02,"6:25:11 PM",124,124,Spaghetti,Italian,14.5
4486,1995,2023-02-02,"10:19:33 PM",124,124,Spaghetti,Italian,14.5
4488,1996,2023-02-03,"11:25:25 AM",124,124,Spaghetti,Italian,14.5
4581,2030,2023-02-03,"4:50:44 PM",124,124,Spaghetti,Italian,14.5
4595,2036,2023-02-03,"5:17:29 PM",124,124,Spaghetti,Italian,14.5
4627,2052,2023-02-03,"7:54:31 PM",124,124,Spaghetti,Italian,14.5
4679,2074,2023-02-04,"1:41:08 PM",124,124,Spaghetti,Italian,14.5
4684,2075,2023-02-04,"2:03:04 PM",124,124,Spaghetti,Italian,14.5
4721,2091,2023-02-04,"5:17:43 PM",124,124,Spaghetti,Italian,14.5
4738,2098,2023-02-04,"6:16:27 PM",124,124,Spaghetti,Italian,14.5
4752,2104,2023-02-04,"8:09:43 PM",124,124,Spaghetti,Italian,14.5
4761,2108,2023-02-04,"9:05:07 PM",124,124,Spaghetti,Italian,14.5
4853,2147,2023-02-05,"6:11:25 PM",124,124,Spaghetti,Italian,14.5
4897,2170,2023-02-05,"9:34:23 PM",124,124,Spaghetti,Italian,14.5
4908,2175,2023-02-06,"11:16:08 AM",124,124,Spaghetti,Italian,14.5
4937,2187,2023-02-06,"1:10:13 PM",124,124,Spaghetti,Italian,14.5
4943,2188,2023-02-06,"1:13:33 PM",124,124,Spaghetti,Italian,14.5
5003,2213,2023-02-06,"5:53:26 PM",124,124,Spaghetti,Italian,14.5
5041,2232,2023-02-06,"8:50:02 PM",124,124,Spaghetti,Italian,14.5
5045,2234,2023-02-06,"9:17:17 PM",124,124,Spaghetti,Italian,14.5
5155,2283,2023-02-07,"7:34:04 PM",124,124,Spaghetti,Italian,14.5
5172,2291,2023-02-07,"8:55:05 PM",124,124,Spaghetti,Italian,14.5
5195,2302,2023-02-08,"11:46:15 AM",124,124,Spaghetti,Italian,14.5
5228,2315,2023-02-08,"2:33:52 PM",124,124,Spaghetti,Italian,14.5
5249,2326,2023-02-08,"4:28:40 PM",124,124,Spaghetti,Italian,14.5
5270,2334,2023-02-08,"6:06:04 PM",124,124,Spaghetti,Italian,14.5
5351,2369,2023-02-09,"2:00:19 PM",124,124,Spaghetti,Italian,14.5
5365,2372,2023-02-09,"2:04:34 PM",124,124,Spaghetti,Italian,14.5
5404,2387,2023-02-09,"5:38:39 PM",124,124,Spaghetti,Italian,14.5
5449,2408,2023-02-09,"10:01:04 PM",124,124,Spaghetti,Italian,14.5
5466,2417,2023-02-10,"12:38:36 PM",124,124,Spaghetti,Italian,14.5
5475,2422,2023-02-10,"12:58:32 PM",124,124,Spaghetti,Italian,14.5
5501,2432,2023-02-10,"2:11:49 PM",124,124,Spaghetti,Italian,14.5
5528,2445,2023-02-10,"5:10:46 PM",124,124,Spaghetti,Italian,14.5
5606,2485,2023-02-11,"1:22:08 PM",124,124,Spaghetti,Italian,14.5
5621,2491,2023-02-11,"2:00:00 PM",124,124,Spaghetti,Italian,14.5
5641,2500,2023-02-11,"5:00:13 PM",124,124,Spaghetti,Italian,14.5
5644,2502,2023-02-11,"5:08:01 PM",124,124,Spaghetti,Italian,14.5
5698,2524,2023-02-11,"7:31:47 PM",124,124,Spaghetti,Italian,14.5
5721,2534,2023-02-11,"9:44:25 PM",124,124,Spaghetti,Italian,14.5
5726,2538,2023-02-12,"11:37:34 AM",124,124,Spaghetti,Italian,14.5
5746,2547,2023-02-12,"12:45:49 PM",124,124,Spaghetti,Italian,14.5
5771,2557,2023-02-12,"2:09:47 PM",124,124,Spaghetti,Italian,14.5
5791,2566,2023-02-12,"3:25:11 PM",124,124,Spaghetti,Italian,14.5
5802,2571,2023-02-12,"3:58:47 PM",124,124,Spaghetti,Italian,14.5
5806,2573,2023-02-12,"4:10:39 PM",124,124,Spaghetti,Italian,14.5
5887,2611,2023-02-13,"1:22:38 PM",124,124,Spaghetti,Italian,14.5
5915,2622,2023-02-13,"4:06:27 PM",124,124,Spaghetti,Italian,14.5
6030,2675,2023-02-14,"2:41:49 PM",124,124,Spaghetti,Italian,14.5
6089,2700,2023-02-14,"6:47:34 PM",124,124,Spaghetti,Italian,14.5
6099,2705,2023-02-14,"7:34:31 PM",124,124,Spaghetti,Italian,14.5
6145,2721,2023-02-14,"10:29:57 PM",124,124,Spaghetti,Italian,14.5
6215,2752,2023-02-15,"5:29:20 PM",124,124,Spaghetti,Italian,14.5
6237,2761,2023-02-15,"6:50:06 PM",124,124,Spaghetti,Italian,14.5
6245,2765,2023-02-15,"7:28:59 PM",124,124,Spaghetti,Italian,14.5
6270,2774,2023-02-15,"9:02:44 PM",124,124,Spaghetti,Italian,14.5
6300,2786,2023-02-16,"12:18:19 PM",124,124,Spaghetti,Italian,14.5
6322,2794,2023-02-16,"1:13:19 PM",124,124,Spaghetti,Italian,14.5
6354,2810,2023-02-16,"5:54:00 PM",124,124,Spaghetti,Italian,14.5
6386,2824,2023-02-16,"7:55:28 PM",124,124,Spaghetti,Italian,14.5
6493,2876,2023-02-17,"7:46:45 PM",124,124,Spaghetti,Italian,14.5
6572,2907,2023-02-18,"1:51:14 PM",124,124,Spaghetti,Italian,14.5
6608,2921,2023-02-18,"5:13:58 PM",124,124,Spaghetti,Italian,14.5
6656,2940,2023-02-18,"8:20:30 PM",124,124,Spaghetti,Italian,14.5
6687,2951,2023-02-19,"11:39:10 AM",124,124,Spaghetti,Italian,14.5
6695,2955,2023-02-19,"12:25:18 PM",124,124,Spaghetti,Italian,14.5
6700,2957,2023-02-19,"12:40:31 PM",124,124,Spaghetti,Italian,14.5
6784,2997,2023-02-19,"7:38:24 PM",124,124,Spaghetti,Italian,14.5
6831,3017,2023-02-20,"1:09:41 PM",124,124,Spaghetti,Italian,14.5
6875,3034,2023-02-20,"2:55:08 PM",124,124,Spaghetti,Italian,14.5
6919,3053,2023-02-20,"5:58:01 PM",124,124,Spaghetti,Italian,14.5
6990,3083,2023-02-21,"12:43:43 PM",124,124,Spaghetti,Italian,14.5
7005,3090,2023-02-21,"2:03:29 PM",124,124,Spaghetti,Italian,14.5
7064,3116,2023-02-21,"6:28:28 PM",124,124,Spaghetti,Italian,14.5
7080,3125,2023-02-21,"8:12:37 PM",124,124,Spaghetti,Italian,14.5
7127,3144,2023-02-22,"3:26:04 PM",124,124,Spaghetti,Italian,14.5
7146,3150,2023-02-22,"4:23:23 PM",124,124,Spaghetti,Italian,14.5
7167,3161,2023-02-22,"7:53:24 PM",124,124,Spaghetti,Italian,14.5
7171,3162,2023-02-22,"8:40:55 PM",124,124,Spaghetti,Italian,14.5
7225,3187,2023-02-23,"1:27:18 PM",124,124,Spaghetti,Italian,14.5
7243,3190,2023-02-23,"2:24:16 PM",124,124,Spaghetti,Italian,14.5
7326,3229,2023-02-24,"12:11:31 PM",124,124,Spaghetti,Italian,14.5
7332,3232,2023-02-24,"12:24:43 PM",124,124,Spaghetti,Italian,14.5
7342,3234,2023-02-24,"12:34:37 PM",124,124,Spaghetti,Italian,14.5
7368,3246,2023-02-24,"2:31:36 PM",124,124,Spaghetti,Italian,14.5
7401,3261,2023-02-24,"5:50:57 PM",124,124,Spaghetti,Italian,14.5
7426,3273,2023-02-24,"8:20:10 PM",124,124,Spaghetti,Italian,14.5
7433,3277,2023-02-24,"8:49:40 PM",124,124,Spaghetti,Italian,14.5
7441,3280,2023-02-24,"9:48:31 PM",124,124,Spaghetti,Italian,14.5
7444,3281,2023-02-24,"9:50:48 PM",124,124,Spaghetti,Italian,14.5
7472,3292,2023-02-25,"12:39:18 PM",124,124,Spaghetti,Italian,14.5
7519,3311,2023-02-25,"3:44:27 PM",124,124,Spaghetti,Italian,14.5
7532,3317,2023-02-25,"4:51:29 PM",124,124,Spaghetti,Italian,14.5
7552,3326,2023-02-25,"6:15:41 PM",124,124,Spaghetti,Italian,14.5
7632,3363,2023-02-26,"1:52:23 PM",124,124,Spaghetti,Italian,14.5
7651,3369,2023-02-26,"3:22:08 PM",124,124,Spaghetti,Italian,14.5
7712,3395,2023-02-26,"7:08:46 PM",124,124,Spaghetti,Italian,14.5
7748,3412,2023-02-27,"12:40:41 PM",124,124,Spaghetti,Italian,14.5
7795,3428,2023-02-27,"4:08:31 PM",124,124,Spaghetti,Italian,14.5
7923,3479,2023-02-28,"12:36:18 PM",124,124,Spaghetti,Italian,14.5
7929,3483,2023-02-28,"1:09:50 PM",124,124,Spaghetti,Italian,14.5
7938,3488,2023-02-28,"2:52:00 PM",124,124,Spaghetti,Italian,14.5
7948,3493,2023-02-28,"4:30:08 PM",124,124,Spaghetti,Italian,14.5
7957,3496,2023-02-28,"5:01:57 PM",124,124,Spaghetti,Italian,14.5
8019,3519,2023-02-28,"8:42:48 PM",124,124,Spaghetti,Italian,14.5
8075,3543,2023-03-01,"2:41:33 PM",124,124,Spaghetti,Italian,14.5
8076,3544,2023-03-01,"2:56:46 PM",124,124,Spaghetti,Italian,14.5
8096,3553,2023-03-01,"5:29:42 PM",124,124,Spaghetti,Italian,14.5
8100,3555,2023-03-01,"5:48:53 PM",124,124,Spaghetti,Italian,14.5
8141,3576,2023-03-01,"10:00:46 PM",124,124,Spaghetti,Italian,14.5
8155,3583,2023-03-02,"12:07:16 PM",124,124,Spaghetti,Italian,14.5
8166,3584,2023-03-02,"12:30:47 PM",124,124,Spaghetti,Italian,14.5
8291,3642,2023-03-03,"12:24:18 PM",124,124,Spaghetti,Italian,14.5
8294,3643,2023-03-03,"12:39:57 PM",124,124,Spaghetti,Italian,14.5
8312,3651,2023-03-03,"1:16:50 PM",124,124,Spaghetti,Italian,14.5
8403,3683,2023-03-03,"7:56:12 PM",124,124,Spaghetti,Italian,14.5
8415,3689,2023-03-03,"9:41:41 PM",124,124,Spaghetti,Italian,14.5
8447,3702,2023-03-04,"12:53:29 PM",124,124,Spaghetti,Italian,14.5
8515,3729,2023-03-04,"5:52:09 PM",124,124,Spaghetti,Italian,14.5
8569,3753,2023-03-05,"12:01:47 PM",124,124,Spaghetti,Italian,14.5
8584,3763,2023-03-05,"1:06:49 PM",124,124,Spaghetti,Italian,14.5
8599,3771,2023-03-05,"1:35:17 PM",124,124,Spaghetti,Italian,14.5
8606,3774,2023-03-05,"1:47:15 PM",124,124,Spaghetti,Italian,14.5
8689,3807,2023-03-05,"6:35:58 PM",124,124,Spaghetti,Italian,14.5
8708,3818,2023-03-06,"12:19:00 PM",124,124,Spaghetti,Italian,14.5
8788,3855,2023-03-06,"6:08:43 PM",124,124,Spaghetti,Italian,14.5
8812,3865,2023-03-06,"7:58:48 PM",124,124,Spaghetti,Italian,14.5
8816,3866,2023-03-06,"8:01:26 PM",124,124,Spaghetti,Italian,14.5
8827,3870,2023-03-06,"8:34:43 PM",124,124,Spaghetti,Italian,14.5
8844,3877,2023-03-06,"10:13:59 PM",124,124,Spaghetti,Italian,14.5
8892,3896,2023-03-07,"4:09:05 PM",124,124,Spaghetti,Italian,14.5
8901,3900,2023-03-07,"4:26:19 PM",124,124,Spaghetti,Italian,14.5
9001,3941,2023-03-08,"12:31:16 PM",124,124,Spaghetti,Italian,14.5
9042,3966,2023-03-08,"4:32:58 PM",124,124,Spaghetti,Italian,14.5
9147,4012,2023-03-09,"1:17:54 PM",124,124,Spaghetti,Italian,14.5
9151,4013,2023-03-09,"1:31:53 PM",124,124,Spaghetti,Italian,14.5
9167,4015,2023-03-09,"2:05:48 PM",124,124,Spaghetti,Italian,14.5
9201,4031,2023-03-09,"5:26:17 PM",124,124,Spaghetti,Italian,14.5
9210,4035,2023-03-09,"5:54:50 PM",124,124,Spaghetti,Italian,14.5
9243,4050,2023-03-09,"8:23:00 PM",124,124,Spaghetti,Italian,14.5
9249,4052,2023-03-09,"8:51:47 PM",124,124,Spaghetti,Italian,14.5
9275,4064,2023-03-10,"12:39:50 PM",124,124,Spaghetti,Italian,14.5
9332,4087,2023-03-10,"3:42:01 PM",124,124,Spaghetti,Italian,14.5
9347,4093,2023-03-10,"5:11:16 PM",124,124,Spaghetti,Italian,14.5
9405,4121,2023-03-11,"12:37:36 PM",124,124,Spaghetti,Italian,14.5
9415,4123,2023-03-11,"12:53:38 PM",124,124,Spaghetti,Italian,14.5
9422,4124,2023-03-11,"12:54:05 PM",124,124,Spaghetti,Italian,14.5
9430,4129,2023-03-11,"1:21:18 PM",124,124,Spaghetti,Italian,14.5
9476,4149,2023-03-11,"4:43:33 PM",124,124,Spaghetti,Italian,14.5
9488,4155,2023-03-11,"5:12:58 PM",124,124,Spaghetti,Italian,14.5
9499,4161,2023-03-11,"6:24:12 PM",124,124,Spaghetti,Italian,14.5
9508,4166,2023-03-11,"6:44:57 PM",124,124,Spaghetti,Italian,14.5
9565,4189,2023-03-12,"1:15:42 PM",124,124,Spaghetti,Italian,14.5
9568,4190,2023-03-12,"1:50:53 PM",124,124,Spaghetti,Italian,14.5
9637,4224,2023-03-12,"8:19:32 PM",124,124,Spaghetti,Italian,14.5
9709,4252,2023-03-13,"3:31:07 PM",124,124,Spaghetti,Italian,14.5
9791,4289,2023-03-13,"8:47:26 PM",124,124,Spaghetti,Italian,14.5
9829,4305,2023-03-14,"1:09:20 PM",124,124,Spaghetti,Italian,14.5
9864,4316,2023-03-14,"3:35:43 PM",124,124,Spaghetti,Italian,14.5
9928,4350,2023-03-14,"9:02:43 PM",124,124,Spaghetti,Italian,14.5
9949,4358,2023-03-15,"12:08:34 PM",124,124,Spaghetti,Italian,14.5
9967,4364,2023-03-15,"1:43:32 PM",124,124,Spaghetti,Italian,14.5
9984,4371,2023-03-15,"3:42:34 PM",124,124,Spaghetti,Italian,14.5
10080,4416,2023-03-16,"12:33:50 PM",124,124,Spaghetti,Italian,14.5
10110,4424,2023-03-16,"1:34:37 PM",124,124,Spaghetti,Italian,14.5
10152,4445,2023-03-16,"5:33:20 PM",124,124,Spaghetti,Italian,14.5
10179,4458,2023-03-16,"7:02:27 PM",124,124,Spaghetti,Italian,14.5
10295,4504,2023-03-17,"5:04:25 PM",124,124,Spaghetti,Italian,14.5
10309,4510,2023-03-17,"5:54:33 PM",124,124,Spaghetti,Italian,14.5
10361,4533,2023-03-17,"8:25:53 PM",124,124,Spaghetti,Italian,14.5
10442,4573,2023-03-18,"5:24:44 PM",124,124,Spaghetti,Italian,14.5
10494,4601,2023-03-18,"10:27:51 PM",124,124,Spaghetti,Italian,14.5
10593,4639,2023-03-19,"6:19:16 PM",124,124,Spaghetti,Italian,14.5
10620,4649,2023-03-19,"7:43:03 PM",124,124,Spaghetti,Italian,14.5
10639,4659,2023-03-19,"9:53:59 PM",124,124,Spaghetti,Italian,14.5
10645,4662,2023-03-20,"11:47:53 AM",124,124,Spaghetti,Italian,14.5
10655,4665,2023-03-20,"12:39:39 PM",124,124,Spaghetti,Italian,14.5
10689,4677,2023-03-20,"1:43:36 PM",124,124,Spaghetti,Italian,14.5
10699,4685,2023-03-20,"3:40:29 PM",124,124,Spaghetti,Italian,14.5
10717,4694,2023-03-20,"5:38:33 PM",124,124,Spaghetti,Italian,14.5
10732,4701,2023-03-20,"6:49:32 PM",124,124,Spaghetti,Italian,14.5
10769,4718,2023-03-20,"9:11:17 PM",124,124,Spaghetti,Italian,14.5
10807,4732,2023-03-21,"1:02:15 PM",124,124,Spaghetti,Italian,14.5
10844,4746,2023-03-21,"2:31:37 PM",124,124,Spaghetti,Italian,14.5
10859,4755,2023-03-21,"4:40:27 PM",124,124,Spaghetti,Italian,14.5
10863,4756,2023-03-21,"4:51:43 PM",124,124,Spaghetti,Italian,14.5
10881,4764,2023-03-21,"6:52:00 PM",124,124,Spaghetti,Italian,14.5
10899,4771,2023-03-21,"7:49:47 PM",124,124,Spaghetti,Italian,14.5
10929,4786,2023-03-22,"12:54:56 PM",124,124,Spaghetti,Italian,14.5
10940,4790,2023-03-22,"1:57:47 PM",124,124,Spaghetti,Italian,14.5
10979,4809,2023-03-22,"7:18:35 PM",124,124,Spaghetti,Italian,14.5
11025,4835,2023-03-23,"12:55:41 PM",124,124,Spaghetti,Italian,14.5
11030,4836,2023-03-23,"12:57:49 PM",124,124,Spaghetti,Italian,14.5
11065,4846,2023-03-23,"3:31:14 PM",124,124,Spaghetti,Italian,14.5
11070,4848,2023-03-23,"4:18:18 PM",124,124,Spaghetti,Italian,14.5
11115,4872,2023-03-23,"8:09:11 PM",124,124,Spaghetti,Italian,14.5
11127,4879,2023-03-23,"10:19:06 PM",124,124,Spaghetti,Italian,14.5
11186,4907,2023-03-24,"4:28:16 PM",124,124,Spaghetti,Italian,14.5
11215,4923,2023-03-24,"6:48:54 PM",124,124,Spaghetti,Italian,14.5
11230,4930,2023-03-24,"7:57:44 PM",124,124,Spaghetti,Italian,14.5
11322,4972,2023-03-25,"5:43:05 PM",124,124,Spaghetti,Italian,14.5
11330,4975,2023-03-25,"6:05:54 PM",124,124,Spaghetti,Italian,14.5
11351,4984,2023-03-25,"7:52:33 PM",124,124,Spaghetti,Italian,14.5
11460,5036,2023-03-26,"5:10:08 PM",124,124,Spaghetti,Italian,14.5
11537,5073,2023-03-27,"12:56:32 PM",124,124,Spaghetti,Italian,14.5
11549,5079,2023-03-27,"1:41:43 PM",124,124,Spaghetti,Italian,14.5
11567,5087,2023-03-27,"4:10:25 PM",124,124,Spaghetti,Italian,14.5
11585,5094,2023-03-27,"5:00:09 PM",124,124,Spaghetti,Italian,14.5
11606,5104,2023-03-27,"5:56:27 PM",124,124,Spaghetti,Italian,14.5
11618,5108,2023-03-27,"6:16:47 PM",124,124,Spaghetti,Italian,14.5
11625,5110,2023-03-27,"6:26:20 PM",124,124,Spaghetti,Italian,14.5
11682,5136,2023-03-28,"12:37:40 PM",124,124,Spaghetti,Italian,14.5
11687,5137,2023-03-28,"12:40:38 PM",124,124,Spaghetti,Italian,14.5
11726,5153,2023-03-28,"3:23:30 PM",124,124,Spaghetti,Italian,14.5
11802,5188,2023-03-28,"8:43:58 PM",124,124,Spaghetti,Italian,14.5
11828,5200,2023-03-29,"12:32:07 PM",124,124,Spaghetti,Italian,14.5
11846,5202,2023-03-29,"1:00:19 PM",124,124,Spaghetti,Italian,14.5
11922,5234,2023-03-29,"7:05:13 PM",124,124,Spaghetti,Italian,14.5
11939,5244,2023-03-29,"8:26:29 PM",124,124,Spaghetti,Italian,14.5
11979,5264,2023-03-30,"1:24:35 PM",124,124,Spaghetti,Italian,14.5
12037,5287,2023-03-30,"6:03:19 PM",124,124,Spaghetti,Italian,14.5
12055,5300,2023-03-30,"8:17:59 PM",124,124,Spaghetti,Italian,14.5
12065,5304,2023-03-30,"9:16:48 PM",124,124,Spaghetti,Italian,14.5
12077,5310,2023-03-31,"12:00:51 PM",124,124,Spaghetti,Italian,14.5
12082,5312,2023-03-31,"12:06:28 PM",124,124,Spaghetti,Italian,14.5
12085,5315,2023-03-31,"12:48:46 PM",124,124,Spaghetti,Italian,14.5
40,16,2023-01-01,"1:34:07 PM",125,125,"Spaghetti & Meatballs",Italian,17.95
46,17,2023-01-01,"1:53:00 PM",125,125,"Spaghetti & Meatballs",Italian,17.95
97,40,2023-01-01,"5:14:36 PM",125,125,"Spaghetti & Meatballs",Italian,17.95
99,41,2023-01-01,"5:15:20 PM",125,125,"Spaghetti & Meatballs",Italian,17.95
109,45,2023-01-01,"5:55:48 PM",125,125,"Spaghetti & Meatballs",Italian,17.95
144,60,2023-01-01,"8:05:16 PM",125,125,"Spaghetti & Meatballs",Italian,17.95
182,78,2023-01-02,"12:28:14 PM",125,125,"Spaghetti & Meatballs",Italian,17.95
284,119,2023-01-02,"7:32:29 PM",125,125,"Spaghetti & Meatballs",Italian,17.95
289,121,2023-01-02,"7:38:48 PM",125,125,"Spaghetti & Meatballs",Italian,17.95
326,138,2023-01-03,"11:44:50 AM",125,125,"Spaghetti & Meatballs",Italian,17.95
347,144,2023-01-03,"1:44:28 PM",125,125,"Spaghetti & Meatballs",Italian,17.95
356,146,2023-01-03,"2:22:10 PM",125,125,"Spaghetti & Meatballs",Italian,17.95
382,159,2023-01-03,"3:59:22 PM",125,125,"Spaghetti & Meatballs",Italian,17.95
401,169,2023-01-03,"5:15:48 PM",125,125,"Spaghetti & Meatballs",Italian,17.95
448,190,2023-01-03,"8:14:23 PM",125,125,"Spaghetti & Meatballs",Italian,17.95
463,197,2023-01-03,"9:47:48 PM",125,125,"Spaghetti & Meatballs",Italian,17.95
497,213,2023-01-04,"1:20:39 PM",125,125,"Spaghetti & Meatballs",Italian,17.95
520,222,2023-01-04,"3:46:38 PM",125,125,"Spaghetti & Meatballs",Italian,17.95
554,240,2023-01-04,"8:10:24 PM",125,125,"Spaghetti & Meatballs",Italian,17.95
575,250,2023-01-04,"9:07:05 PM",125,125,"Spaghetti & Meatballs",Italian,17.95
602,267,2023-01-05,"1:37:50 PM",125,125,"Spaghetti & Meatballs",Italian,17.95
623,274,2023-01-05,"2:36:33 PM",125,125,"Spaghetti & Meatballs",Italian,17.95
631,277,2023-01-05,"3:41:50 PM",125,125,"Spaghetti & Meatballs",Italian,17.95
644,284,2023-01-05,"4:58:16 PM",125,125,"Spaghetti & Meatballs",Italian,17.95
662,291,2023-01-05,"5:44:39 PM",125,125,"Spaghetti & Meatballs",Italian,17.95
723,317,2023-01-06,"12:31:00 PM",125,125,"Spaghetti & Meatballs",Italian,17.95
755,330,2023-01-06,"1:27:11 PM",125,125,"Spaghetti & Meatballs",Italian,17.95
787,343,2023-01-06,"3:45:37 PM",125,125,"Spaghetti & Meatballs",Italian,17.95
834,365,2023-01-06,"7:37:26 PM",125,125,"Spaghetti & Meatballs",Italian,17.95
843,370,2023-01-06,"9:02:30 PM",125,125,"Spaghetti & Meatballs",Italian,17.95
918,399,2023-01-07,"3:47:49 PM",125,125,"Spaghetti & Meatballs",Italian,17.95
923,402,2023-01-07,"4:24:46 PM",125,125,"Spaghetti & Meatballs",Italian,17.95
964,422,2023-01-07,"7:30:25 PM",125,125,"Spaghetti & Meatballs",Italian,17.95
982,431,2023-01-08,"11:17:13 AM",125,125,"Spaghetti & Meatballs",Italian,17.95
1006,440,2023-01-08,"12:16:34 PM",125,125,"Spaghetti & Meatballs",Italian,17.95
1007,440,2023-01-08,"12:16:34 PM",125,125,"Spaghetti & Meatballs",Italian,17.95
1022,443,2023-01-08,"12:34:20 PM",125,125,"Spaghetti & Meatballs",Italian,17.95
1034,444,2023-01-08,"12:40:05 PM",125,125,"Spaghetti & Meatballs",Italian,17.95
1052,453,2023-01-08,"1:27:14 PM",125,125,"Spaghetti & Meatballs",Italian,17.95
1078,468,2023-01-08,"3:36:12 PM",125,125,"Spaghetti & Meatballs",Italian,17.95
1112,484,2023-01-08,"6:02:54 PM",125,125,"Spaghetti & Meatballs",Italian,17.95
1133,494,2023-01-08,"7:38:40 PM",125,125,"Spaghetti & Meatballs",Italian,17.95
1143,499,2023-01-08,"9:10:46 PM",125,125,"Spaghetti & Meatballs",Italian,17.95
1168,513,2023-01-09,"12:22:48 PM",125,125,"Spaghetti & Meatballs",Italian,17.95
1188,522,2023-01-09,"2:09:33 PM",125,125,"Spaghetti & Meatballs",Italian,17.95
1201,527,2023-01-09,"3:23:37 PM",125,125,"Spaghetti & Meatballs",Italian,17.95
1247,551,2023-01-09,"7:26:24 PM",125,125,"Spaghetti & Meatballs",Italian,17.95
1259,556,2023-01-09,"8:23:12 PM",125,125,"Spaghetti & Meatballs",Italian,17.95
1278,567,2023-01-10,"12:27:47 PM",125,125,"Spaghetti & Meatballs",Italian,17.95
1330,591,2023-01-10,"5:32:54 PM",125,125,"Spaghetti & Meatballs",Italian,17.95
1349,600,2023-01-10,"6:53:52 PM",125,125,"Spaghetti & Meatballs",Italian,17.95
1369,609,2023-01-10,"7:39:32 PM",125,125,"Spaghetti & Meatballs",Italian,17.95
1396,621,2023-01-10,"8:49:29 PM",125,125,"Spaghetti & Meatballs",Italian,17.95
1408,626,2023-01-10,"9:55:12 PM",125,125,"Spaghetti & Meatballs",Italian,17.95
1460,648,2023-01-11,"2:17:17 PM",125,125,"Spaghetti & Meatballs",Italian,17.95
1493,663,2023-01-11,"5:29:14 PM",125,125,"Spaghetti & Meatballs",Italian,17.95
1527,679,2023-01-11,"8:31:02 PM",125,125,"Spaghetti & Meatballs",Italian,17.95
1537,684,2023-01-12,"12:01:23 PM",125,125,"Spaghetti & Meatballs",Italian,17.95
1585,708,2023-01-12,"3:52:44 PM",125,125,"Spaghetti & Meatballs",Italian,17.95
1658,740,2023-01-13,"12:29:51 PM",125,125,"Spaghetti & Meatballs",Italian,17.95
1675,745,2023-01-13,"1:36:53 PM",125,125,"Spaghetti & Meatballs",Italian,17.95
1700,755,2023-01-13,"3:50:49 PM",125,125,"Spaghetti & Meatballs",Italian,17.95
1708,758,2023-01-13,"4:14:43 PM",125,125,"Spaghetti & Meatballs",Italian,17.95
1730,769,2023-01-13,"5:43:17 PM",125,125,"Spaghetti & Meatballs",Italian,17.95
1748,778,2023-01-13,"7:18:08 PM",125,125,"Spaghetti & Meatballs",Italian,17.95
1780,792,2023-01-14,"12:37:48 PM",125,125,"Spaghetti & Meatballs",Italian,17.95
1823,805,2023-01-14,"2:07:52 PM",125,125,"Spaghetti & Meatballs",Italian,17.95
1891,836,2023-01-14,"8:08:08 PM",125,125,"Spaghetti & Meatballs",Italian,17.95
1918,850,2023-01-15,"12:15:35 PM",125,125,"Spaghetti & Meatballs",Italian,17.95
1962,870,2023-01-15,"2:38:31 PM",125,125,"Spaghetti & Meatballs",Italian,17.95
1972,877,2023-01-15,"3:32:59 PM",125,125,"Spaghetti & Meatballs",Italian,17.95
2001,890,2023-01-15,"5:32:25 PM",125,125,"Spaghetti & Meatballs",Italian,17.95
2003,892,2023-01-15,"6:04:29 PM",125,125,"Spaghetti & Meatballs",Italian,17.95
2005,893,2023-01-15,"6:15:22 PM",125,125,"Spaghetti & Meatballs",Italian,17.95
2080,927,2023-01-16,"1:59:21 PM",125,125,"Spaghetti & Meatballs",Italian,17.95
2121,945,2023-01-16,"5:58:38 PM",125,125,"Spaghetti & Meatballs",Italian,17.95
2151,957,2023-01-16,"7:32:12 PM",125,125,"Spaghetti & Meatballs",Italian,17.95
2167,964,2023-01-16,"8:24:37 PM",125,125,"Spaghetti & Meatballs",Italian,17.95
2212,982,2023-01-17,"2:12:58 PM",125,125,"Spaghetti & Meatballs",Italian,17.95
2303,1027,2023-01-17,"9:57:02 PM",125,125,"Spaghetti & Meatballs",Italian,17.95
2343,1043,2023-01-18,"2:07:36 PM",125,125,"Spaghetti & Meatballs",Italian,17.95
2355,1047,2023-01-18,"2:50:37 PM",125,125,"Spaghetti & Meatballs",Italian,17.95
2412,1072,2023-01-18,"6:32:32 PM",125,125,"Spaghetti & Meatballs",Italian,17.95
2421,1078,2023-01-18,"8:20:42 PM",125,125,"Spaghetti & Meatballs",Italian,17.95
2440,1087,2023-01-19,"11:57:38 AM",125,125,"Spaghetti & Meatballs",Italian,17.95
2469,1095,2023-01-19,"12:47:24 PM",125,125,"Spaghetti & Meatballs",Italian,17.95
2472,1096,2023-01-19,"12:56:45 PM",125,125,"Spaghetti & Meatballs",Italian,17.95
2528,1120,2023-01-19,"5:46:46 PM",125,125,"Spaghetti & Meatballs",Italian,17.95
2557,1132,2023-01-19,"7:51:37 PM",125,125,"Spaghetti & Meatballs",Italian,17.95
2609,1151,2023-01-20,"12:43:36 PM",125,125,"Spaghetti & Meatballs",Italian,17.95
2654,1173,2023-01-20,"4:57:05 PM",125,125,"Spaghetti & Meatballs",Italian,17.95
2681,1186,2023-01-20,"7:19:55 PM",125,125,"Spaghetti & Meatballs",Italian,17.95
2729,1209,2023-01-21,"1:13:52 PM",125,125,"Spaghetti & Meatballs",Italian,17.95
2739,1214,2023-01-21,"2:00:05 PM",125,125,"Spaghetti & Meatballs",Italian,17.95
2770,1226,2023-01-21,"4:10:57 PM",125,125,"Spaghetti & Meatballs",Italian,17.95
2788,1233,2023-01-21,"5:11:27 PM",125,125,"Spaghetti & Meatballs",Italian,17.95
2825,1247,2023-01-21,"7:54:37 PM",125,125,"Spaghetti & Meatballs",Italian,17.95
2828,1249,2023-01-21,"8:40:44 PM",125,125,"Spaghetti & Meatballs",Italian,17.95
2844,1257,2023-01-22,"12:07:53 PM",125,125,"Spaghetti & Meatballs",Italian,17.95
2889,1274,2023-01-22,"1:24:14 PM",125,125,"Spaghetti & Meatballs",Italian,17.95
2906,1280,2023-01-22,"2:44:54 PM",125,125,"Spaghetti & Meatballs",Italian,17.95
2941,1296,2023-01-22,"5:46:53 PM",125,125,"Spaghetti & Meatballs",Italian,17.95
3012,1326,2023-01-23,"12:00:54 PM",125,125,"Spaghetti & Meatballs",Italian,17.95
3022,1333,2023-01-23,"12:57:07 PM",125,125,"Spaghetti & Meatballs",Italian,17.95
3024,1334,2023-01-23,"1:00:58 PM",125,125,"Spaghetti & Meatballs",Italian,17.95
3034,1340,2023-01-23,"2:12:26 PM",125,125,"Spaghetti & Meatballs",Italian,17.95
3041,1341,2023-01-23,"2:15:37 PM",125,125,"Spaghetti & Meatballs",Italian,17.95
3048,1346,2023-01-23,"3:25:17 PM",125,125,"Spaghetti & Meatballs",Italian,17.95
3051,1347,2023-01-23,"3:32:59 PM",125,125,"Spaghetti & Meatballs",Italian,17.95
3096,1369,2023-01-23,"6:31:59 PM",125,125,"Spaghetti & Meatballs",Italian,17.95
3111,1377,2023-01-23,"7:19:20 PM",125,125,"Spaghetti & Meatballs",Italian,17.95
3115,1378,2023-01-23,"7:23:24 PM",125,125,"Spaghetti & Meatballs",Italian,17.95
3116,1379,2023-01-23,"7:33:07 PM",125,125,"Spaghetti & Meatballs",Italian,17.95
3267,1447,2023-01-24,"8:41:28 PM",125,125,"Spaghetti & Meatballs",Italian,17.95
3277,1451,2023-01-24,"9:23:59 PM",125,125,"Spaghetti & Meatballs",Italian,17.95
3308,1461,2023-01-25,"2:21:02 PM",125,125,"Spaghetti & Meatballs",Italian,17.95
3329,1471,2023-01-25,"4:07:00 PM",125,125,"Spaghetti & Meatballs",Italian,17.95
3336,1475,2023-01-25,"4:59:21 PM",125,125,"Spaghetti & Meatballs",Italian,17.95
3348,1480,2023-01-25,"5:48:20 PM",125,125,"Spaghetti & Meatballs",Italian,17.95
3366,1490,2023-01-25,"8:07:13 PM",125,125,"Spaghetti & Meatballs",Italian,17.95
3375,1493,2023-01-25,"9:00:40 PM",125,125,"Spaghetti & Meatballs",Italian,17.95
3393,1501,2023-01-26,"12:03:55 PM",125,125,"Spaghetti & Meatballs",Italian,17.95
3396,1502,2023-01-26,"12:04:48 PM",125,125,"Spaghetti & Meatballs",Italian,17.95
3421,1510,2023-01-26,"1:15:18 PM",125,125,"Spaghetti & Meatballs",Italian,17.95
3451,1530,2023-01-26,"3:49:09 PM",125,125,"Spaghetti & Meatballs",Italian,17.95
3462,1535,2023-01-26,"4:38:21 PM",125,125,"Spaghetti & Meatballs",Italian,17.95
3556,1578,2023-01-27,"4:07:40 PM",125,125,"Spaghetti & Meatballs",Italian,17.95
3591,1591,2023-01-27,"6:00:16 PM",125,125,"Spaghetti & Meatballs",Italian,17.95
3604,1598,2023-01-27,"6:31:26 PM",125,125,"Spaghetti & Meatballs",Italian,17.95
3634,1613,2023-01-27,"9:05:59 PM",125,125,"Spaghetti & Meatballs",Italian,17.95
3643,1617,2023-01-27,"10:25:26 PM",125,125,"Spaghetti & Meatballs",Italian,17.95
3662,1628,2023-01-28,"12:16:39 PM",125,125,"Spaghetti & Meatballs",Italian,17.95
3713,1647,2023-01-28,"3:29:24 PM",125,125,"Spaghetti & Meatballs",Italian,17.95
3775,1676,2023-01-29,"12:39:31 PM",125,125,"Spaghetti & Meatballs",Italian,17.95
3812,1690,2023-01-29,"1:55:35 PM",125,125,"Spaghetti & Meatballs",Italian,17.95
3846,1710,2023-01-29,"6:58:20 PM",125,125,"Spaghetti & Meatballs",Italian,17.95
3848,1711,2023-01-29,"6:59:29 PM",125,125,"Spaghetti & Meatballs",Italian,17.95
3895,1734,2023-01-30,"12:36:42 PM",125,125,"Spaghetti & Meatballs",Italian,17.95
3934,1751,2023-01-30,"4:49:58 PM",125,125,"Spaghetti & Meatballs",Italian,17.95
3957,1763,2023-01-30,"6:24:28 PM",125,125,"Spaghetti & Meatballs",Italian,17.95
3981,1776,2023-01-30,"8:09:16 PM",125,125,"Spaghetti & Meatballs",Italian,17.95
3992,1783,2023-01-30,"9:05:39 PM",125,125,"Spaghetti & Meatballs",Italian,17.95
3994,1784,2023-01-30,"9:06:05 PM",125,125,"Spaghetti & Meatballs",Italian,17.95
4006,1789,2023-01-30,"9:49:27 PM",125,125,"Spaghetti & Meatballs",Italian,17.95
4011,1791,2023-01-30,"10:46:02 PM",125,125,"Spaghetti & Meatballs",Italian,17.95
4017,1793,2023-01-31,"11:44:04 AM",125,125,"Spaghetti & Meatballs",Italian,17.95
4026,1795,2023-01-31,"1:21:53 PM",125,125,"Spaghetti & Meatballs",Italian,17.95
4033,1796,2023-01-31,"1:31:47 PM",125,125,"Spaghetti & Meatballs",Italian,17.95
4056,1804,2023-01-31,"3:44:13 PM",125,125,"Spaghetti & Meatballs",Italian,17.95
4083,1816,2023-01-31,"5:59:29 PM",125,125,"Spaghetti & Meatballs",Italian,17.95
4095,1820,2023-01-31,"6:13:57 PM",125,125,"Spaghetti & Meatballs",Italian,17.95
4107,1826,2023-01-31,"6:33:05 PM",125,125,"Spaghetti & Meatballs",Italian,17.95
4137,1838,2023-01-31,"8:56:38 PM",125,125,"Spaghetti & Meatballs",Italian,17.95
4162,1849,2023-02-01,"11:40:47 AM",125,125,"Spaghetti & Meatballs",Italian,17.95
4179,1852,2023-02-01,"11:54:36 AM",125,125,"Spaghetti & Meatballs",Italian,17.95
4227,1876,2023-02-01,"3:56:21 PM",125,125,"Spaghetti & Meatballs",Italian,17.95
4285,1901,2023-02-01,"5:47:51 PM",125,125,"Spaghetti & Meatballs",Italian,17.95
4286,1902,2023-02-01,"5:50:51 PM",125,125,"Spaghetti & Meatballs",Italian,17.95
4288,1903,2023-02-01,"6:06:22 PM",125,125,"Spaghetti & Meatballs",Italian,17.95
4363,1944,2023-02-02,"12:49:13 PM",125,125,"Spaghetti & Meatballs",Italian,17.95
4417,1965,2023-02-02,"4:10:04 PM",125,125,"Spaghetti & Meatballs",Italian,17.95
4439,1973,2023-02-02,"5:48:51 PM",125,125,"Spaghetti & Meatballs",Italian,17.95
4506,2000,2023-02-03,"12:14:27 PM",125,125,"Spaghetti & Meatballs",Italian,17.95
4516,2001,2023-02-03,"12:20:45 PM",125,125,"Spaghetti & Meatballs",Italian,17.95
4569,2023,2023-02-03,"3:05:28 PM",125,125,"Spaghetti & Meatballs",Italian,17.95
4578,2028,2023-02-03,"4:38:16 PM",125,125,"Spaghetti & Meatballs",Italian,17.95
4600,2040,2023-02-03,"5:36:45 PM",125,125,"Spaghetti & Meatballs",Italian,17.95
4628,2052,2023-02-03,"7:54:31 PM",125,125,"Spaghetti & Meatballs",Italian,17.95
4630,2053,2023-02-03,"8:42:43 PM",125,125,"Spaghetti & Meatballs",Italian,17.95
4632,2054,2023-02-03,"8:46:45 PM",125,125,"Spaghetti & Meatballs",Italian,17.95
4639,2057,2023-02-03,"9:11:26 PM",125,125,"Spaghetti & Meatballs",Italian,17.95
4685,2075,2023-02-04,"2:03:04 PM",125,125,"Spaghetti & Meatballs",Italian,17.95
4708,2084,2023-02-04,"4:06:23 PM",125,125,"Spaghetti & Meatballs",Italian,17.95
4714,2087,2023-02-04,"4:39:18 PM",125,125,"Spaghetti & Meatballs",Italian,17.95
4734,2097,2023-02-04,"6:13:32 PM",125,125,"Spaghetti & Meatballs",Italian,17.95
4755,2105,2023-02-04,"8:22:27 PM",125,125,"Spaghetti & Meatballs",Italian,17.95
4800,2126,2023-02-05,"1:31:29 PM",125,125,"Spaghetti & Meatballs",Italian,17.95
4813,2129,2023-02-05,"1:48:38 PM",125,125,"Spaghetti & Meatballs",Italian,17.95
4828,2135,2023-02-05,"2:38:28 PM",125,125,"Spaghetti & Meatballs",Italian,17.95
4838,2139,2023-02-05,"3:41:58 PM",125,125,"Spaghetti & Meatballs",Italian,17.95
4900,2172,2023-02-05,"9:51:44 PM",125,125,"Spaghetti & Meatballs",Italian,17.95
4916,2181,2023-02-06,"12:06:15 PM",125,125,"Spaghetti & Meatballs",Italian,17.95
4917,2181,2023-02-06,"12:06:15 PM",125,125,"Spaghetti & Meatballs",Italian,17.95
4921,2182,2023-02-06,"12:22:30 PM",125,125,"Spaghetti & Meatballs",Italian,17.95
4962,2193,2023-02-06,"1:21:21 PM",125,125,"Spaghetti & Meatballs",Italian,17.95
5096,2256,2023-02-07,"3:22:04 PM",125,125,"Spaghetti & Meatballs",Italian,17.95
5110,2262,2023-02-07,"4:36:54 PM",125,125,"Spaghetti & Meatballs",Italian,17.95
5142,2277,2023-02-07,"6:53:49 PM",125,125,"Spaghetti & Meatballs",Italian,17.95
5143,2277,2023-02-07,"6:53:49 PM",125,125,"Spaghetti & Meatballs",Italian,17.95
5147,2279,2023-02-07,"7:13:49 PM",125,125,"Spaghetti & Meatballs",Italian,17.95
5192,2300,2023-02-07,"9:59:07 PM",125,125,"Spaghetti & Meatballs",Italian,17.95
5213,2309,2023-02-08,"1:06:36 PM",125,125,"Spaghetti & Meatballs",Italian,17.95
5326,2362,2023-02-09,"12:30:05 PM",125,125,"Spaghetti & Meatballs",Italian,17.95
5369,2374,2023-02-09,"2:35:54 PM",125,125,"Spaghetti & Meatballs",Italian,17.95
5378,2376,2023-02-09,"3:25:59 PM",125,125,"Spaghetti & Meatballs",Italian,17.95
5426,2398,2023-02-09,"6:53:44 PM",125,125,"Spaghetti & Meatballs",Italian,17.95
5429,2399,2023-02-09,"7:00:56 PM",125,125,"Spaghetti & Meatballs",Italian,17.95
5450,2408,2023-02-09,"10:01:04 PM",125,125,"Spaghetti & Meatballs",Italian,17.95
5467,2417,2023-02-10,"12:38:36 PM",125,125,"Spaghetti & Meatballs",Italian,17.95
5494,2431,2023-02-10,"2:06:28 PM",125,125,"Spaghetti & Meatballs",Italian,17.95
5525,2444,2023-02-10,"5:02:57 PM",125,125,"Spaghetti & Meatballs",Italian,17.95
5531,2447,2023-02-10,"5:20:30 PM",125,125,"Spaghetti & Meatballs",Italian,17.95
5556,2458,2023-02-10,"8:09:17 PM",125,125,"Spaghetti & Meatballs",Italian,17.95
5575,2470,2023-02-11,"11:46:05 AM",125,125,"Spaghetti & Meatballs",Italian,17.95
5581,2471,2023-02-11,"11:48:07 AM",125,125,"Spaghetti & Meatballs",Italian,17.95
5582,2471,2023-02-11,"11:48:07 AM",125,125,"Spaghetti & Meatballs",Italian,17.95
5589,2476,2023-02-11,"12:11:27 PM",125,125,"Spaghetti & Meatballs",Italian,17.95
5632,2496,2023-02-11,"3:02:30 PM",125,125,"Spaghetti & Meatballs",Italian,17.95
5633,2496,2023-02-11,"3:02:30 PM",125,125,"Spaghetti & Meatballs",Italian,17.95
5636,2497,2023-02-11,"3:12:46 PM",125,125,"Spaghetti & Meatballs",Italian,17.95
5654,2506,2023-02-11,"5:44:46 PM",125,125,"Spaghetti & Meatballs",Italian,17.95
5690,2522,2023-02-11,"7:25:46 PM",125,125,"Spaghetti & Meatballs",Italian,17.95
5694,2523,2023-02-11,"7:30:16 PM",125,125,"Spaghetti & Meatballs",Italian,17.95
5699,2524,2023-02-11,"7:31:47 PM",125,125,"Spaghetti & Meatballs",Italian,17.95
5704,2526,2023-02-11,"7:36:30 PM",125,125,"Spaghetti & Meatballs",Italian,17.95
5710,2529,2023-02-11,"8:06:11 PM",125,125,"Spaghetti & Meatballs",Italian,17.95
5724,2536,2023-02-11,"9:52:14 PM",125,125,"Spaghetti & Meatballs",Italian,17.95
5747,2547,2023-02-12,"12:45:49 PM",125,125,"Spaghetti & Meatballs",Italian,17.95
5766,2554,2023-02-12,"1:53:40 PM",125,125,"Spaghetti & Meatballs",Italian,17.95
5775,2558,2023-02-12,"2:20:14 PM",125,125,"Spaghetti & Meatballs",Italian,17.95
5820,2579,2023-02-12,"5:38:32 PM",125,125,"Spaghetti & Meatballs",Italian,17.95
5834,2587,2023-02-12,"7:09:56 PM",125,125,"Spaghetti & Meatballs",Italian,17.95
5868,2602,2023-02-13,"12:10:01 PM",125,125,"Spaghetti & Meatballs",Italian,17.95
5948,2634,2023-02-13,"6:01:27 PM",125,125,"Spaghetti & Meatballs",Italian,17.95
5960,2641,2023-02-13,"7:52:22 PM",125,125,"Spaghetti & Meatballs",Italian,17.95
5989,2653,2023-02-13,"9:03:23 PM",125,125,"Spaghetti & Meatballs",Italian,17.95
6001,2659,2023-02-13,"10:00:43 PM",125,125,"Spaghetti & Meatballs",Italian,17.95
6018,2670,2023-02-14,"1:13:51 PM",125,125,"Spaghetti & Meatballs",Italian,17.95
6063,2691,2023-02-14,"5:52:15 PM",125,125,"Spaghetti & Meatballs",Italian,17.95
6084,2699,2023-02-14,"6:44:17 PM",125,125,"Spaghetti & Meatballs",Italian,17.95
6108,2708,2023-02-14,"7:40:04 PM",125,125,"Spaghetti & Meatballs",Italian,17.95
6111,2709,2023-02-14,"7:44:58 PM",125,125,"Spaghetti & Meatballs",Italian,17.95
6119,2711,2023-02-14,"8:00:33 PM",125,125,"Spaghetti & Meatballs",Italian,17.95
6175,2732,2023-02-15,"2:16:54 PM",125,125,"Spaghetti & Meatballs",Italian,17.95
6179,2733,2023-02-15,"2:40:34 PM",125,125,"Spaghetti & Meatballs",Italian,17.95
6219,2753,2023-02-15,"5:34:35 PM",125,125,"Spaghetti & Meatballs",Italian,17.95
6247,2766,2023-02-15,"7:30:07 PM",125,125,"Spaghetti & Meatballs",Italian,17.95
6279,2779,2023-02-16,"11:35:56 AM",125,125,"Spaghetti & Meatballs",Italian,17.95
6301,2786,2023-02-16,"12:18:19 PM",125,125,"Spaghetti & Meatballs",Italian,17.95
6319,2793,2023-02-16,"1:12:48 PM",125,125,"Spaghetti & Meatballs",Italian,17.95
6344,2805,2023-02-16,"4:57:14 PM",125,125,"Spaghetti & Meatballs",Italian,17.95
6450,2852,2023-02-17,"2:30:43 PM",125,125,"Spaghetti & Meatballs",Italian,17.95
6499,2878,2023-02-17,"8:02:56 PM",125,125,"Spaghetti & Meatballs",Italian,17.95
6523,2888,2023-02-18,"11:18:58 AM",125,125,"Spaghetti & Meatballs",Italian,17.95
6541,2895,2023-02-18,"12:06:59 PM",125,125,"Spaghetti & Meatballs",Italian,17.95
6542,2895,2023-02-18,"12:06:59 PM",125,125,"Spaghetti & Meatballs",Italian,17.95
6577,2909,2023-02-18,"2:21:14 PM",125,125,"Spaghetti & Meatballs",Italian,17.95
6646,2936,2023-02-18,"7:15:17 PM",125,125,"Spaghetti & Meatballs",Italian,17.95
6666,2943,2023-02-18,"8:41:00 PM",125,125,"Spaghetti & Meatballs",Italian,17.95
6685,2950,2023-02-19,"11:35:51 AM",125,125,"Spaghetti & Meatballs",Italian,17.95
6696,2956,2023-02-19,"12:33:38 PM",125,125,"Spaghetti & Meatballs",Italian,17.95
6729,2966,2023-02-19,"1:37:11 PM",125,125,"Spaghetti & Meatballs",Italian,17.95
6798,3002,2023-02-19,"9:27:34 PM",125,125,"Spaghetti & Meatballs",Italian,17.95
6834,3018,2023-02-20,"1:12:40 PM",125,125,"Spaghetti & Meatballs",Italian,17.95
6929,3058,2023-02-20,"7:19:17 PM",125,125,"Spaghetti & Meatballs",Italian,17.95
6939,3063,2023-02-20,"8:03:43 PM",125,125,"Spaghetti & Meatballs",Italian,17.95
6964,3073,2023-02-20,"9:36:46 PM",125,125,"Spaghetti & Meatballs",Italian,17.95
6970,3076,2023-02-20,"10:12:20 PM",125,125,"Spaghetti & Meatballs",Italian,17.95
6991,3083,2023-02-21,"12:43:43 PM",125,125,"Spaghetti & Meatballs",Italian,17.95
6992,3083,2023-02-21,"12:43:43 PM",125,125,"Spaghetti & Meatballs",Italian,17.95
7018,3095,2023-02-21,"3:11:34 PM",125,125,"Spaghetti & Meatballs",Italian,17.95
7022,3096,2023-02-21,"3:12:31 PM",125,125,"Spaghetti & Meatballs",Italian,17.95
7033,3101,2023-02-21,"4:12:23 PM",125,125,"Spaghetti & Meatballs",Italian,17.95
7041,3105,2023-02-21,"4:46:37 PM",125,125,"Spaghetti & Meatballs",Italian,17.95
7051,3109,2023-02-21,"5:30:27 PM",125,125,"Spaghetti & Meatballs",Italian,17.95
7057,3112,2023-02-21,"6:12:32 PM",125,125,"Spaghetti & Meatballs",Italian,17.95
7077,3124,2023-02-21,"7:59:20 PM",125,125,"Spaghetti & Meatballs",Italian,17.95
7094,3132,2023-02-21,"10:55:11 PM",125,125,"Spaghetti & Meatballs",Italian,17.95
7135,3146,2023-02-22,"3:55:09 PM",125,125,"Spaghetti & Meatballs",Italian,17.95
7249,3194,2023-02-23,"4:19:34 PM",125,125,"Spaghetti & Meatballs",Italian,17.95
7296,3216,2023-02-23,"6:51:30 PM",125,125,"Spaghetti & Meatballs",Italian,17.95
7302,3217,2023-02-23,"7:56:16 PM",125,125,"Spaghetti & Meatballs",Italian,17.95
7330,3231,2023-02-24,"12:15:10 PM",125,125,"Spaghetti & Meatballs",Italian,17.95
7333,3232,2023-02-24,"12:24:43 PM",125,125,"Spaghetti & Meatballs",Italian,17.95
7394,3258,2023-02-24,"5:40:49 PM",125,125,"Spaghetti & Meatballs",Italian,17.95
7424,3272,2023-02-24,"7:43:11 PM",125,125,"Spaghetti & Meatballs",Italian,17.95
7448,3283,2023-02-25,"10:54:03 AM",125,125,"Spaghetti & Meatballs",Italian,17.95
7457,3287,2023-02-25,"12:00:21 PM",125,125,"Spaghetti & Meatballs",Italian,17.95
7462,3289,2023-02-25,"12:22:27 PM",125,125,"Spaghetti & Meatballs",Italian,17.95
7473,3292,2023-02-25,"12:39:18 PM",125,125,"Spaghetti & Meatballs",Italian,17.95
7493,3299,2023-02-25,"1:08:59 PM",125,125,"Spaghetti & Meatballs",Italian,17.95
7527,3314,2023-02-25,"3:54:56 PM",125,125,"Spaghetti & Meatballs",Italian,17.95
7539,3321,2023-02-25,"5:22:08 PM",125,125,"Spaghetti & Meatballs",Italian,17.95
7544,3322,2023-02-25,"5:25:13 PM",125,125,"Spaghetti & Meatballs",Italian,17.95
7554,3327,2023-02-25,"6:19:46 PM",125,125,"Spaghetti & Meatballs",Italian,17.95
7561,3330,2023-02-25,"6:58:00 PM",125,125,"Spaghetti & Meatballs",Italian,17.95
7567,3334,2023-02-25,"7:54:47 PM",125,125,"Spaghetti & Meatballs",Italian,17.95
7600,3351,2023-02-26,"12:18:48 PM",125,125,"Spaghetti & Meatballs",Italian,17.95
7645,3365,2023-02-26,"2:08:46 PM",125,125,"Spaghetti & Meatballs",Italian,17.95
7705,3392,2023-02-26,"6:49:00 PM",125,125,"Spaghetti & Meatballs",Italian,17.95
7732,3403,2023-02-27,"11:57:25 AM",125,125,"Spaghetti & Meatballs",Italian,17.95
7754,3413,2023-02-27,"12:54:17 PM",125,125,"Spaghetti & Meatballs",Italian,17.95
7763,3417,2023-02-27,"1:05:16 PM",125,125,"Spaghetti & Meatballs",Italian,17.95
7767,3418,2023-02-27,"1:07:39 PM",125,125,"Spaghetti & Meatballs",Italian,17.95
7774,3420,2023-02-27,"1:37:23 PM",125,125,"Spaghetti & Meatballs",Italian,17.95
7808,3433,2023-02-27,"4:37:35 PM",125,125,"Spaghetti & Meatballs",Italian,17.95
7861,3454,2023-02-27,"6:57:55 PM",125,125,"Spaghetti & Meatballs",Italian,17.95
7884,3464,2023-02-27,"8:15:36 PM",125,125,"Spaghetti & Meatballs",Italian,17.95
7893,3470,2023-02-27,"9:53:24 PM",125,125,"Spaghetti & Meatballs",Italian,17.95
7901,3473,2023-02-28,"11:49:43 AM",125,125,"Spaghetti & Meatballs",Italian,17.95
7914,3476,2023-02-28,"12:08:55 PM",125,125,"Spaghetti & Meatballs",Italian,17.95
7954,3495,2023-02-28,"4:55:06 PM",125,125,"Spaghetti & Meatballs",Italian,17.95
7969,3501,2023-02-28,"5:45:11 PM",125,125,"Spaghetti & Meatballs",Italian,17.95
7976,3503,2023-02-28,"6:15:31 PM",125,125,"Spaghetti & Meatballs",Italian,17.95
7991,3509,2023-02-28,"7:05:49 PM",125,125,"Spaghetti & Meatballs",Italian,17.95
8020,3519,2023-02-28,"8:42:48 PM",125,125,"Spaghetti & Meatballs",Italian,17.95
8051,3533,2023-03-01,"12:08:01 PM",125,125,"Spaghetti & Meatballs",Italian,17.95
8088,3549,2023-03-01,"4:58:16 PM",125,125,"Spaghetti & Meatballs",Italian,17.95
8093,3552,2023-03-01,"5:06:58 PM",125,125,"Spaghetti & Meatballs",Italian,17.95
8108,3559,2023-03-01,"6:17:40 PM",125,125,"Spaghetti & Meatballs",Italian,17.95
8156,3583,2023-03-02,"12:07:16 PM",125,125,"Spaghetti & Meatballs",Italian,17.95
8226,3613,2023-03-02,"4:36:54 PM",125,125,"Spaghetti & Meatballs",Italian,17.95
8306,3649,2023-03-03,"1:07:20 PM",125,125,"Spaghetti & Meatballs",Italian,17.95
8335,3657,2023-03-03,"1:53:01 PM",125,125,"Spaghetti & Meatballs",Italian,17.95
8357,3662,2023-03-03,"3:34:25 PM",125,125,"Spaghetti & Meatballs",Italian,17.95
8444,3701,2023-03-04,"12:51:21 PM",125,125,"Spaghetti & Meatballs",Italian,17.95
8520,3731,2023-03-04,"6:06:40 PM",125,125,"Spaghetti & Meatballs",Italian,17.95
8544,3741,2023-03-04,"7:17:32 PM",125,125,"Spaghetti & Meatballs",Italian,17.95
8549,3744,2023-03-04,"8:14:27 PM",125,125,"Spaghetti & Meatballs",Italian,17.95
8568,3752,2023-03-05,"11:49:36 AM",125,125,"Spaghetti & Meatballs",Italian,17.95
8607,3774,2023-03-05,"1:47:15 PM",125,125,"Spaghetti & Meatballs",Italian,17.95
8616,3776,2023-03-05,"1:59:08 PM",125,125,"Spaghetti & Meatballs",Italian,17.95
8624,3779,2023-03-05,"2:24:19 PM",125,125,"Spaghetti & Meatballs",Italian,17.95
8644,3787,2023-03-05,"3:57:10 PM",125,125,"Spaghetti & Meatballs",Italian,17.95
8648,3789,2023-03-05,"4:12:54 PM",125,125,"Spaghetti & Meatballs",Italian,17.95
8649,3789,2023-03-05,"4:12:54 PM",125,125,"Spaghetti & Meatballs",Italian,17.95
8685,3804,2023-03-05,"6:13:03 PM",125,125,"Spaghetti & Meatballs",Italian,17.95
8717,3821,2023-03-06,"12:29:52 PM",125,125,"Spaghetti & Meatballs",Italian,17.95
8773,3848,2023-03-06,"5:02:56 PM",125,125,"Spaghetti & Meatballs",Italian,17.95
8789,3856,2023-03-06,"6:15:58 PM",125,125,"Spaghetti & Meatballs",Italian,17.95
8870,3887,2023-03-07,"12:24:10 PM",125,125,"Spaghetti & Meatballs",Italian,17.95
8909,3903,2023-03-07,"5:18:44 PM",125,125,"Spaghetti & Meatballs",Italian,17.95
8912,3905,2023-03-07,"5:39:40 PM",125,125,"Spaghetti & Meatballs",Italian,17.95
8919,3908,2023-03-07,"6:17:47 PM",125,125,"Spaghetti & Meatballs",Italian,17.95
8992,3940,2023-03-08,"12:29:28 PM",125,125,"Spaghetti & Meatballs",Italian,17.95
9038,3964,2023-03-08,"4:16:42 PM",125,125,"Spaghetti & Meatballs",Italian,17.95
9052,3970,2023-03-08,"5:07:58 PM",125,125,"Spaghetti & Meatballs",Italian,17.95
9060,3973,2023-03-08,"5:34:55 PM",125,125,"Spaghetti & Meatballs",Italian,17.95
9095,3988,2023-03-08,"7:27:14 PM",125,125,"Spaghetti & Meatballs",Italian,17.95
9125,4002,2023-03-09,"11:46:21 AM",125,125,"Spaghetti & Meatballs",Italian,17.95
9142,4010,2023-03-09,"1:07:43 PM",125,125,"Spaghetti & Meatballs",Italian,17.95
9199,4030,2023-03-09,"5:10:40 PM",125,125,"Spaghetti & Meatballs",Italian,17.95
9214,4036,2023-03-09,"5:56:04 PM",125,125,"Spaghetti & Meatballs",Italian,17.95
9217,4037,2023-03-09,"6:01:34 PM",125,125,"Spaghetti & Meatballs",Italian,17.95
9241,4049,2023-03-09,"8:22:42 PM",125,125,"Spaghetti & Meatballs",Italian,17.95
9262,4058,2023-03-10,"11:36:03 AM",125,125,"Spaghetti & Meatballs",Italian,17.95
9270,4062,2023-03-10,"12:29:59 PM",125,125,"Spaghetti & Meatballs",Italian,17.95
9290,4069,2023-03-10,"1:04:35 PM",125,125,"Spaghetti & Meatballs",Italian,17.95
9298,4073,2023-03-10,"1:25:22 PM",125,125,"Spaghetti & Meatballs",Italian,17.95
9304,4076,2023-03-10,"1:43:55 PM",125,125,"Spaghetti & Meatballs",Italian,17.95
9314,4078,2023-03-10,"2:06:41 PM",125,125,"Spaghetti & Meatballs",Italian,17.95
9337,4089,2023-03-10,"4:04:11 PM",125,125,"Spaghetti & Meatballs",Italian,17.95
9344,4092,2023-03-10,"4:49:23 PM",125,125,"Spaghetti & Meatballs",Italian,17.95
9379,4108,2023-03-10,"8:20:38 PM",125,125,"Spaghetti & Meatballs",Italian,17.95
9386,4110,2023-03-10,"8:55:20 PM",125,125,"Spaghetti & Meatballs",Italian,17.95
9390,4111,2023-03-10,"9:05:08 PM",125,125,"Spaghetti & Meatballs",Italian,17.95
9446,4134,2023-03-11,"2:23:53 PM",125,125,"Spaghetti & Meatballs",Italian,17.95
9458,4139,2023-03-11,"2:39:27 PM",125,125,"Spaghetti & Meatballs",Italian,17.95
9502,4162,2023-03-11,"6:27:59 PM",125,125,"Spaghetti & Meatballs",Italian,17.95
9505,4164,2023-03-11,"6:33:24 PM",125,125,"Spaghetti & Meatballs",Italian,17.95
9509,4166,2023-03-11,"6:44:57 PM",125,125,"Spaghetti & Meatballs",Italian,17.95
9523,4172,2023-03-11,"9:49:42 PM",125,125,"Spaghetti & Meatballs",Italian,17.95
9543,4184,2023-03-12,"12:19:43 PM",125,125,"Spaghetti & Meatballs",Italian,17.95
9566,4189,2023-03-12,"1:15:42 PM",125,125,"Spaghetti & Meatballs",Italian,17.95
9573,4194,2023-03-12,"2:30:20 PM",125,125,"Spaghetti & Meatballs",Italian,17.95
9577,4195,2023-03-12,"2:47:42 PM",125,125,"Spaghetti & Meatballs",Italian,17.95
9584,4199,2023-03-12,"3:47:43 PM",125,125,"Spaghetti & Meatballs",Italian,17.95
9586,4200,2023-03-12,"3:48:08 PM",125,125,"Spaghetti & Meatballs",Italian,17.95
9602,4207,2023-03-12,"4:39:49 PM",125,125,"Spaghetti & Meatballs",Italian,17.95
9617,4213,2023-03-12,"6:08:25 PM",125,125,"Spaghetti & Meatballs",Italian,17.95
9620,4215,2023-03-12,"6:21:31 PM",125,125,"Spaghetti & Meatballs",Italian,17.95
9626,4217,2023-03-12,"6:28:33 PM",125,125,"Spaghetti & Meatballs",Italian,17.95
9641,4226,2023-03-12,"8:58:53 PM",125,125,"Spaghetti & Meatballs",Italian,17.95
9663,4233,2023-03-13,"12:26:06 PM",125,125,"Spaghetti & Meatballs",Italian,17.95
9666,4234,2023-03-13,"12:26:55 PM",125,125,"Spaghetti & Meatballs",Italian,17.95
9687,4243,2023-03-13,"1:32:08 PM",125,125,"Spaghetti & Meatballs",Italian,17.95
9697,4247,2023-03-13,"2:34:24 PM",125,125,"Spaghetti & Meatballs",Italian,17.95
9761,4274,2023-03-13,"7:24:05 PM",125,125,"Spaghetti & Meatballs",Italian,17.95
9777,4283,2023-03-13,"8:00:35 PM",125,125,"Spaghetti & Meatballs",Italian,17.95
9807,4295,2023-03-13,"9:31:23 PM",125,125,"Spaghetti & Meatballs",Italian,17.95
9821,4301,2023-03-14,"12:43:04 PM",125,125,"Spaghetti & Meatballs",Italian,17.95
9848,4309,2023-03-14,"1:46:13 PM",125,125,"Spaghetti & Meatballs",Italian,17.95
9862,4315,2023-03-14,"3:19:31 PM",125,125,"Spaghetti & Meatballs",Italian,17.95
9892,4331,2023-03-14,"5:51:53 PM",125,125,"Spaghetti & Meatballs",Italian,17.95
9939,4355,2023-03-15,"11:40:06 AM",125,125,"Spaghetti & Meatballs",Italian,17.95
9958,4363,2023-03-15,"1:41:43 PM",125,125,"Spaghetti & Meatballs",Italian,17.95
9968,4364,2023-03-15,"1:43:32 PM",125,125,"Spaghetti & Meatballs",Italian,17.95
9977,4366,2023-03-15,"2:12:24 PM",125,125,"Spaghetti & Meatballs",Italian,17.95
9997,4377,2023-03-15,"4:07:56 PM",125,125,"Spaghetti & Meatballs",Italian,17.95
10057,4401,2023-03-15,"9:03:16 PM",125,125,"Spaghetti & Meatballs",Italian,17.95
10075,4412,2023-03-16,"12:18:01 PM",125,125,"Spaghetti & Meatballs",Italian,17.95
10081,4416,2023-03-16,"12:33:50 PM",125,125,"Spaghetti & Meatballs",Italian,17.95
10087,4418,2023-03-16,"12:48:27 PM",125,125,"Spaghetti & Meatballs",Italian,17.95
10093,4422,2023-03-16,"1:14:57 PM",125,125,"Spaghetti & Meatballs",Italian,17.95
10135,4438,2023-03-16,"4:30:22 PM",125,125,"Spaghetti & Meatballs",Italian,17.95
10143,4441,2023-03-16,"4:57:19 PM",125,125,"Spaghetti & Meatballs",Italian,17.95
10146,4442,2023-03-16,"5:04:37 PM",125,125,"Spaghetti & Meatballs",Italian,17.95
10161,4449,2023-03-16,"5:49:16 PM",125,125,"Spaghetti & Meatballs",Italian,17.95
10185,4460,2023-03-16,"7:08:35 PM",125,125,"Spaghetti & Meatballs",Italian,17.95
10226,4479,2023-03-17,"1:33:20 PM",125,125,"Spaghetti & Meatballs",Italian,17.95
10238,4482,2023-03-17,"1:57:38 PM",125,125,"Spaghetti & Meatballs",Italian,17.95
10261,4488,2023-03-17,"2:57:23 PM",125,125,"Spaghetti & Meatballs",Italian,17.95
10289,4501,2023-03-17,"4:48:42 PM",125,125,"Spaghetti & Meatballs",Italian,17.95
10298,4505,2023-03-17,"5:17:44 PM",125,125,"Spaghetti & Meatballs",Italian,17.95
10310,4510,2023-03-17,"5:54:33 PM",125,125,"Spaghetti & Meatballs",Italian,17.95
10319,4513,2023-03-17,"6:20:51 PM",125,125,"Spaghetti & Meatballs",Italian,17.95
10351,4528,2023-03-17,"7:50:37 PM",125,125,"Spaghetti & Meatballs",Italian,17.95
10368,4535,2023-03-17,"8:49:48 PM",125,125,"Spaghetti & Meatballs",Italian,17.95
10369,4536,2023-03-17,"9:06:40 PM",125,125,"Spaghetti & Meatballs",Italian,17.95
10436,4569,2023-03-18,"4:27:52 PM",125,125,"Spaghetti & Meatballs",Italian,17.95
10486,4596,2023-03-18,"8:42:12 PM",125,125,"Spaghetti & Meatballs",Italian,17.95
10535,4617,2023-03-19,"1:14:22 PM",125,125,"Spaghetti & Meatballs",Italian,17.95
10594,4639,2023-03-19,"6:19:16 PM",125,125,"Spaghetti & Meatballs",Italian,17.95
10612,4645,2023-03-19,"7:21:02 PM",125,125,"Spaghetti & Meatballs",Italian,17.95
10624,4651,2023-03-19,"7:55:20 PM",125,125,"Spaghetti & Meatballs",Italian,17.95
10634,4656,2023-03-19,"8:43:33 PM",125,125,"Spaghetti & Meatballs",Italian,17.95
10636,4657,2023-03-19,"8:48:08 PM",125,125,"Spaghetti & Meatballs",Italian,17.95
10656,4665,2023-03-20,"12:39:39 PM",125,125,"Spaghetti & Meatballs",Italian,17.95
10719,4695,2023-03-20,"6:04:31 PM",125,125,"Spaghetti & Meatballs",Italian,17.95
10760,4713,2023-03-20,"8:08:33 PM",125,125,"Spaghetti & Meatballs",Italian,17.95
10762,4715,2023-03-20,"8:16:44 PM",125,125,"Spaghetti & Meatballs",Italian,17.95
10763,4715,2023-03-20,"8:16:44 PM",125,125,"Spaghetti & Meatballs",Italian,17.95
10766,4716,2023-03-20,"8:33:22 PM",125,125,"Spaghetti & Meatballs",Italian,17.95
10771,4720,2023-03-20,"9:28:14 PM",125,125,"Spaghetti & Meatballs",Italian,17.95
10776,4722,2023-03-20,"9:49:53 PM",125,125,"Spaghetti & Meatballs",Italian,17.95
10799,4730,2023-03-21,"12:40:30 PM",125,125,"Spaghetti & Meatballs",Italian,17.95
10808,4732,2023-03-21,"1:02:15 PM",125,125,"Spaghetti & Meatballs",Italian,17.95
10935,4789,2023-03-22,"1:56:27 PM",125,125,"Spaghetti & Meatballs",Italian,17.95
10958,4799,2023-03-22,"4:32:35 PM",125,125,"Spaghetti & Meatballs",Italian,17.95
10972,4806,2023-03-22,"6:14:21 PM",125,125,"Spaghetti & Meatballs",Italian,17.95
10975,4807,2023-03-22,"6:26:11 PM",125,125,"Spaghetti & Meatballs",Italian,17.95
11053,4841,2023-03-23,"1:45:24 PM",125,125,"Spaghetti & Meatballs",Italian,17.95
11071,4849,2023-03-23,"4:30:24 PM",125,125,"Spaghetti & Meatballs",Italian,17.95
11079,4854,2023-03-23,"5:03:09 PM",125,125,"Spaghetti & Meatballs",Italian,17.95
11111,4870,2023-03-23,"7:50:49 PM",125,125,"Spaghetti & Meatballs",Italian,17.95
11138,4886,2023-03-24,"12:00:25 PM",125,125,"Spaghetti & Meatballs",Italian,17.95
11151,4892,2023-03-24,"12:49:05 PM",125,125,"Spaghetti & Meatballs",Italian,17.95
11154,4893,2023-03-24,"12:53:26 PM",125,125,"Spaghetti & Meatballs",Italian,17.95
11209,4920,2023-03-24,"5:39:24 PM",125,125,"Spaghetti & Meatballs",Italian,17.95
11218,4925,2023-03-24,"6:57:07 PM",125,125,"Spaghetti & Meatballs",Italian,17.95
11222,4927,2023-03-24,"7:38:31 PM",125,125,"Spaghetti & Meatballs",Italian,17.95
11240,4934,2023-03-24,"8:37:52 PM",125,125,"Spaghetti & Meatballs",Italian,17.95
11242,4935,2023-03-24,"8:56:05 PM",125,125,"Spaghetti & Meatballs",Italian,17.95
11271,4949,2023-03-25,"12:20:42 PM",125,125,"Spaghetti & Meatballs",Italian,17.95
11274,4950,2023-03-25,"12:22:09 PM",125,125,"Spaghetti & Meatballs",Italian,17.95
11277,4951,2023-03-25,"12:41:13 PM",125,125,"Spaghetti & Meatballs",Italian,17.95
11305,4967,2023-03-25,"5:02:42 PM",125,125,"Spaghetti & Meatballs",Italian,17.95
11314,4970,2023-03-25,"5:32:07 PM",125,125,"Spaghetti & Meatballs",Italian,17.95
11339,4979,2023-03-25,"6:57:01 PM",125,125,"Spaghetti & Meatballs",Italian,17.95
11374,4998,2023-03-26,"11:34:32 AM",125,125,"Spaghetti & Meatballs",Italian,17.95
11435,5024,2023-03-26,"2:40:47 PM",125,125,"Spaghetti & Meatballs",Italian,17.95
11445,5030,2023-03-26,"4:09:58 PM",125,125,"Spaghetti & Meatballs",Italian,17.95
11541,5076,2023-03-27,"1:12:12 PM",125,125,"Spaghetti & Meatballs",Italian,17.95
11578,5091,2023-03-27,"4:25:42 PM",125,125,"Spaghetti & Meatballs",Italian,17.95
11607,5104,2023-03-27,"5:56:27 PM",125,125,"Spaghetti & Meatballs",Italian,17.95
11674,5132,2023-03-27,"10:52:56 PM",125,125,"Spaghetti & Meatballs",Italian,17.95
11683,5136,2023-03-28,"12:37:40 PM",125,125,"Spaghetti & Meatballs",Italian,17.95
11697,5140,2023-03-28,"12:45:45 PM",125,125,"Spaghetti & Meatballs",Italian,17.95
11782,5180,2023-03-28,"7:48:11 PM",125,125,"Spaghetti & Meatballs",Italian,17.95
11813,5192,2023-03-28,"10:43:32 PM",125,125,"Spaghetti & Meatballs",Italian,17.95
11829,5200,2023-03-29,"12:32:07 PM",125,125,"Spaghetti & Meatballs",Italian,17.95
11900,5223,2023-03-29,"4:59:08 PM",125,125,"Spaghetti & Meatballs",Italian,17.95
11970,5260,2023-03-30,"12:57:03 PM",125,125,"Spaghetti & Meatballs",Italian,17.95
12016,5280,2023-03-30,"4:52:59 PM",125,125,"Spaghetti & Meatballs",Italian,17.95
12086,5315,2023-03-31,"12:48:46 PM",125,125,"Spaghetti & Meatballs",Italian,17.95
12087,5315,2023-03-31,"12:48:46 PM",125,125,"Spaghetti & Meatballs",Italian,17.95
12116,5322,2023-03-31,"1:35:58 PM",125,125,"Spaghetti & Meatballs",Italian,17.95
12128,5327,2023-03-31,"1:51:47 PM",125,125,"Spaghetti & Meatballs",Italian,17.95
12174,5347,2023-03-31,"5:33:17 PM",125,125,"Spaghetti & Meatballs",Italian,17.95
12178,5348,2023-03-31,"5:37:44 PM",125,125,"Spaghetti & Meatballs",Italian,17.95
16,9,2023-01-01,"12:52:01 PM",126,126,"Fettuccine Alfredo",Italian,14.5
75,29,2023-01-01,"3:41:01 PM",126,126,"Fettuccine Alfredo",Italian,14.5
80,32,2023-01-01,"3:53:18 PM",126,126,"Fettuccine Alfredo",Italian,14.5
84,33,2023-01-01,"3:54:08 PM",126,126,"Fettuccine Alfredo",Italian,14.5
86,35,2023-01-01,"4:32:04 PM",126,126,"Fettuccine Alfredo",Italian,14.5
100,41,2023-01-01,"5:15:20 PM",126,126,"Fettuccine Alfredo",Italian,14.5
118,48,2023-01-01,"6:26:42 PM",126,126,"Fettuccine Alfredo",Italian,14.5
310,131,2023-01-02,"9:33:10 PM",126,126,"Fettuccine Alfredo",Italian,14.5
333,142,2023-01-03,"1:33:59 PM",126,126,"Fettuccine Alfredo",Italian,14.5
502,215,2023-01-04,"1:44:49 PM",126,126,"Fettuccine Alfredo",Italian,14.5
549,236,2023-01-04,"7:21:04 PM",126,126,"Fettuccine Alfredo",Italian,14.5
550,237,2023-01-04,"7:27:48 PM",126,126,"Fettuccine Alfredo",Italian,14.5
583,255,2023-01-05,"11:23:35 AM",126,126,"Fettuccine Alfredo",Italian,14.5
671,296,2023-01-05,"6:46:54 PM",126,126,"Fettuccine Alfredo",Italian,14.5
715,314,2023-01-06,"12:11:58 PM",126,126,"Fettuccine Alfredo",Italian,14.5
791,346,2023-01-06,"4:30:00 PM",126,126,"Fettuccine Alfredo",Italian,14.5
812,354,2023-01-06,"6:01:44 PM",126,126,"Fettuccine Alfredo",Italian,14.5
821,359,2023-01-06,"6:33:08 PM",126,126,"Fettuccine Alfredo",Italian,14.5
824,360,2023-01-06,"6:50:38 PM",126,126,"Fettuccine Alfredo",Italian,14.5
896,393,2023-01-07,"1:48:31 PM",126,126,"Fettuccine Alfredo",Italian,14.5
978,430,2023-01-07,"10:46:13 PM",126,126,"Fettuccine Alfredo",Italian,14.5
1008,440,2023-01-08,"12:16:34 PM",126,126,"Fettuccine Alfredo",Italian,14.5
1009,440,2023-01-08,"12:16:34 PM",126,126,"Fettuccine Alfredo",Italian,14.5
1065,460,2023-01-08,"2:19:58 PM",126,126,"Fettuccine Alfredo",Italian,14.5
1089,474,2023-01-08,"4:47:48 PM",126,126,"Fettuccine Alfredo",Italian,14.5
1096,477,2023-01-08,"5:30:04 PM",126,126,"Fettuccine Alfredo",Italian,14.5
1105,482,2023-01-08,"5:52:42 PM",126,126,"Fettuccine Alfredo",Italian,14.5
1189,522,2023-01-09,"2:09:33 PM",126,126,"Fettuccine Alfredo",Italian,14.5
1240,546,2023-01-09,"6:47:27 PM",126,126,"Fettuccine Alfredo",Italian,14.5
1252,552,2023-01-09,"7:31:25 PM",126,126,"Fettuccine Alfredo",Italian,14.5
1256,554,2023-01-09,"8:15:51 PM",126,126,"Fettuccine Alfredo",Italian,14.5
1265,560,2023-01-09,"9:13:48 PM",126,126,"Fettuccine Alfredo",Italian,14.5
1290,570,2023-01-10,"1:13:59 PM",126,126,"Fettuccine Alfredo",Italian,14.5
1311,579,2023-01-10,"1:51:19 PM",126,126,"Fettuccine Alfredo",Italian,14.5
1511,672,2023-01-11,"7:18:46 PM",126,126,"Fettuccine Alfredo",Italian,14.5
1551,693,2023-01-12,"1:04:24 PM",126,126,"Fettuccine Alfredo",Italian,14.5
1577,705,2023-01-12,"3:31:00 PM",126,126,"Fettuccine Alfredo",Italian,14.5
1612,720,2023-01-12,"5:53:59 PM",126,126,"Fettuccine Alfredo",Italian,14.5
1623,724,2023-01-12,"6:24:47 PM",126,126,"Fettuccine Alfredo",Italian,14.5
1693,753,2023-01-13,"3:22:11 PM",126,126,"Fettuccine Alfredo",Italian,14.5
1794,798,2023-01-14,"12:50:30 PM",126,126,"Fettuccine Alfredo",Italian,14.5
2048,915,2023-01-16,"12:20:22 PM",126,126,"Fettuccine Alfredo",Italian,14.5
2113,941,2023-01-16,"5:09:08 PM",126,126,"Fettuccine Alfredo",Italian,14.5
2152,957,2023-01-16,"7:32:12 PM",126,126,"Fettuccine Alfredo",Italian,14.5
2168,965,2023-01-16,"8:41:02 PM",126,126,"Fettuccine Alfredo",Italian,14.5
2188,975,2023-01-16,"10:10:21 PM",126,126,"Fettuccine Alfredo",Italian,14.5
2263,1009,2023-01-17,"6:58:24 PM",126,126,"Fettuccine Alfredo",Italian,14.5
2268,1012,2023-01-17,"7:25:32 PM",126,126,"Fettuccine Alfredo",Italian,14.5
2325,1035,2023-01-18,"12:13:15 PM",126,126,"Fettuccine Alfredo",Italian,14.5
2423,1079,2023-01-18,"8:45:11 PM",126,126,"Fettuccine Alfredo",Italian,14.5
2488,1100,2023-01-19,"1:34:27 PM",126,126,"Fettuccine Alfredo",Italian,14.5
2497,1104,2023-01-19,"2:39:45 PM",126,126,"Fettuccine Alfredo",Italian,14.5
2553,1131,2023-01-19,"7:06:42 PM",126,126,"Fettuccine Alfredo",Italian,14.5
2595,1149,2023-01-20,"12:22:41 PM",126,126,"Fettuccine Alfredo",Italian,14.5
2602,1150,2023-01-20,"12:39:05 PM",126,126,"Fettuccine Alfredo",Italian,14.5
2702,1197,2023-01-20,"8:53:41 PM",126,126,"Fettuccine Alfredo",Italian,14.5
2789,1233,2023-01-21,"5:11:27 PM",126,126,"Fettuccine Alfredo",Italian,14.5
2793,1235,2023-01-21,"5:55:58 PM",126,126,"Fettuccine Alfredo",Italian,14.5
3017,1330,2023-01-23,"12:54:53 PM",126,126,"Fettuccine Alfredo",Italian,14.5
3035,1340,2023-01-23,"2:12:26 PM",126,126,"Fettuccine Alfredo",Italian,14.5
3145,1392,2023-01-24,"12:37:39 PM",126,126,"Fettuccine Alfredo",Italian,14.5
3169,1404,2023-01-24,"2:59:38 PM",126,126,"Fettuccine Alfredo",Italian,14.5
3243,1436,2023-01-24,"7:46:06 PM",126,126,"Fettuccine Alfredo",Italian,14.5
3247,1438,2023-01-24,"7:54:07 PM",126,126,"Fettuccine Alfredo",Italian,14.5
3402,1504,2023-01-26,"12:44:38 PM",126,126,"Fettuccine Alfredo",Italian,14.5
3417,1509,2023-01-26,"1:08:25 PM",126,126,"Fettuccine Alfredo",Italian,14.5
3447,1527,2023-01-26,"3:14:30 PM",126,126,"Fettuccine Alfredo",Italian,14.5
3562,1580,2023-01-27,"4:27:31 PM",126,126,"Fettuccine Alfredo",Italian,14.5
3668,1630,2023-01-28,"12:19:50 PM",126,126,"Fettuccine Alfredo",Italian,14.5
3678,1634,2023-01-28,"12:47:43 PM",126,126,"Fettuccine Alfredo",Italian,14.5
3922,1745,2023-01-30,"2:43:16 PM",126,126,"Fettuccine Alfredo",Italian,14.5
3954,1760,2023-01-30,"6:00:46 PM",126,126,"Fettuccine Alfredo",Italian,14.5
4063,1807,2023-01-31,"4:07:02 PM",126,126,"Fettuccine Alfredo",Italian,14.5
4070,1811,2023-01-31,"4:23:44 PM",126,126,"Fettuccine Alfredo",Italian,14.5
4243,1884,2023-02-01,"4:34:15 PM",126,126,"Fettuccine Alfredo",Italian,14.5
4320,1922,2023-02-01,"8:09:20 PM",126,126,"Fettuccine Alfredo",Italian,14.5
4330,1926,2023-02-01,"9:12:29 PM",126,126,"Fettuccine Alfredo",Italian,14.5
4393,1957,2023-02-02,"2:50:01 PM",126,126,"Fettuccine Alfredo",Italian,14.5
4491,1997,2023-02-03,"11:35:10 AM",126,126,"Fettuccine Alfredo",Italian,14.5
4521,2003,2023-02-03,"12:21:25 PM",126,126,"Fettuccine Alfredo",Italian,14.5
4530,2006,2023-02-03,"12:35:28 PM",126,126,"Fettuccine Alfredo",Italian,14.5
4553,2016,2023-02-03,"1:47:00 PM",126,126,"Fettuccine Alfredo",Italian,14.5
4671,2073,2023-02-04,"1:35:51 PM",126,126,"Fettuccine Alfredo",Italian,14.5
4801,2126,2023-02-05,"1:31:29 PM",126,126,"Fettuccine Alfredo",Italian,14.5
4829,2135,2023-02-05,"2:38:28 PM",126,126,"Fettuccine Alfredo",Italian,14.5
4851,2146,2023-02-05,"6:04:19 PM",126,126,"Fettuccine Alfredo",Italian,14.5
4976,2198,2023-02-06,"2:13:09 PM",126,126,"Fettuccine Alfredo",Italian,14.5
5000,2211,2023-02-06,"5:30:36 PM",126,126,"Fettuccine Alfredo",Italian,14.5
5117,2265,2023-02-07,"5:05:42 PM",126,126,"Fettuccine Alfredo",Italian,14.5
5156,2283,2023-02-07,"7:34:04 PM",126,126,"Fettuccine Alfredo",Italian,14.5
5185,2297,2023-02-07,"9:35:12 PM",126,126,"Fettuccine Alfredo",Italian,14.5
5298,2347,2023-02-08,"8:28:32 PM",126,126,"Fettuccine Alfredo",Italian,14.5
5366,2372,2023-02-09,"2:04:34 PM",126,126,"Fettuccine Alfredo",Italian,14.5
5370,2374,2023-02-09,"2:35:54 PM",126,126,"Fettuccine Alfredo",Italian,14.5
5413,2393,2023-02-09,"6:06:54 PM",126,126,"Fettuccine Alfredo",Italian,14.5
5433,2400,2023-02-09,"7:30:28 PM",126,126,"Fettuccine Alfredo",Italian,14.5
5485,2426,2023-02-10,"1:37:25 PM",126,126,"Fettuccine Alfredo",Italian,14.5
5512,2437,2023-02-10,"3:01:08 PM",126,126,"Fettuccine Alfredo",Italian,14.5
5544,2453,2023-02-10,"6:51:01 PM",126,126,"Fettuccine Alfredo",Italian,14.5
5551,2456,2023-02-10,"7:19:00 PM",126,126,"Fettuccine Alfredo",Italian,14.5
5657,2507,2023-02-11,"5:47:02 PM",126,126,"Fettuccine Alfredo",Italian,14.5
5660,2508,2023-02-11,"5:47:30 PM",126,126,"Fettuccine Alfredo",Italian,14.5
5679,2516,2023-02-11,"6:50:33 PM",126,126,"Fettuccine Alfredo",Italian,14.5
5702,2525,2023-02-11,"7:32:54 PM",126,126,"Fettuccine Alfredo",Italian,14.5
5841,2590,2023-02-12,"8:25:21 PM",126,126,"Fettuccine Alfredo",Italian,14.5
5842,2590,2023-02-12,"8:25:21 PM",126,126,"Fettuccine Alfredo",Italian,14.5
5892,2612,2023-02-13,"1:43:11 PM",126,126,"Fettuccine Alfredo",Italian,14.5
5909,2618,2023-02-13,"2:46:51 PM",126,126,"Fettuccine Alfredo",Italian,14.5
5931,2628,2023-02-13,"4:57:02 PM",126,126,"Fettuccine Alfredo",Italian,14.5
5939,2631,2023-02-13,"5:19:26 PM",126,126,"Fettuccine Alfredo",Italian,14.5
6024,2672,2023-02-14,"2:05:30 PM",126,126,"Fettuccine Alfredo",Italian,14.5
6065,2692,2023-02-14,"5:55:07 PM",126,126,"Fettuccine Alfredo",Italian,14.5
6090,2700,2023-02-14,"6:47:34 PM",126,126,"Fettuccine Alfredo",Italian,14.5
6112,2709,2023-02-14,"7:44:58 PM",126,126,"Fettuccine Alfredo",Italian,14.5
6116,2710,2023-02-14,"8:00:00 PM",126,126,"Fettuccine Alfredo",Italian,14.5
6135,2717,2023-02-14,"9:58:09 PM",126,126,"Fettuccine Alfredo",Italian,14.5
6264,2773,2023-02-15,"9:02:35 PM",126,126,"Fettuccine Alfredo",Italian,14.5
6265,2773,2023-02-15,"9:02:35 PM",126,126,"Fettuccine Alfredo",Italian,14.5
6277,2778,2023-02-16,"11:20:37 AM",126,126,"Fettuccine Alfredo",Italian,14.5
6373,2817,2023-02-16,"6:37:05 PM",126,126,"Fettuccine Alfredo",Italian,14.5
6453,2854,2023-02-17,"3:24:37 PM",126,126,"Fettuccine Alfredo",Italian,14.5
6475,2865,2023-02-17,"5:33:09 PM",126,126,"Fettuccine Alfredo",Italian,14.5
6497,2877,2023-02-17,"7:57:06 PM",126,126,"Fettuccine Alfredo",Italian,14.5
6551,2897,2023-02-18,"12:25:17 PM",126,126,"Fettuccine Alfredo",Italian,14.5
6596,2917,2023-02-18,"4:57:15 PM",126,126,"Fettuccine Alfredo",Italian,14.5
6604,2920,2023-02-18,"5:08:04 PM",126,126,"Fettuccine Alfredo",Italian,14.5
6633,2932,2023-02-18,"6:50:08 PM",126,126,"Fettuccine Alfredo",Italian,14.5
6763,2986,2023-02-19,"5:39:32 PM",126,126,"Fettuccine Alfredo",Italian,14.5
6766,2987,2023-02-19,"5:41:19 PM",126,126,"Fettuccine Alfredo",Italian,14.5
6772,2989,2023-02-19,"6:11:40 PM",126,126,"Fettuccine Alfredo",Italian,14.5
6808,3006,2023-02-20,"12:01:32 PM",126,126,"Fettuccine Alfredo",Italian,14.5
6829,3016,2023-02-20,"1:07:02 PM",126,126,"Fettuccine Alfredo",Italian,14.5
6923,3054,2023-02-20,"6:04:47 PM",126,126,"Fettuccine Alfredo",Italian,14.5
6998,3087,2023-02-21,"12:59:13 PM",126,126,"Fettuccine Alfredo",Italian,14.5
7010,3092,2023-02-21,"2:41:55 PM",126,126,"Fettuccine Alfredo",Italian,14.5
7069,3119,2023-02-21,"7:16:59 PM",126,126,"Fettuccine Alfredo",Italian,14.5
7074,3122,2023-02-21,"7:29:14 PM",126,126,"Fettuccine Alfredo",Italian,14.5
7075,3123,2023-02-21,"7:46:07 PM",126,126,"Fettuccine Alfredo",Italian,14.5
7147,3151,2023-02-22,"4:34:34 PM",126,126,"Fettuccine Alfredo",Italian,14.5
7215,3184,2023-02-23,"1:15:00 PM",126,126,"Fettuccine Alfredo",Italian,14.5
7256,3198,2023-02-23,"4:40:05 PM",126,126,"Fettuccine Alfredo",Italian,14.5
7313,3223,2023-02-23,"10:05:27 PM",126,126,"Fettuccine Alfredo",Italian,14.5
7334,3232,2023-02-24,"12:24:43 PM",126,126,"Fettuccine Alfredo",Italian,14.5
7414,3266,2023-02-24,"6:40:58 PM",126,126,"Fettuccine Alfredo",Italian,14.5
7415,3267,2023-02-24,"6:42:17 PM",126,126,"Fettuccine Alfredo",Italian,14.5
7534,3318,2023-02-25,"4:58:06 PM",126,126,"Fettuccine Alfredo",Italian,14.5
7537,3320,2023-02-25,"5:09:14 PM",126,126,"Fettuccine Alfredo",Italian,14.5
7550,3325,2023-02-25,"6:00:51 PM",126,126,"Fettuccine Alfredo",Italian,14.5
7739,3406,2023-02-27,"12:09:32 PM",126,126,"Fettuccine Alfredo",Italian,14.5
7805,3432,2023-02-27,"4:35:16 PM",126,126,"Fettuccine Alfredo",Italian,14.5
7864,3455,2023-02-27,"7:06:41 PM",126,126,"Fettuccine Alfredo",Italian,14.5
7868,3457,2023-02-27,"7:09:52 PM",126,126,"Fettuccine Alfredo",Italian,14.5
7870,3458,2023-02-27,"7:11:01 PM",126,126,"Fettuccine Alfredo",Italian,14.5
7881,3463,2023-02-27,"8:11:00 PM",126,126,"Fettuccine Alfredo",Italian,14.5
7902,3473,2023-02-28,"11:49:43 AM",126,126,"Fettuccine Alfredo",Italian,14.5
7915,3476,2023-02-28,"12:08:55 PM",126,126,"Fettuccine Alfredo",Italian,14.5
7936,3486,2023-02-28,"2:10:13 PM",126,126,"Fettuccine Alfredo",Italian,14.5
7951,3494,2023-02-28,"4:34:35 PM",126,126,"Fettuccine Alfredo",Italian,14.5
7992,3509,2023-02-28,"7:05:49 PM",126,126,"Fettuccine Alfredo",Italian,14.5
8007,3513,2023-02-28,"7:44:10 PM",126,126,"Fettuccine Alfredo",Italian,14.5
8026,3522,2023-02-28,"9:03:34 PM",126,126,"Fettuccine Alfredo",Italian,14.5
8047,3530,2023-02-28,"11:05:17 PM",126,126,"Fettuccine Alfredo",Italian,14.5
8056,3535,2023-03-01,"12:47:14 PM",126,126,"Fettuccine Alfredo",Italian,14.5
8074,3542,2023-03-01,"2:40:22 PM",126,126,"Fettuccine Alfredo",Italian,14.5
8077,3544,2023-03-01,"2:56:46 PM",126,126,"Fettuccine Alfredo",Italian,14.5
8190,3593,2023-03-02,"1:15:28 PM",126,126,"Fettuccine Alfredo",Italian,14.5
8216,3608,2023-03-02,"3:50:46 PM",126,126,"Fettuccine Alfredo",Italian,14.5
8266,3629,2023-03-02,"7:09:34 PM",126,126,"Fettuccine Alfredo",Italian,14.5
8300,3646,2023-03-03,"12:57:32 PM",126,126,"Fettuccine Alfredo",Italian,14.5
8310,3650,2023-03-03,"1:13:33 PM",126,126,"Fettuccine Alfredo",Italian,14.5
8434,3697,2023-03-04,"12:19:37 PM",126,126,"Fettuccine Alfredo",Italian,14.5
8499,3724,2023-03-04,"4:38:05 PM",126,126,"Fettuccine Alfredo",Italian,14.5
8635,3783,2023-03-05,"3:31:22 PM",126,126,"Fettuccine Alfredo",Italian,14.5
8799,3860,2023-03-06,"6:59:18 PM",126,126,"Fettuccine Alfredo",Italian,14.5
8803,3861,2023-03-06,"7:15:15 PM",126,126,"Fettuccine Alfredo",Italian,14.5
8830,3871,2023-03-06,"9:12:07 PM",126,126,"Fettuccine Alfredo",Italian,14.5
8885,3894,2023-03-07,"3:35:59 PM",126,126,"Fettuccine Alfredo",Italian,14.5
8902,3900,2023-03-07,"4:26:19 PM",126,126,"Fettuccine Alfredo",Italian,14.5
8903,3901,2023-03-07,"4:34:59 PM",126,126,"Fettuccine Alfredo",Italian,14.5
8923,3911,2023-03-07,"6:41:26 PM",126,126,"Fettuccine Alfredo",Italian,14.5
8935,3915,2023-03-07,"7:12:55 PM",126,126,"Fettuccine Alfredo",Italian,14.5
8937,3916,2023-03-07,"7:20:59 PM",126,126,"Fettuccine Alfredo",Italian,14.5
9007,3945,2023-03-08,"1:08:44 PM",126,126,"Fettuccine Alfredo",Italian,14.5
9082,3984,2023-03-08,"6:28:07 PM",126,126,"Fettuccine Alfredo",Italian,14.5
9099,3991,2023-03-08,"8:03:54 PM",126,126,"Fettuccine Alfredo",Italian,14.5
9120,4000,2023-03-09,"11:34:01 AM",126,126,"Fettuccine Alfredo",Italian,14.5
9183,4023,2023-03-09,"4:18:37 PM",126,126,"Fettuccine Alfredo",Italian,14.5
9196,4029,2023-03-09,"5:08:55 PM",126,126,"Fettuccine Alfredo",Italian,14.5
9218,4037,2023-03-09,"6:01:34 PM",126,126,"Fettuccine Alfredo",Italian,14.5
9342,4091,2023-03-10,"4:43:37 PM",126,126,"Fettuccine Alfredo",Italian,14.5
9345,4092,2023-03-10,"4:49:23 PM",126,126,"Fettuccine Alfredo",Italian,14.5
9360,4099,2023-03-10,"6:21:25 PM",126,126,"Fettuccine Alfredo",Italian,14.5
9391,4111,2023-03-10,"9:05:08 PM",126,126,"Fettuccine Alfredo",Italian,14.5
9416,4123,2023-03-11,"12:53:38 PM",126,126,"Fettuccine Alfredo",Italian,14.5
9441,4132,2023-03-11,"1:49:46 PM",126,126,"Fettuccine Alfredo",Italian,14.5
9526,4174,2023-03-11,"10:22:00 PM",126,126,"Fettuccine Alfredo",Italian,14.5
9527,4175,2023-03-11,"10:27:17 PM",126,126,"Fettuccine Alfredo",Italian,14.5
9552,4186,2023-03-12,"12:38:05 PM",126,126,"Fettuccine Alfredo",Italian,14.5
9607,4208,2023-03-12,"5:00:06 PM",126,126,"Fettuccine Alfredo",Italian,14.5
9668,4235,2023-03-13,"12:43:20 PM",126,126,"Fettuccine Alfredo",Italian,14.5
9730,4262,2023-03-13,"5:44:16 PM",126,126,"Fettuccine Alfredo",Italian,14.5
9797,4291,2023-03-13,"8:59:18 PM",126,126,"Fettuccine Alfredo",Italian,14.5
9826,4304,2023-03-14,"12:56:21 PM",126,126,"Fettuccine Alfredo",Italian,14.5
9846,4308,2023-03-14,"1:24:46 PM",126,126,"Fettuccine Alfredo",Italian,14.5
9959,4363,2023-03-15,"1:41:43 PM",126,126,"Fettuccine Alfredo",Italian,14.5
9985,4371,2023-03-15,"3:42:34 PM",126,126,"Fettuccine Alfredo",Italian,14.5
10034,4391,2023-03-15,"6:35:20 PM",126,126,"Fettuccine Alfredo",Italian,14.5
10117,4427,2023-03-16,"1:51:45 PM",126,126,"Fettuccine Alfredo",Italian,14.5
10155,4446,2023-03-16,"5:35:10 PM",126,126,"Fettuccine Alfredo",Italian,14.5
10164,4451,2023-03-16,"6:21:03 PM",126,126,"Fettuccine Alfredo",Italian,14.5
10221,4478,2023-03-17,"1:13:09 PM",126,126,"Fettuccine Alfredo",Italian,14.5
10227,4479,2023-03-17,"1:33:20 PM",126,126,"Fettuccine Alfredo",Italian,14.5
10342,4525,2023-03-17,"7:35:19 PM",126,126,"Fettuccine Alfredo",Italian,14.5
10448,4576,2023-03-18,"5:30:49 PM",126,126,"Fettuccine Alfredo",Italian,14.5
10467,4585,2023-03-18,"7:00:56 PM",126,126,"Fettuccine Alfredo",Italian,14.5
10469,4587,2023-03-18,"7:30:25 PM",126,126,"Fettuccine Alfredo",Italian,14.5
10551,4623,2023-03-19,"2:41:44 PM",126,126,"Fettuccine Alfredo",Italian,14.5
10617,4647,2023-03-19,"7:36:47 PM",126,126,"Fettuccine Alfredo",Italian,14.5
10640,4660,2023-03-19,"10:14:01 PM",126,126,"Fettuccine Alfredo",Italian,14.5
10662,4667,2023-03-20,"12:52:56 PM",126,126,"Fettuccine Alfredo",Italian,14.5
10710,4691,2023-03-20,"5:06:29 PM",126,126,"Fettuccine Alfredo",Italian,14.5
10735,4703,2023-03-20,"6:54:51 PM",126,126,"Fettuccine Alfredo",Italian,14.5
10836,4742,2023-03-21,"2:06:43 PM",126,126,"Fettuccine Alfredo",Italian,14.5
10955,4798,2023-03-22,"4:21:33 PM",126,126,"Fettuccine Alfredo",Italian,14.5
11031,4836,2023-03-23,"12:57:49 PM",126,126,"Fettuccine Alfredo",Italian,14.5
11076,4851,2023-03-23,"4:36:52 PM",126,126,"Fettuccine Alfredo",Italian,14.5
11108,4869,2023-03-23,"7:43:40 PM",126,126,"Fettuccine Alfredo",Italian,14.5
11484,5050,2023-03-26,"6:45:15 PM",126,126,"Fettuccine Alfredo",Italian,14.5
11503,5058,2023-03-26,"8:21:14 PM",126,126,"Fettuccine Alfredo",Italian,14.5
11529,5068,2023-03-27,"12:29:40 PM",126,126,"Fettuccine Alfredo",Italian,14.5
11554,5080,2023-03-27,"1:43:35 PM",126,126,"Fettuccine Alfredo",Italian,14.5
11566,5086,2023-03-27,"3:30:43 PM",126,126,"Fettuccine Alfredo",Italian,14.5
11575,5090,2023-03-27,"4:16:50 PM",126,126,"Fettuccine Alfredo",Italian,14.5
11621,5109,2023-03-27,"6:19:24 PM",126,126,"Fettuccine Alfredo",Italian,14.5
11659,5124,2023-03-27,"8:53:44 PM",126,126,"Fettuccine Alfredo",Italian,14.5
11693,5138,2023-03-28,"12:40:47 PM",126,126,"Fettuccine Alfredo",Italian,14.5
11723,5152,2023-03-28,"3:14:42 PM",126,126,"Fettuccine Alfredo",Italian,14.5
11840,5201,2023-03-29,"12:38:11 PM",126,126,"Fettuccine Alfredo",Italian,14.5
11930,5239,2023-03-29,"7:23:31 PM",126,126,"Fettuccine Alfredo",Italian,14.5
11937,5243,2023-03-29,"8:03:49 PM",126,126,"Fettuccine Alfredo",Italian,14.5
11947,5248,2023-03-30,"11:15:48 AM",126,126,"Fettuccine Alfredo",Italian,14.5
11965,5258,2023-03-30,"12:44:10 PM",126,126,"Fettuccine Alfredo",Italian,14.5
12007,5276,2023-03-30,"4:17:55 PM",126,126,"Fettuccine Alfredo",Italian,14.5
12051,5296,2023-03-30,"7:30:56 PM",126,126,"Fettuccine Alfredo",Italian,14.5
12143,5332,2023-03-31,"2:51:37 PM",126,126,"Fettuccine Alfredo",Italian,14.5
12153,5336,2023-03-31,"3:32:39 PM",126,126,"Fettuccine Alfredo",Italian,14.5
12159,5339,2023-03-31,"4:12:55 PM",126,126,"Fettuccine Alfredo",Italian,14.5
12184,5351,2023-03-31,"6:04:00 PM",126,126,"Fettuccine Alfredo",Italian,14.5
12195,5356,2023-03-31,"6:52:00 PM",126,126,"Fettuccine Alfredo",Italian,14.5
48,17,2023-01-01,"1:53:00 PM",127,127,"Meat Lasagna",Italian,17.95
140,59,2023-01-01,"7:40:08 PM",127,127,"Meat Lasagna",Italian,17.95
162,70,2023-01-02,"11:38:51 AM",127,127,"Meat Lasagna",Italian,17.95
176,76,2023-01-02,"12:21:17 PM",127,127,"Meat Lasagna",Italian,17.95
218,92,2023-01-02,"3:17:02 PM",127,127,"Meat Lasagna",Italian,17.95
244,104,2023-01-02,"6:02:12 PM",127,127,"Meat Lasagna",Italian,17.95
327,138,2023-01-03,"11:44:50 AM",127,127,"Meat Lasagna",Italian,17.95
380,158,2023-01-03,"3:54:30 PM",127,127,"Meat Lasagna",Italian,17.95
465,197,2023-01-03,"9:47:48 PM",127,127,"Meat Lasagna",Italian,17.95
477,203,2023-01-04,"11:30:48 AM",127,127,"Meat Lasagna",Italian,17.95
533,228,2023-01-04,"5:31:24 PM",127,127,"Meat Lasagna",Italian,17.95
534,229,2023-01-04,"5:37:57 PM",127,127,"Meat Lasagna",Italian,17.95
632,278,2023-01-05,"3:49:21 PM",127,127,"Meat Lasagna",Italian,17.95
666,293,2023-01-05,"5:58:38 PM",127,127,"Meat Lasagna",Italian,17.95
683,300,2023-01-05,"7:42:54 PM",127,127,"Meat Lasagna",Italian,17.95
858,378,2023-01-07,"12:19:37 PM",127,127,"Meat Lasagna",Italian,17.95
871,386,2023-01-07,"12:58:16 PM",127,127,"Meat Lasagna",Italian,17.95
932,406,2023-01-07,"4:50:49 PM",127,127,"Meat Lasagna",Italian,17.95
957,419,2023-01-07,"7:02:31 PM",127,127,"Meat Lasagna",Italian,17.95
1011,440,2023-01-08,"12:16:34 PM",127,127,"Meat Lasagna",Italian,17.95
1024,443,2023-01-08,"12:34:20 PM",127,127,"Meat Lasagna",Italian,17.95
1037,446,2023-01-08,"12:58:01 PM",127,127,"Meat Lasagna",Italian,17.95
1083,471,2023-01-08,"4:20:26 PM",127,127,"Meat Lasagna",Italian,17.95
1084,472,2023-01-08,"4:29:50 PM",127,127,"Meat Lasagna",Italian,17.95
1085,472,2023-01-08,"4:29:50 PM",127,127,"Meat Lasagna",Italian,17.95
1150,502,2023-01-08,"10:26:08 PM",127,127,"Meat Lasagna",Italian,17.95
1167,512,2023-01-09,"12:19:24 PM",127,127,"Meat Lasagna",Italian,17.95
1169,513,2023-01-09,"12:22:48 PM",127,127,"Meat Lasagna",Italian,17.95
1191,522,2023-01-09,"2:09:33 PM",127,127,"Meat Lasagna",Italian,17.95
1225,539,2023-01-09,"5:51:34 PM",127,127,"Meat Lasagna",Italian,17.95
1274,565,2023-01-10,"12:11:19 PM",127,127,"Meat Lasagna",Italian,17.95
1296,574,2023-01-10,"1:40:54 PM",127,127,"Meat Lasagna",Italian,17.95
1333,592,2023-01-10,"5:41:55 PM",127,127,"Meat Lasagna",Italian,17.95
1412,628,2023-01-10,"10:47:17 PM",127,127,"Meat Lasagna",Italian,17.95
1535,683,2023-01-12,"11:39:08 AM",127,127,"Meat Lasagna",Italian,17.95
1540,687,2023-01-12,"12:21:09 PM",127,127,"Meat Lasagna",Italian,17.95
1548,692,2023-01-12,"12:53:37 PM",127,127,"Meat Lasagna",Italian,17.95
1553,694,2023-01-12,"1:30:47 PM",127,127,"Meat Lasagna",Italian,17.95
1595,712,2023-01-12,"4:22:18 PM",127,127,"Meat Lasagna",Italian,17.95
1725,766,2023-01-13,"5:21:45 PM",127,127,"Meat Lasagna",Italian,17.95
1735,772,2023-01-13,"6:07:59 PM",127,127,"Meat Lasagna",Italian,17.95
1781,792,2023-01-14,"12:37:48 PM",127,127,"Meat Lasagna",Italian,17.95
1802,800,2023-01-14,"12:54:35 PM",127,127,"Meat Lasagna",Italian,17.95
1828,810,2023-01-14,"2:48:30 PM",127,127,"Meat Lasagna",Italian,17.95
2028,905,2023-01-15,"8:12:06 PM",127,127,"Meat Lasagna",Italian,17.95
2036,909,2023-01-16,"11:19:25 AM",127,127,"Meat Lasagna",Italian,17.95
2137,951,2023-01-16,"7:03:46 PM",127,127,"Meat Lasagna",Italian,17.95
2153,957,2023-01-16,"7:32:12 PM",127,127,"Meat Lasagna",Italian,17.95
2219,985,2023-01-17,"2:34:50 PM",127,127,"Meat Lasagna",Italian,17.95
2225,988,2023-01-17,"2:44:56 PM",127,127,"Meat Lasagna",Italian,17.95
2266,1010,2023-01-17,"7:15:11 PM",127,127,"Meat Lasagna",Italian,17.95
2395,1066,2023-01-18,"6:10:50 PM",127,127,"Meat Lasagna",Italian,17.95
2416,1074,2023-01-18,"7:01:54 PM",127,127,"Meat Lasagna",Italian,17.95
2426,1080,2023-01-18,"9:22:58 PM",127,127,"Meat Lasagna",Italian,17.95
2454,1090,2023-01-19,"12:14:24 PM",127,127,"Meat Lasagna",Italian,17.95
2455,1090,2023-01-19,"12:14:24 PM",127,127,"Meat Lasagna",Italian,17.95
2498,1104,2023-01-19,"2:39:45 PM",127,127,"Meat Lasagna",Italian,17.95
2576,1140,2023-01-20,"11:31:16 AM",127,127,"Meat Lasagna",Italian,17.95
2648,1169,2023-01-20,"4:08:25 PM",127,127,"Meat Lasagna",Italian,17.95
2743,1214,2023-01-21,"2:00:05 PM",127,127,"Meat Lasagna",Italian,17.95
2774,1228,2023-01-21,"4:26:36 PM",127,127,"Meat Lasagna",Italian,17.95
2777,1230,2023-01-21,"4:38:28 PM",127,127,"Meat Lasagna",Italian,17.95
2831,1250,2023-01-21,"9:09:08 PM",127,127,"Meat Lasagna",Italian,17.95
2840,1255,2023-01-22,"12:05:34 PM",127,127,"Meat Lasagna",Italian,17.95
2861,1265,2023-01-22,"12:59:26 PM",127,127,"Meat Lasagna",Italian,17.95
2891,1274,2023-01-22,"1:24:14 PM",127,127,"Meat Lasagna",Italian,17.95
2896,1275,2023-01-22,"1:26:25 PM",127,127,"Meat Lasagna",Italian,17.95
2897,1276,2023-01-22,"1:46:36 PM",127,127,"Meat Lasagna",Italian,17.95
2936,1294,2023-01-22,"5:43:01 PM",127,127,"Meat Lasagna",Italian,17.95
3013,1327,2023-01-23,"12:01:01 PM",127,127,"Meat Lasagna",Italian,17.95
3032,1339,2023-01-23,"2:10:45 PM",127,127,"Meat Lasagna",Italian,17.95
3079,1363,2023-01-23,"5:46:45 PM",127,127,"Meat Lasagna",Italian,17.95
3112,1377,2023-01-23,"7:19:20 PM",127,127,"Meat Lasagna",Italian,17.95
3180,1410,2023-01-24,"4:17:38 PM",127,127,"Meat Lasagna",Italian,17.95
3229,1430,2023-01-24,"7:39:56 PM",127,127,"Meat Lasagna",Italian,17.95
3234,1432,2023-01-24,"7:41:52 PM",127,127,"Meat Lasagna",Italian,17.95
3361,1486,2023-01-25,"7:09:03 PM",127,127,"Meat Lasagna",Italian,17.95
3418,1509,2023-01-26,"1:08:25 PM",127,127,"Meat Lasagna",Italian,17.95
3463,1535,2023-01-26,"4:38:21 PM",127,127,"Meat Lasagna",Italian,17.95
3475,1540,2023-01-26,"6:08:56 PM",127,127,"Meat Lasagna",Italian,17.95
3498,1554,2023-01-27,"11:57:19 AM",127,127,"Meat Lasagna",Italian,17.95
3505,1558,2023-01-27,"12:27:55 PM",127,127,"Meat Lasagna",Italian,17.95
3528,1568,2023-01-27,"1:38:46 PM",127,127,"Meat Lasagna",Italian,17.95
3618,1605,2023-01-27,"8:05:27 PM",127,127,"Meat Lasagna",Italian,17.95
3723,1651,2023-01-28,"4:40:16 PM",127,127,"Meat Lasagna",Italian,17.95
3749,1663,2023-01-28,"8:46:18 PM",127,127,"Meat Lasagna",Italian,17.95
3750,1663,2023-01-28,"8:46:18 PM",127,127,"Meat Lasagna",Italian,17.95
3814,1692,2023-01-29,"2:24:36 PM",127,127,"Meat Lasagna",Italian,17.95
3815,1693,2023-01-29,"2:28:24 PM",127,127,"Meat Lasagna",Italian,17.95
3851,1713,2023-01-29,"7:32:08 PM",127,127,"Meat Lasagna",Italian,17.95
3910,1738,2023-01-30,"1:46:49 PM",127,127,"Meat Lasagna",Italian,17.95
3935,1752,2023-01-30,"4:51:01 PM",127,127,"Meat Lasagna",Italian,17.95
3941,1754,2023-01-30,"5:11:32 PM",127,127,"Meat Lasagna",Italian,17.95
3958,1764,2023-01-30,"6:24:57 PM",127,127,"Meat Lasagna",Italian,17.95
3961,1765,2023-01-30,"6:32:30 PM",127,127,"Meat Lasagna",Italian,17.95
3974,1772,2023-01-30,"7:57:11 PM",127,127,"Meat Lasagna",Italian,17.95
3995,1784,2023-01-30,"9:06:05 PM",127,127,"Meat Lasagna",Italian,17.95
4053,1803,2023-01-31,"3:12:38 PM",127,127,"Meat Lasagna",Italian,17.95
4130,1835,2023-01-31,"8:28:11 PM",127,127,"Meat Lasagna",Italian,17.95
4153,1845,2023-01-31,"10:43:07 PM",127,127,"Meat Lasagna",Italian,17.95
4169,1851,2023-02-01,"11:49:01 AM",127,127,"Meat Lasagna",Italian,17.95
4210,1869,2023-02-01,"2:37:38 PM",127,127,"Meat Lasagna",Italian,17.95
4235,1880,2023-02-01,"4:15:40 PM",127,127,"Meat Lasagna",Italian,17.95
4318,1921,2023-02-01,"8:07:50 PM",127,127,"Meat Lasagna",Italian,17.95
4346,1933,2023-02-02,"11:17:08 AM",127,127,"Meat Lasagna",Italian,17.95
4350,1935,2023-02-02,"11:24:47 AM",127,127,"Meat Lasagna",Italian,17.95
4498,1999,2023-02-03,"12:07:51 PM",127,127,"Meat Lasagna",Italian,17.95
4554,2016,2023-02-03,"1:47:00 PM",127,127,"Meat Lasagna",Italian,17.95
4609,2046,2023-02-03,"6:46:54 PM",127,127,"Meat Lasagna",Italian,17.95
4618,2050,2023-02-03,"7:20:46 PM",127,127,"Meat Lasagna",Italian,17.95
4633,2054,2023-02-03,"8:46:45 PM",127,127,"Meat Lasagna",Italian,17.95
4686,2075,2023-02-04,"2:03:04 PM",127,127,"Meat Lasagna",Italian,17.95
4695,2076,2023-02-04,"2:11:44 PM",127,127,"Meat Lasagna",Italian,17.95
4710,2085,2023-02-04,"4:16:36 PM",127,127,"Meat Lasagna",Italian,17.95
4728,2094,2023-02-04,"5:35:45 PM",127,127,"Meat Lasagna",Italian,17.95
4746,2102,2023-02-04,"7:30:52 PM",127,127,"Meat Lasagna",Italian,17.95
4946,2188,2023-02-06,"1:13:33 PM",127,127,"Meat Lasagna",Italian,17.95
5089,2254,2023-02-07,"3:00:58 PM",127,127,"Meat Lasagna",Italian,17.95
5131,2272,2023-02-07,"6:17:46 PM",127,127,"Meat Lasagna",Italian,17.95
5261,2331,2023-02-08,"5:20:08 PM",127,127,"Meat Lasagna",Italian,17.95
5282,2340,2023-02-08,"6:59:56 PM",127,127,"Meat Lasagna",Italian,17.95
5286,2341,2023-02-08,"7:07:53 PM",127,127,"Meat Lasagna",Italian,17.95
5336,2364,2023-02-09,"12:52:36 PM",127,127,"Meat Lasagna",Italian,17.95
5337,2364,2023-02-09,"12:52:36 PM",127,127,"Meat Lasagna",Italian,17.95
5338,2364,2023-02-09,"12:52:36 PM",127,127,"Meat Lasagna",Italian,17.95
5361,2370,2023-02-09,"2:00:23 PM",127,127,"Meat Lasagna",Italian,17.95
5417,2394,2023-02-09,"6:14:43 PM",127,127,"Meat Lasagna",Italian,17.95
5431,2399,2023-02-09,"7:00:56 PM",127,127,"Meat Lasagna",Italian,17.95
5459,2412,2023-02-10,"12:09:03 PM",127,127,"Meat Lasagna",Italian,17.95
5496,2431,2023-02-10,"2:06:28 PM",127,127,"Meat Lasagna",Italian,17.95
5506,2433,2023-02-10,"2:23:45 PM",127,127,"Meat Lasagna",Italian,17.95
5518,2440,2023-02-10,"4:43:55 PM",127,127,"Meat Lasagna",Italian,17.95
5568,2464,2023-02-10,"8:20:24 PM",127,127,"Meat Lasagna",Italian,17.95
5634,2496,2023-02-11,"3:02:30 PM",127,127,"Meat Lasagna",Italian,17.95
5645,2502,2023-02-11,"5:08:01 PM",127,127,"Meat Lasagna",Italian,17.95
5687,2520,2023-02-11,"7:06:07 PM",127,127,"Meat Lasagna",Italian,17.95
5706,2527,2023-02-11,"7:53:46 PM",127,127,"Meat Lasagna",Italian,17.95
5729,2539,2023-02-12,"11:38:35 AM",127,127,"Meat Lasagna",Italian,17.95
5749,2547,2023-02-12,"12:45:49 PM",127,127,"Meat Lasagna",Italian,17.95
5758,2548,2023-02-12,"12:48:03 PM",127,127,"Meat Lasagna",Italian,17.95
5797,2569,2023-02-12,"3:53:59 PM",127,127,"Meat Lasagna",Italian,17.95
5875,2604,2023-02-13,"12:33:36 PM",127,127,"Meat Lasagna",Italian,17.95
5885,2609,2023-02-13,"1:12:42 PM",127,127,"Meat Lasagna",Italian,17.95
5990,2654,2023-02-13,"9:05:06 PM",127,127,"Meat Lasagna",Italian,17.95
6102,2706,2023-02-14,"7:35:44 PM",127,127,"Meat Lasagna",Italian,17.95
6126,2713,2023-02-14,"9:08:21 PM",127,127,"Meat Lasagna",Italian,17.95
6184,2735,2023-02-15,"2:53:31 PM",127,127,"Meat Lasagna",Italian,17.95
6199,2744,2023-02-15,"5:01:46 PM",127,127,"Meat Lasagna",Italian,17.95
6212,2750,2023-02-15,"5:26:04 PM",127,127,"Meat Lasagna",Italian,17.95
6276,2777,2023-02-15,"9:56:36 PM",127,127,"Meat Lasagna",Italian,17.95
6327,2796,2023-02-16,"2:17:05 PM",127,127,"Meat Lasagna",Italian,17.95
6430,2847,2023-02-17,"2:00:42 PM",127,127,"Meat Lasagna",Italian,17.95
6530,2891,2023-02-18,"11:39:41 AM",127,127,"Meat Lasagna",Italian,17.95
6714,2961,2023-02-19,"1:13:54 PM",127,127,"Meat Lasagna",Italian,17.95
6715,2961,2023-02-19,"1:13:54 PM",127,127,"Meat Lasagna",Italian,17.95
6740,2972,2023-02-19,"2:59:53 PM",127,127,"Meat Lasagna",Italian,17.95
6778,2993,2023-02-19,"6:49:06 PM",127,127,"Meat Lasagna",Italian,17.95
6810,3007,2023-02-20,"12:06:37 PM",127,127,"Meat Lasagna",Italian,17.95
6928,3057,2023-02-20,"7:17:04 PM",127,127,"Meat Lasagna",Italian,17.95
6985,3082,2023-02-21,"12:37:30 PM",127,127,"Meat Lasagna",Italian,17.95
6994,3084,2023-02-21,"12:44:07 PM",127,127,"Meat Lasagna",Italian,17.95
7011,3092,2023-02-21,"2:41:55 PM",127,127,"Meat Lasagna",Italian,17.95
7027,3098,2023-02-21,"3:26:00 PM",127,127,"Meat Lasagna",Italian,17.95
7029,3099,2023-02-21,"3:37:24 PM",127,127,"Meat Lasagna",Italian,17.95
7042,3105,2023-02-21,"4:46:37 PM",127,127,"Meat Lasagna",Italian,17.95
7058,3112,2023-02-21,"6:12:32 PM",127,127,"Meat Lasagna",Italian,17.95
7128,3144,2023-02-22,"3:26:04 PM",127,127,"Meat Lasagna",Italian,17.95
7207,3179,2023-02-23,"12:41:52 PM",127,127,"Meat Lasagna",Italian,17.95
7208,3179,2023-02-23,"12:41:52 PM",127,127,"Meat Lasagna",Italian,17.95
7213,3182,2023-02-23,"12:57:29 PM",127,127,"Meat Lasagna",Italian,17.95
7298,3216,2023-02-23,"6:51:30 PM",127,127,"Meat Lasagna",Italian,17.95
7356,3240,2023-02-24,"1:24:10 PM",127,127,"Meat Lasagna",Italian,17.95
7466,3290,2023-02-25,"12:32:36 PM",127,127,"Meat Lasagna",Italian,17.95
7507,3305,2023-02-25,"2:24:47 PM",127,127,"Meat Lasagna",Italian,17.95
7517,3310,2023-02-25,"3:39:00 PM",127,127,"Meat Lasagna",Italian,17.95
7555,3328,2023-02-25,"6:44:25 PM",127,127,"Meat Lasagna",Italian,17.95
7622,3359,2023-02-26,"1:25:04 PM",127,127,"Meat Lasagna",Italian,17.95
7626,3361,2023-02-26,"1:50:11 PM",127,127,"Meat Lasagna",Italian,17.95
7633,3363,2023-02-26,"1:52:23 PM",127,127,"Meat Lasagna",Italian,17.95
7673,3379,2023-02-26,"4:55:17 PM",127,127,"Meat Lasagna",Italian,17.95
7696,3389,2023-02-26,"6:19:17 PM",127,127,"Meat Lasagna",Italian,17.95
7697,3390,2023-02-26,"6:26:17 PM",127,127,"Meat Lasagna",Italian,17.95
7761,3416,2023-02-27,"1:02:43 PM",127,127,"Meat Lasagna",Italian,17.95
7764,3417,2023-02-27,"1:05:16 PM",127,127,"Meat Lasagna",Italian,17.95
7780,3423,2023-02-27,"2:09:03 PM",127,127,"Meat Lasagna",Italian,17.95
7820,3439,2023-02-27,"5:19:07 PM",127,127,"Meat Lasagna",Italian,17.95
7973,3502,2023-02-28,"6:02:19 PM",127,127,"Meat Lasagna",Italian,17.95
8116,3562,2023-03-01,"6:41:16 PM",127,127,"Meat Lasagna",Italian,17.95
8184,3590,2023-03-02,"12:50:05 PM",127,127,"Meat Lasagna",Italian,17.95
8223,3610,2023-03-02,"4:19:32 PM",127,127,"Meat Lasagna",Italian,17.95
8259,3627,2023-03-02,"6:45:21 PM",127,127,"Meat Lasagna",Italian,17.95
8314,3652,2023-03-03,"1:21:01 PM",127,127,"Meat Lasagna",Italian,17.95
8365,3665,2023-03-03,"4:32:20 PM",127,127,"Meat Lasagna",Italian,17.95
8392,3677,2023-03-03,"6:36:32 PM",127,127,"Meat Lasagna",Italian,17.95
8435,3697,2023-03-04,"12:19:37 PM",127,127,"Meat Lasagna",Italian,17.95
8459,3705,2023-03-04,"1:15:42 PM",127,127,"Meat Lasagna",Italian,17.95
8470,3710,2023-03-04,"1:48:40 PM",127,127,"Meat Lasagna",Italian,17.95
8561,3749,2023-03-04,"9:02:21 PM",127,127,"Meat Lasagna",Italian,17.95
8594,3767,2023-03-05,"1:26:19 PM",127,127,"Meat Lasagna",Italian,17.95
8596,3769,2023-03-05,"1:28:39 PM",127,127,"Meat Lasagna",Italian,17.95
8756,3839,2023-03-06,"3:05:16 PM",127,127,"Meat Lasagna",Italian,17.95
8772,3847,2023-03-06,"4:47:39 PM",127,127,"Meat Lasagna",Italian,17.95
8808,3863,2023-03-06,"7:50:37 PM",127,127,"Meat Lasagna",Italian,17.95
8836,3873,2023-03-06,"9:22:02 PM",127,127,"Meat Lasagna",Italian,17.95
8862,3886,2023-03-07,"12:23:20 PM",127,127,"Meat Lasagna",Italian,17.95
8904,3901,2023-03-07,"4:34:59 PM",127,127,"Meat Lasagna",Italian,17.95
8953,3923,2023-03-07,"8:22:59 PM",127,127,"Meat Lasagna",Italian,17.95
8985,3937,2023-03-07,"11:02:35 PM",127,127,"Meat Lasagna",Italian,17.95
9013,3946,2023-03-08,"1:16:01 PM",127,127,"Meat Lasagna",Italian,17.95
9015,3948,2023-03-08,"1:25:26 PM",127,127,"Meat Lasagna",Italian,17.95
9024,3954,2023-03-08,"2:38:40 PM",127,127,"Meat Lasagna",Italian,17.95
9065,3974,2023-03-08,"5:41:34 PM",127,127,"Meat Lasagna",Italian,17.95
9189,4025,2023-03-09,"4:38:56 PM",127,127,"Meat Lasagna",Italian,17.95
9296,4072,2023-03-10,"1:19:51 PM",127,127,"Meat Lasagna",Italian,17.95
9308,4077,2023-03-10,"1:55:11 PM",127,127,"Meat Lasagna",Italian,17.95
9384,4109,2023-03-10,"8:45:34 PM",127,127,"Meat Lasagna",Italian,17.95
9407,4121,2023-03-11,"12:37:36 PM",127,127,"Meat Lasagna",Italian,17.95
9484,4152,2023-03-11,"4:51:16 PM",127,127,"Meat Lasagna",Italian,17.95
9555,4186,2023-03-12,"12:38:05 PM",127,127,"Meat Lasagna",Italian,17.95
9600,4206,2023-03-12,"4:28:16 PM",127,127,"Meat Lasagna",Italian,17.95
9706,4251,2023-03-13,"3:27:34 PM",127,127,"Meat Lasagna",Italian,17.95
9765,4276,2023-03-13,"7:26:19 PM",127,127,"Meat Lasagna",Italian,17.95
9768,4277,2023-03-13,"7:28:56 PM",127,127,"Meat Lasagna",Italian,17.95
9789,4288,2023-03-13,"8:33:21 PM",127,127,"Meat Lasagna",Italian,17.95
9830,4305,2023-03-14,"1:09:20 PM",127,127,"Meat Lasagna",Italian,17.95
9871,4320,2023-03-14,"4:22:10 PM",127,127,"Meat Lasagna",Italian,17.95
9881,4325,2023-03-14,"4:44:33 PM",127,127,"Meat Lasagna",Italian,17.95
9936,4353,2023-03-14,"9:24:48 PM",127,127,"Meat Lasagna",Italian,17.95
10131,4436,2023-03-16,"4:08:15 PM",127,127,"Meat Lasagna",Italian,17.95
10193,4465,2023-03-16,"7:47:28 PM",127,127,"Meat Lasagna",Italian,17.95
10284,4499,2023-03-17,"4:33:13 PM",127,127,"Meat Lasagna",Italian,17.95
10293,4503,2023-03-17,"5:03:36 PM",127,127,"Meat Lasagna",Italian,17.95
10311,4510,2023-03-17,"5:54:33 PM",127,127,"Meat Lasagna",Italian,17.95
10383,4543,2023-03-18,"12:06:46 PM",127,127,"Meat Lasagna",Italian,17.95
10384,4544,2023-03-18,"12:08:52 PM",127,127,"Meat Lasagna",Italian,17.95
10399,4552,2023-03-18,"12:50:24 PM",127,127,"Meat Lasagna",Italian,17.95
10405,4555,2023-03-18,"1:07:53 PM",127,127,"Meat Lasagna",Italian,17.95
10411,4556,2023-03-18,"1:09:57 PM",127,127,"Meat Lasagna",Italian,17.95
10504,4604,2023-03-19,"11:27:07 AM",127,127,"Meat Lasagna",Italian,17.95
10512,4608,2023-03-19,"11:45:56 AM",127,127,"Meat Lasagna",Italian,17.95
10618,4648,2023-03-19,"7:40:10 PM",127,127,"Meat Lasagna",Italian,17.95
10747,4708,2023-03-20,"7:31:55 PM",127,127,"Meat Lasagna",Italian,17.95
10800,4730,2023-03-21,"12:40:30 PM",127,127,"Meat Lasagna",Italian,17.95
10818,4735,2023-03-21,"1:20:32 PM",127,127,"Meat Lasagna",Italian,17.95
10828,4740,2023-03-21,"2:06:07 PM",127,127,"Meat Lasagna",Italian,17.95
10866,4758,2023-03-21,"5:07:20 PM",127,127,"Meat Lasagna",Italian,17.95
10871,4760,2023-03-21,"5:26:32 PM",127,127,"Meat Lasagna",Italian,17.95
10967,4804,2023-03-22,"5:52:20 PM",127,127,"Meat Lasagna",Italian,17.95
10992,4815,2023-03-22,"8:52:46 PM",127,127,"Meat Lasagna",Italian,17.95
11023,4833,2023-03-23,"12:49:53 PM",127,127,"Meat Lasagna",Italian,17.95
11034,4836,2023-03-23,"12:57:49 PM",127,127,"Meat Lasagna",Italian,17.95
11085,4857,2023-03-23,"5:10:42 PM",127,127,"Meat Lasagna",Italian,17.95
11243,4935,2023-03-24,"8:56:05 PM",127,127,"Meat Lasagna",Italian,17.95
11263,4943,2023-03-25,"11:53:09 AM",127,127,"Meat Lasagna",Italian,17.95
11342,4980,2023-03-25,"7:02:39 PM",127,127,"Meat Lasagna",Italian,17.95
11372,4996,2023-03-25,"10:16:46 PM",127,127,"Meat Lasagna",Italian,17.95
11429,5021,2023-03-26,"2:23:00 PM",127,127,"Meat Lasagna",Italian,17.95
11440,5027,2023-03-26,"3:37:15 PM",127,127,"Meat Lasagna",Italian,17.95
11448,5031,2023-03-26,"4:17:47 PM",127,127,"Meat Lasagna",Italian,17.95
11472,5043,2023-03-26,"5:55:08 PM",127,127,"Meat Lasagna",Italian,17.95
11550,5079,2023-03-27,"1:41:43 PM",127,127,"Meat Lasagna",Italian,17.95
11579,5091,2023-03-27,"4:25:42 PM",127,127,"Meat Lasagna",Italian,17.95
11634,5114,2023-03-27,"7:15:56 PM",127,127,"Meat Lasagna",Italian,17.95
11789,5182,2023-03-28,"8:05:31 PM",127,127,"Meat Lasagna",Italian,17.95
11831,5200,2023-03-29,"12:32:07 PM",127,127,"Meat Lasagna",Italian,17.95
11842,5201,2023-03-29,"12:38:11 PM",127,127,"Meat Lasagna",Italian,17.95
11920,5233,2023-03-29,"6:53:49 PM",127,127,"Meat Lasagna",Italian,17.95
11929,5238,2023-03-29,"7:23:01 PM",127,127,"Meat Lasagna",Italian,17.95
11966,5258,2023-03-30,"12:44:10 PM",127,127,"Meat Lasagna",Italian,17.95
12049,5294,2023-03-30,"6:50:34 PM",127,127,"Meat Lasagna",Italian,17.95
12117,5322,2023-03-31,"1:35:58 PM",127,127,"Meat Lasagna",Italian,17.95
12150,5335,2023-03-31,"3:31:09 PM",127,127,"Meat Lasagna",Italian,17.95
12185,5351,2023-03-31,"6:04:00 PM",127,127,"Meat Lasagna",Italian,17.95
49,17,2023-01-01,"1:53:00 PM",128,128,"Cheese Lasagna",Italian,15.5
135,56,2023-01-01,"7:07:00 PM",128,128,"Cheese Lasagna",Italian,15.5
172,75,2023-01-02,"12:10:15 PM",128,128,"Cheese Lasagna",Italian,15.5
322,137,2023-01-03,"11:34:10 AM",128,128,"Cheese Lasagna",Italian,15.5
359,148,2023-01-03,"2:40:42 PM",128,128,"Cheese Lasagna",Italian,15.5
377,157,2023-01-03,"3:43:03 PM",128,128,"Cheese Lasagna",Italian,15.5
603,267,2023-01-05,"1:37:50 PM",128,128,"Cheese Lasagna",Italian,15.5
747,328,2023-01-06,"1:16:35 PM",128,128,"Cheese Lasagna",Italian,15.5
773,335,2023-01-06,"2:24:47 PM",128,128,"Cheese Lasagna",Italian,15.5
830,363,2023-01-06,"7:20:31 PM",128,128,"Cheese Lasagna",Italian,15.5
835,365,2023-01-06,"7:37:26 PM",128,128,"Cheese Lasagna",Italian,15.5
868,384,2023-01-07,"12:51:46 PM",128,128,"Cheese Lasagna",Italian,15.5
883,388,2023-01-07,"1:04:56 PM",128,128,"Cheese Lasagna",Italian,15.5
940,410,2023-01-07,"5:33:49 PM",128,128,"Cheese Lasagna",Italian,15.5
1146,500,2023-01-08,"9:46:49 PM",128,128,"Cheese Lasagna",Italian,15.5
1174,515,2023-01-09,"1:07:37 PM",128,128,"Cheese Lasagna",Italian,15.5
1233,543,2023-01-09,"6:23:59 PM",128,128,"Cheese Lasagna",Italian,15.5
1271,564,2023-01-09,"10:32:32 PM",128,128,"Cheese Lasagna",Italian,15.5
1315,582,2023-01-10,"2:24:14 PM",128,128,"Cheese Lasagna",Italian,15.5
1327,589,2023-01-10,"5:12:39 PM",128,128,"Cheese Lasagna",Italian,15.5
1350,600,2023-01-10,"6:53:52 PM",128,128,"Cheese Lasagna",Italian,15.5
1422,633,2023-01-11,"11:51:45 AM",128,128,"Cheese Lasagna",Italian,15.5
1498,665,2023-01-11,"5:42:23 PM",128,128,"Cheese Lasagna",Italian,15.5
1529,679,2023-01-11,"8:31:02 PM",128,128,"Cheese Lasagna",Italian,15.5
1576,704,2023-01-12,"3:28:25 PM",128,128,"Cheese Lasagna",Italian,15.5
1597,713,2023-01-12,"4:31:56 PM",128,128,"Cheese Lasagna",Italian,15.5
1676,745,2023-01-13,"1:36:53 PM",128,128,"Cheese Lasagna",Italian,15.5
1948,864,2023-01-15,"2:04:23 PM",128,128,"Cheese Lasagna",Italian,15.5
1993,886,2023-01-15,"5:05:35 PM",128,128,"Cheese Lasagna",Italian,15.5
2004,892,2023-01-15,"6:04:29 PM",128,128,"Cheese Lasagna",Italian,15.5
2174,967,2023-01-16,"9:03:33 PM",128,128,"Cheese Lasagna",Italian,15.5
2189,975,2023-01-16,"10:10:21 PM",128,128,"Cheese Lasagna",Italian,15.5
2200,978,2023-01-17,"12:24:36 PM",128,128,"Cheese Lasagna",Italian,15.5
2245,1000,2023-01-17,"5:24:24 PM",128,128,"Cheese Lasagna",Italian,15.5
2293,1021,2023-01-17,"9:11:31 PM",128,128,"Cheese Lasagna",Italian,15.5
2327,1035,2023-01-18,"12:13:15 PM",128,128,"Cheese Lasagna",Italian,15.5
2439,1086,2023-01-19,"11:57:17 AM",128,128,"Cheese Lasagna",Italian,15.5
2443,1088,2023-01-19,"12:00:52 PM",128,128,"Cheese Lasagna",Italian,15.5
2473,1096,2023-01-19,"12:56:45 PM",128,128,"Cheese Lasagna",Italian,15.5
2474,1096,2023-01-19,"12:56:45 PM",128,128,"Cheese Lasagna",Italian,15.5
2486,1099,2023-01-19,"1:33:24 PM",128,128,"Cheese Lasagna",Italian,15.5
2588,1145,2023-01-20,"12:04:15 PM",128,128,"Cheese Lasagna",Italian,15.5
2703,1198,2023-01-20,"10:02:08 PM",128,128,"Cheese Lasagna",Italian,15.5
2733,1212,2023-01-21,"1:42:25 PM",128,128,"Cheese Lasagna",Italian,15.5
2796,1236,2023-01-21,"5:56:32 PM",128,128,"Cheese Lasagna",Italian,15.5
2801,1238,2023-01-21,"6:18:51 PM",128,128,"Cheese Lasagna",Italian,15.5
2836,1253,2023-01-22,"11:34:52 AM",128,128,"Cheese Lasagna",Italian,15.5
2862,1265,2023-01-22,"12:59:26 PM",128,128,"Cheese Lasagna",Italian,15.5
2943,1297,2023-01-22,"5:51:53 PM",128,128,"Cheese Lasagna",Italian,15.5
3113,1377,2023-01-23,"7:19:20 PM",128,128,"Cheese Lasagna",Italian,15.5
3216,1425,2023-01-24,"6:50:51 PM",128,128,"Cheese Lasagna",Italian,15.5
3280,1452,2023-01-24,"10:32:11 PM",128,128,"Cheese Lasagna",Italian,15.5
3304,1459,2023-01-25,"2:01:11 PM",128,128,"Cheese Lasagna",Italian,15.5
3309,1461,2023-01-25,"2:21:02 PM",128,128,"Cheese Lasagna",Italian,15.5
3367,1490,2023-01-25,"8:07:13 PM",128,128,"Cheese Lasagna",Italian,15.5
3403,1504,2023-01-26,"12:44:38 PM",128,128,"Cheese Lasagna",Italian,15.5
3452,1530,2023-01-26,"3:49:09 PM",128,128,"Cheese Lasagna",Italian,15.5
3458,1534,2023-01-26,"4:21:23 PM",128,128,"Cheese Lasagna",Italian,15.5
3582,1589,2023-01-27,"5:46:02 PM",128,128,"Cheese Lasagna",Italian,15.5
3619,1606,2023-01-27,"8:07:37 PM",128,128,"Cheese Lasagna",Italian,15.5
3626,1609,2023-01-27,"8:17:48 PM",128,128,"Cheese Lasagna",Italian,15.5
3796,1685,2023-01-29,"1:36:52 PM",128,128,"Cheese Lasagna",Italian,15.5
3797,1685,2023-01-29,"1:36:52 PM",128,128,"Cheese Lasagna",Italian,15.5
3932,1750,2023-01-30,"4:12:42 PM",128,128,"Cheese Lasagna",Italian,15.5
3945,1756,2023-01-30,"5:30:17 PM",128,128,"Cheese Lasagna",Italian,15.5
4135,1837,2023-01-31,"8:56:35 PM",128,128,"Cheese Lasagna",Italian,15.5
4370,1946,2023-02-02,"1:01:49 PM",128,128,"Cheese Lasagna",Italian,15.5
4597,2037,2023-02-03,"5:30:57 PM",128,128,"Cheese Lasagna",Italian,15.5
4654,2064,2023-02-04,"12:26:39 PM",128,128,"Cheese Lasagna",Italian,15.5
4701,2080,2023-02-04,"2:58:48 PM",128,128,"Cheese Lasagna",Italian,15.5
4758,2107,2023-02-04,"9:01:41 PM",128,128,"Cheese Lasagna",Italian,15.5
4803,2126,2023-02-05,"1:31:29 PM",128,128,"Cheese Lasagna",Italian,15.5
4947,2188,2023-02-06,"1:13:33 PM",128,128,"Cheese Lasagna",Italian,15.5
4980,2201,2023-02-06,"3:24:02 PM",128,128,"Cheese Lasagna",Italian,15.5
5016,2219,2023-02-06,"6:41:54 PM",128,128,"Cheese Lasagna",Italian,15.5
5018,2220,2023-02-06,"6:46:32 PM",128,128,"Cheese Lasagna",Italian,15.5
5200,2304,2023-02-08,"12:22:04 PM",128,128,"Cheese Lasagna",Italian,15.5
5221,2312,2023-02-08,"2:10:27 PM",128,128,"Cheese Lasagna",Italian,15.5
5280,2339,2023-02-08,"6:54:41 PM",128,128,"Cheese Lasagna",Italian,15.5
5296,2346,2023-02-08,"8:25:39 PM",128,128,"Cheese Lasagna",Italian,15.5
5420,2395,2023-02-09,"6:33:38 PM",128,128,"Cheese Lasagna",Italian,15.5
5448,2407,2023-02-09,"9:51:59 PM",128,128,"Cheese Lasagna",Italian,15.5
5542,2452,2023-02-10,"6:09:01 PM",128,128,"Cheese Lasagna",Italian,15.5
5651,2505,2023-02-11,"5:22:02 PM",128,128,"Cheese Lasagna",Italian,15.5
5695,2523,2023-02-11,"7:30:16 PM",128,128,"Cheese Lasagna",Italian,15.5
5750,2547,2023-02-12,"12:45:49 PM",128,128,"Cheese Lasagna",Italian,15.5
5840,2589,2023-02-12,"8:14:33 PM",128,128,"Cheese Lasagna",Italian,15.5
6091,2700,2023-02-14,"6:47:34 PM",128,128,"Cheese Lasagna",Italian,15.5
6186,2736,2023-02-15,"3:11:36 PM",128,128,"Cheese Lasagna",Italian,15.5
6255,2769,2023-02-15,"8:14:22 PM",128,128,"Cheese Lasagna",Italian,15.5
6266,2773,2023-02-15,"9:02:35 PM",128,128,"Cheese Lasagna",Italian,15.5
6280,2780,2023-02-16,"11:40:28 AM",128,128,"Cheese Lasagna",Italian,15.5
6350,2808,2023-02-16,"5:27:14 PM",128,128,"Cheese Lasagna",Italian,15.5
6356,2811,2023-02-16,"6:03:29 PM",128,128,"Cheese Lasagna",Italian,15.5
6364,2813,2023-02-16,"6:15:02 PM",128,128,"Cheese Lasagna",Italian,15.5
6391,2825,2023-02-16,"8:46:23 PM",128,128,"Cheese Lasagna",Italian,15.5
6545,2895,2023-02-18,"12:06:59 PM",128,128,"Cheese Lasagna",Italian,15.5
6600,2919,2023-02-18,"5:07:38 PM",128,128,"Cheese Lasagna",Italian,15.5
6670,2944,2023-02-18,"9:17:25 PM",128,128,"Cheese Lasagna",Italian,15.5
6731,2967,2023-02-19,"1:44:40 PM",128,128,"Cheese Lasagna",Italian,15.5
6758,2983,2023-02-19,"5:26:31 PM",128,128,"Cheese Lasagna",Italian,15.5
6835,3018,2023-02-20,"1:12:40 PM",128,128,"Cheese Lasagna",Italian,15.5
6879,3035,2023-02-20,"3:07:45 PM",128,128,"Cheese Lasagna",Italian,15.5
6920,3053,2023-02-20,"5:58:01 PM",128,128,"Cheese Lasagna",Italian,15.5
6940,3063,2023-02-20,"8:03:43 PM",128,128,"Cheese Lasagna",Italian,15.5
6949,3067,2023-02-20,"8:22:25 PM",128,128,"Cheese Lasagna",Italian,15.5
6969,3075,2023-02-20,"10:11:07 PM",128,128,"Cheese Lasagna",Italian,15.5
6974,3078,2023-02-21,"11:43:29 AM",128,128,"Cheese Lasagna",Italian,15.5
6996,3086,2023-02-21,"12:57:21 PM",128,128,"Cheese Lasagna",Italian,15.5
7023,3096,2023-02-21,"3:12:31 PM",128,128,"Cheese Lasagna",Italian,15.5
7095,3133,2023-02-21,"11:05:24 PM",128,128,"Cheese Lasagna",Italian,15.5
7202,3176,2023-02-23,"12:21:42 PM",128,128,"Cheese Lasagna",Italian,15.5
7634,3363,2023-02-26,"1:52:23 PM",128,128,"Cheese Lasagna",Italian,15.5
7675,3380,2023-02-26,"5:16:51 PM",128,128,"Cheese Lasagna",Italian,15.5
7684,3384,2023-02-26,"5:37:19 PM",128,128,"Cheese Lasagna",Italian,15.5
7721,3399,2023-02-26,"8:22:43 PM",128,128,"Cheese Lasagna",Italian,15.5
7758,3415,2023-02-27,"1:02:11 PM",128,128,"Cheese Lasagna",Italian,15.5
7791,3426,2023-02-27,"3:27:21 PM",128,128,"Cheese Lasagna",Italian,15.5
7799,3430,2023-02-27,"4:25:27 PM",128,128,"Cheese Lasagna",Italian,15.5
7819,3438,2023-02-27,"5:18:29 PM",128,128,"Cheese Lasagna",Italian,15.5
7835,3445,2023-02-27,"6:08:58 PM",128,128,"Cheese Lasagna",Italian,15.5
7844,3448,2023-02-27,"6:30:33 PM",128,128,"Cheese Lasagna",Italian,15.5
7888,3467,2023-02-27,"9:22:02 PM",128,128,"Cheese Lasagna",Italian,15.5
7945,3492,2023-02-28,"4:01:29 PM",128,128,"Cheese Lasagna",Italian,15.5
7959,3497,2023-02-28,"5:19:30 PM",128,128,"Cheese Lasagna",Italian,15.5
7964,3499,2023-02-28,"5:28:45 PM",128,128,"Cheese Lasagna",Italian,15.5
7997,3510,2023-02-28,"7:21:12 PM",128,128,"Cheese Lasagna",Italian,15.5
8000,3511,2023-02-28,"7:23:54 PM",128,128,"Cheese Lasagna",Italian,15.5
8009,3514,2023-02-28,"7:59:10 PM",128,128,"Cheese Lasagna",Italian,15.5
8010,3515,2023-02-28,"8:00:18 PM",128,128,"Cheese Lasagna",Italian,15.5
8058,3536,2023-03-01,"12:51:19 PM",128,128,"Cheese Lasagna",Italian,15.5
8113,3560,2023-03-01,"6:19:41 PM",128,128,"Cheese Lasagna",Italian,15.5
8124,3567,2023-03-01,"7:20:28 PM",128,128,"Cheese Lasagna",Italian,15.5
8178,3589,2023-03-02,"12:46:49 PM",128,128,"Cheese Lasagna",Italian,15.5
8255,3625,2023-03-02,"6:29:22 PM",128,128,"Cheese Lasagna",Italian,15.5
8359,3663,2023-03-03,"3:47:14 PM",128,128,"Cheese Lasagna",Italian,15.5
8408,3685,2023-03-03,"8:05:12 PM",128,128,"Cheese Lasagna",Italian,15.5
8438,3698,2023-03-04,"12:28:30 PM",128,128,"Cheese Lasagna",Italian,15.5
8496,3723,2023-03-04,"4:29:02 PM",128,128,"Cheese Lasagna",Italian,15.5
8519,3730,2023-03-04,"5:55:40 PM",128,128,"Cheese Lasagna",Italian,15.5
8542,3739,2023-03-04,"6:59:47 PM",128,128,"Cheese Lasagna",Italian,15.5
8558,3748,2023-03-04,"8:59:07 PM",128,128,"Cheese Lasagna",Italian,15.5
8598,3770,2023-03-05,"1:34:21 PM",128,128,"Cheese Lasagna",Italian,15.5
8600,3771,2023-03-05,"1:35:17 PM",128,128,"Cheese Lasagna",Italian,15.5
8709,3818,2023-03-06,"12:19:00 PM",128,128,"Cheese Lasagna",Italian,15.5
8800,3860,2023-03-06,"6:59:18 PM",128,128,"Cheese Lasagna",Italian,15.5
9051,3969,2023-03-08,"4:57:55 PM",128,128,"Cheese Lasagna",Italian,15.5
9070,3976,2023-03-08,"5:51:53 PM",128,128,"Cheese Lasagna",Italian,15.5
9118,3999,2023-03-08,"9:47:00 PM",128,128,"Cheese Lasagna",Italian,15.5
9123,4001,2023-03-09,"11:41:53 AM",128,128,"Cheese Lasagna",Italian,15.5
9132,4005,2023-03-09,"12:40:14 PM",128,128,"Cheese Lasagna",Italian,15.5
9193,4027,2023-03-09,"4:50:50 PM",128,128,"Cheese Lasagna",Italian,15.5
9329,4086,2023-03-10,"3:01:10 PM",128,128,"Cheese Lasagna",Italian,15.5
9351,4095,2023-03-10,"5:22:03 PM",128,128,"Cheese Lasagna",Italian,15.5
9408,4122,2023-03-11,"12:44:34 PM",128,128,"Cheese Lasagna",Italian,15.5
9437,4131,2023-03-11,"1:45:13 PM",128,128,"Cheese Lasagna",Italian,15.5
9478,4150,2023-03-11,"4:45:38 PM",128,128,"Cheese Lasagna",Italian,15.5
9528,4176,2023-03-11,"10:28:40 PM",128,128,"Cheese Lasagna",Italian,15.5
9630,4220,2023-03-12,"6:55:05 PM",128,128,"Cheese Lasagna",Italian,15.5
9703,4249,2023-03-13,"2:57:41 PM",128,128,"Cheese Lasagna",Italian,15.5
9775,4282,2023-03-13,"7:48:59 PM",128,128,"Cheese Lasagna",Italian,15.5
9971,4364,2023-03-15,"1:43:32 PM",128,128,"Cheese Lasagna",Italian,15.5
10129,4435,2023-03-16,"4:02:07 PM",128,128,"Cheese Lasagna",Italian,15.5
10132,4437,2023-03-16,"4:16:14 PM",128,128,"Cheese Lasagna",Italian,15.5
10254,4485,2023-03-17,"2:30:10 PM",128,128,"Cheese Lasagna",Italian,15.5
10291,4502,2023-03-17,"4:50:12 PM",128,128,"Cheese Lasagna",Italian,15.5
10345,4526,2023-03-17,"7:37:48 PM",128,128,"Cheese Lasagna",Italian,15.5
10423,4563,2023-03-18,"2:03:10 PM",128,128,"Cheese Lasagna",Italian,15.5
10458,4580,2023-03-18,"6:11:13 PM",128,128,"Cheese Lasagna",Italian,15.5
10464,4583,2023-03-18,"6:37:23 PM",128,128,"Cheese Lasagna",Italian,15.5
10601,4642,2023-03-19,"7:05:06 PM",128,128,"Cheese Lasagna",Italian,15.5
10605,4644,2023-03-19,"7:18:36 PM",128,128,"Cheese Lasagna",Italian,15.5
10632,4655,2023-03-19,"8:30:29 PM",128,128,"Cheese Lasagna",Italian,15.5
10748,4708,2023-03-20,"7:31:55 PM",128,128,"Cheese Lasagna",Italian,15.5
10980,4809,2023-03-22,"7:18:35 PM",128,128,"Cheese Lasagna",Italian,15.5
10990,4814,2023-03-22,"8:30:11 PM",128,128,"Cheese Lasagna",Italian,15.5
10995,4817,2023-03-22,"9:08:01 PM",128,128,"Cheese Lasagna",Italian,15.5
11011,4825,2023-03-23,"11:48:12 AM",128,128,"Cheese Lasagna",Italian,15.5
11035,4836,2023-03-23,"12:57:49 PM",128,128,"Cheese Lasagna",Italian,15.5
11066,4846,2023-03-23,"3:31:14 PM",128,128,"Cheese Lasagna",Italian,15.5
11281,4954,2023-03-25,"1:02:58 PM",128,128,"Cheese Lasagna",Italian,15.5
11329,4974,2023-03-25,"5:59:15 PM",128,128,"Cheese Lasagna",Italian,15.5
11357,4987,2023-03-25,"8:34:13 PM",128,128,"Cheese Lasagna",Italian,15.5
11359,4988,2023-03-25,"8:44:56 PM",128,128,"Cheese Lasagna",Italian,15.5
11388,5006,2023-03-26,"12:24:39 PM",128,128,"Cheese Lasagna",Italian,15.5
11456,5034,2023-03-26,"4:51:53 PM",128,128,"Cheese Lasagna",Italian,15.5
11499,5057,2023-03-26,"8:08:07 PM",128,128,"Cheese Lasagna",Italian,15.5
11599,5100,2023-03-27,"5:49:28 PM",128,128,"Cheese Lasagna",Italian,15.5
11641,5118,2023-03-27,"7:40:48 PM",128,128,"Cheese Lasagna",Italian,15.5
11668,5129,2023-03-27,"10:16:53 PM",128,128,"Cheese Lasagna",Italian,15.5
11724,5152,2023-03-28,"3:14:42 PM",128,128,"Cheese Lasagna",Italian,15.5
11753,5165,2023-03-28,"5:26:43 PM",128,128,"Cheese Lasagna",Italian,15.5
11811,5191,2023-03-28,"10:34:56 PM",128,128,"Cheese Lasagna",Italian,15.5
11823,5198,2023-03-29,"12:09:12 PM",128,128,"Cheese Lasagna",Italian,15.5
11856,5205,2023-03-29,"1:54:15 PM",128,128,"Cheese Lasagna",Italian,15.5
11867,5212,2023-03-29,"3:08:01 PM",128,128,"Cheese Lasagna",Italian,15.5
11872,5213,2023-03-29,"3:11:52 PM",128,128,"Cheese Lasagna",Italian,15.5
11877,5215,2023-03-29,"3:59:36 PM",128,128,"Cheese Lasagna",Italian,15.5
11924,5234,2023-03-29,"7:05:13 PM",128,128,"Cheese Lasagna",Italian,15.5
11955,5251,2023-03-30,"11:52:18 AM",128,128,"Cheese Lasagna",Italian,15.5
11999,5270,2023-03-30,"3:12:32 PM",128,128,"Cheese Lasagna",Italian,15.5
12010,5277,2023-03-30,"4:18:59 PM",128,128,"Cheese Lasagna",Italian,15.5
12052,5297,2023-03-30,"7:41:51 PM",128,128,"Cheese Lasagna",Italian,15.5
12076,5309,2023-03-31,"11:22:20 AM",128,128,"Cheese Lasagna",Italian,15.5
12144,5332,2023-03-31,"2:51:37 PM",128,128,"Cheese Lasagna",Italian,15.5
12200,5358,2023-03-31,"7:07:27 PM",128,128,"Cheese Lasagna",Italian,15.5
12227,5368,2023-03-31,"9:58:47 PM",128,128,"Cheese Lasagna",Italian,15.5
5,2,2023-01-01,"11:57:40 AM",129,129,"Mushroom Ravioli",Italian,15.5
20,9,2023-01-01,"12:52:01 PM",129,129,"Mushroom Ravioli",Italian,15.5
24,10,2023-01-01,"1:00:15 PM",129,129,"Mushroom Ravioli",Italian,15.5
34,13,2023-01-01,"1:11:55 PM",129,129,"Mushroom Ravioli",Italian,15.5
50,17,2023-01-01,"1:53:00 PM",129,129,"Mushroom Ravioli",Italian,15.5
77,31,2023-01-01,"3:50:18 PM",129,129,"Mushroom Ravioli",Italian,15.5
93,37,2023-01-01,"4:56:09 PM",129,129,"Mushroom Ravioli",Italian,15.5
103,42,2023-01-01,"5:28:09 PM",129,129,"Mushroom Ravioli",Italian,15.5
126,52,2023-01-01,"6:53:02 PM",129,129,"Mushroom Ravioli",Italian,15.5
168,74,2023-01-02,"12:01:12 PM",129,129,"Mushroom Ravioli",Italian,15.5
204,87,2023-01-02,"2:01:02 PM",129,129,"Mushroom Ravioli",Italian,15.5
249,106,2023-01-02,"6:12:13 PM",129,129,"Mushroom Ravioli",Italian,15.5
272,113,2023-01-02,"6:50:21 PM",129,129,"Mushroom Ravioli",Italian,15.5
306,130,2023-01-02,"9:14:55 PM",129,129,"Mushroom Ravioli",Italian,15.5
337,143,2023-01-03,"1:41:36 PM",129,129,"Mushroom Ravioli",Italian,15.5
368,153,2023-01-03,"3:16:34 PM",129,129,"Mushroom Ravioli",Italian,15.5
427,181,2023-01-03,"6:49:32 PM",129,129,"Mushroom Ravioli",Italian,15.5
436,186,2023-01-03,"7:36:00 PM",129,129,"Mushroom Ravioli",Italian,15.5
500,214,2023-01-04,"1:39:16 PM",129,129,"Mushroom Ravioli",Italian,15.5
576,251,2023-01-04,"9:10:05 PM",129,129,"Mushroom Ravioli",Italian,15.5
596,264,2023-01-05,"1:03:59 PM",129,129,"Mushroom Ravioli",Italian,15.5
598,265,2023-01-05,"1:04:42 PM",129,129,"Mushroom Ravioli",Italian,15.5
691,304,2023-01-05,"8:07:58 PM",129,129,"Mushroom Ravioli",Italian,15.5
729,318,2023-01-06,"12:45:14 PM",129,129,"Mushroom Ravioli",Italian,15.5
777,338,2023-01-06,"3:18:26 PM",129,129,"Mushroom Ravioli",Italian,15.5
829,362,2023-01-06,"7:13:36 PM",129,129,"Mushroom Ravioli",Italian,15.5
831,363,2023-01-06,"7:20:31 PM",129,129,"Mushroom Ravioli",Italian,15.5
853,375,2023-01-07,"11:58:36 AM",129,129,"Mushroom Ravioli",Italian,15.5
1025,443,2023-01-08,"12:34:20 PM",129,129,"Mushroom Ravioli",Italian,15.5
1097,477,2023-01-08,"5:30:04 PM",129,129,"Mushroom Ravioli",Italian,15.5
1113,484,2023-01-08,"6:02:54 PM",129,129,"Mushroom Ravioli",Italian,15.5
1134,494,2023-01-08,"7:38:40 PM",129,129,"Mushroom Ravioli",Italian,15.5
1144,499,2023-01-08,"9:10:46 PM",129,129,"Mushroom Ravioli",Italian,15.5
1177,517,2023-01-09,"1:09:11 PM",129,129,"Mushroom Ravioli",Italian,15.5
1254,553,2023-01-09,"8:14:47 PM",129,129,"Mushroom Ravioli",Italian,15.5
1269,563,2023-01-09,"10:19:03 PM",129,129,"Mushroom Ravioli",Italian,15.5
1286,568,2023-01-10,"12:28:53 PM",129,129,"Mushroom Ravioli",Italian,15.5
1314,581,2023-01-10,"2:13:01 PM",129,129,"Mushroom Ravioli",Italian,15.5
1320,585,2023-01-10,"3:58:42 PM",129,129,"Mushroom Ravioli",Italian,15.5
1351,600,2023-01-10,"6:53:52 PM",129,129,"Mushroom Ravioli",Italian,15.5
1356,603,2023-01-10,"7:03:11 PM",129,129,"Mushroom Ravioli",Italian,15.5
1373,611,2023-01-10,"7:58:10 PM",129,129,"Mushroom Ravioli",Italian,15.5
1378,612,2023-01-10,"7:58:15 PM",129,129,"Mushroom Ravioli",Italian,15.5
1397,621,2023-01-10,"8:49:29 PM",129,129,"Mushroom Ravioli",Italian,15.5
1429,635,2023-01-11,"12:18:31 PM",129,129,"Mushroom Ravioli",Italian,15.5
1439,638,2023-01-11,"12:49:26 PM",129,129,"Mushroom Ravioli",Italian,15.5
1475,654,2023-01-11,"4:34:07 PM",129,129,"Mushroom Ravioli",Italian,15.5
1503,668,2023-01-11,"6:13:12 PM",129,129,"Mushroom Ravioli",Italian,15.5
1507,669,2023-01-11,"6:40:44 PM",129,129,"Mushroom Ravioli",Italian,15.5
1516,674,2023-01-11,"7:33:05 PM",129,129,"Mushroom Ravioli",Italian,15.5
1520,676,2023-01-11,"7:44:57 PM",129,129,"Mushroom Ravioli",Italian,15.5
1523,678,2023-01-11,"7:52:49 PM",129,129,"Mushroom Ravioli",Italian,15.5
1592,711,2023-01-12,"4:21:10 PM",129,129,"Mushroom Ravioli",Italian,15.5
1611,719,2023-01-12,"5:52:27 PM",129,129,"Mushroom Ravioli",Italian,15.5
1626,725,2023-01-12,"6:33:14 PM",129,129,"Mushroom Ravioli",Italian,15.5
1681,747,2023-01-13,"2:15:02 PM",129,129,"Mushroom Ravioli",Italian,15.5
1726,766,2023-01-13,"5:21:45 PM",129,129,"Mushroom Ravioli",Italian,15.5
1782,792,2023-01-14,"12:37:48 PM",129,129,"Mushroom Ravioli",Italian,15.5
1789,796,2023-01-14,"12:43:09 PM",129,129,"Mushroom Ravioli",Italian,15.5
1898,839,2023-01-14,"8:40:40 PM",129,129,"Mushroom Ravioli",Italian,15.5
1989,885,2023-01-15,"4:57:55 PM",129,129,"Mushroom Ravioli",Italian,15.5
2013,897,2023-01-15,"6:53:07 PM",129,129,"Mushroom Ravioli",Italian,15.5
2055,916,2023-01-16,"12:30:09 PM",129,129,"Mushroom Ravioli",Italian,15.5
2068,923,2023-01-16,"1:23:29 PM",129,129,"Mushroom Ravioli",Italian,15.5
2083,927,2023-01-16,"1:59:21 PM",129,129,"Mushroom Ravioli",Italian,15.5
2134,949,2023-01-16,"6:52:18 PM",129,129,"Mushroom Ravioli",Italian,15.5
2177,969,2023-01-16,"9:36:19 PM",129,129,"Mushroom Ravioli",Italian,15.5
2186,973,2023-01-16,"10:06:08 PM",129,129,"Mushroom Ravioli",Italian,15.5
2241,997,2023-01-17,"5:16:26 PM",129,129,"Mushroom Ravioli",Italian,15.5
2317,1034,2023-01-18,"12:07:59 PM",129,129,"Mushroom Ravioli",Italian,15.5
2330,1036,2023-01-18,"12:49:29 PM",129,129,"Mushroom Ravioli",Italian,15.5
2376,1059,2023-01-18,"4:30:14 PM",129,129,"Mushroom Ravioli",Italian,15.5
2379,1060,2023-01-18,"4:39:46 PM",129,129,"Mushroom Ravioli",Italian,15.5
2387,1063,2023-01-18,"5:28:29 PM",129,129,"Mushroom Ravioli",Italian,15.5
2417,1075,2023-01-18,"7:15:17 PM",129,129,"Mushroom Ravioli",Italian,15.5
2489,1100,2023-01-19,"1:34:27 PM",129,129,"Mushroom Ravioli",Italian,15.5
2541,1125,2023-01-19,"6:45:40 PM",129,129,"Mushroom Ravioli",Italian,15.5
2570,1138,2023-01-20,"11:21:49 AM",129,129,"Mushroom Ravioli",Italian,15.5
2577,1140,2023-01-20,"11:31:16 AM",129,129,"Mushroom Ravioli",Italian,15.5
2585,1144,2023-01-20,"12:02:21 PM",129,129,"Mushroom Ravioli",Italian,15.5
2744,1214,2023-01-21,"2:00:05 PM",129,129,"Mushroom Ravioli",Italian,15.5
2854,1262,2023-01-22,"12:32:33 PM",129,129,"Mushroom Ravioli",Italian,15.5
2881,1272,2023-01-22,"1:14:37 PM",129,129,"Mushroom Ravioli",Italian,15.5
2961,1303,2023-01-22,"6:53:13 PM",129,129,"Mushroom Ravioli",Italian,15.5
2962,1303,2023-01-22,"6:53:13 PM",129,129,"Mushroom Ravioli",Italian,15.5
3000,1323,2023-01-23,"11:45:37 AM",129,129,"Mushroom Ravioli",Italian,15.5
3009,1325,2023-01-23,"11:50:45 AM",129,129,"Mushroom Ravioli",Italian,15.5
3046,1345,2023-01-23,"3:01:02 PM",129,129,"Mushroom Ravioli",Italian,15.5
3060,1352,2023-01-23,"4:12:21 PM",129,129,"Mushroom Ravioli",Italian,15.5
3065,1354,2023-01-23,"4:22:21 PM",129,129,"Mushroom Ravioli",Italian,15.5
3126,1382,2023-01-23,"8:11:35 PM",129,129,"Mushroom Ravioli",Italian,15.5
3168,1403,2023-01-24,"2:44:46 PM",129,129,"Mushroom Ravioli",Italian,15.5
3175,1407,2023-01-24,"3:17:06 PM",129,129,"Mushroom Ravioli",Italian,15.5
3192,1415,2023-01-24,"5:04:22 PM",129,129,"Mushroom Ravioli",Italian,15.5
3199,1417,2023-01-24,"5:31:05 PM",129,129,"Mushroom Ravioli",Italian,15.5
3208,1422,2023-01-24,"6:26:42 PM",129,129,"Mushroom Ravioli",Italian,15.5
3231,1431,2023-01-24,"7:40:03 PM",129,129,"Mushroom Ravioli",Italian,15.5
3238,1434,2023-01-24,"7:43:40 PM",129,129,"Mushroom Ravioli",Italian,15.5
3305,1459,2023-01-25,"2:01:11 PM",129,129,"Mushroom Ravioli",Italian,15.5
3313,1463,2023-01-25,"2:32:44 PM",129,129,"Mushroom Ravioli",Italian,15.5
3330,1472,2023-01-25,"4:32:36 PM",129,129,"Mushroom Ravioli",Italian,15.5
3352,1482,2023-01-25,"6:32:16 PM",129,129,"Mushroom Ravioli",Italian,15.5
3355,1483,2023-01-25,"6:39:10 PM",129,129,"Mushroom Ravioli",Italian,15.5
3379,1495,2023-01-25,"9:17:32 PM",129,129,"Mushroom Ravioli",Italian,15.5
3428,1515,2023-01-26,"1:52:36 PM",129,129,"Mushroom Ravioli",Italian,15.5
3502,1556,2023-01-27,"12:19:15 PM",129,129,"Mushroom Ravioli",Italian,15.5
3516,1564,2023-01-27,"1:05:50 PM",129,129,"Mushroom Ravioli",Italian,15.5
3524,1567,2023-01-27,"1:31:08 PM",129,129,"Mushroom Ravioli",Italian,15.5
3557,1578,2023-01-27,"4:07:40 PM",129,129,"Mushroom Ravioli",Italian,15.5
3615,1604,2023-01-27,"8:05:01 PM",129,129,"Mushroom Ravioli",Italian,15.5
3685,1638,2023-01-28,"1:34:25 PM",129,129,"Mushroom Ravioli",Italian,15.5
3715,1648,2023-01-28,"3:43:15 PM",129,129,"Mushroom Ravioli",Italian,15.5
3727,1653,2023-01-28,"5:28:53 PM",129,129,"Mushroom Ravioli",Italian,15.5
3753,1664,2023-01-28,"9:09:10 PM",129,129,"Mushroom Ravioli",Italian,15.5
3769,1673,2023-01-29,"12:19:02 PM",129,129,"Mushroom Ravioli",Italian,15.5
3784,1683,2023-01-29,"1:27:41 PM",129,129,"Mushroom Ravioli",Italian,15.5
3820,1696,2023-01-29,"3:26:55 PM",129,129,"Mushroom Ravioli",Italian,15.5
3837,1705,2023-01-29,"6:38:41 PM",129,129,"Mushroom Ravioli",Italian,15.5
3838,1706,2023-01-29,"6:44:29 PM",129,129,"Mushroom Ravioli",Italian,15.5
3865,1720,2023-01-29,"8:37:53 PM",129,129,"Mushroom Ravioli",Italian,15.5
3878,1728,2023-01-30,"11:30:32 AM",129,129,"Mushroom Ravioli",Italian,15.5
3897,1734,2023-01-30,"12:36:42 PM",129,129,"Mushroom Ravioli",Italian,15.5
3951,1759,2023-01-30,"5:49:25 PM",129,129,"Mushroom Ravioli",Italian,15.5
3962,1765,2023-01-30,"6:32:30 PM",129,129,"Mushroom Ravioli",Italian,15.5
3963,1766,2023-01-30,"6:50:13 PM",129,129,"Mushroom Ravioli",Italian,15.5
4014,1792,2023-01-31,"11:31:03 AM",129,129,"Mushroom Ravioli",Italian,15.5
4027,1795,2023-01-31,"1:21:53 PM",129,129,"Mushroom Ravioli",Italian,15.5
4112,1827,2023-01-31,"6:56:22 PM",129,129,"Mushroom Ravioli",Italian,15.5
4125,1833,2023-01-31,"8:11:10 PM",129,129,"Mushroom Ravioli",Italian,15.5
4165,1850,2023-02-01,"11:44:12 AM",129,129,"Mushroom Ravioli",Italian,15.5
4194,1862,2023-02-01,"1:27:02 PM",129,129,"Mushroom Ravioli",Italian,15.5
4217,1872,2023-02-01,"3:07:28 PM",129,129,"Mushroom Ravioli",Italian,15.5
4236,1880,2023-02-01,"4:15:40 PM",129,129,"Mushroom Ravioli",Italian,15.5
4250,1886,2023-02-01,"4:43:54 PM",129,129,"Mushroom Ravioli",Italian,15.5
4311,1917,2023-02-01,"7:48:51 PM",129,129,"Mushroom Ravioli",Italian,15.5
4371,1946,2023-02-02,"1:01:49 PM",129,129,"Mushroom Ravioli",Italian,15.5
4377,1948,2023-02-02,"1:13:28 PM",129,129,"Mushroom Ravioli",Italian,15.5
4383,1952,2023-02-02,"1:41:46 PM",129,129,"Mushroom Ravioli",Italian,15.5
4408,1961,2023-02-02,"3:29:57 PM",129,129,"Mushroom Ravioli",Italian,15.5
4436,1972,2023-02-02,"5:35:29 PM",129,129,"Mushroom Ravioli",Italian,15.5
4575,2026,2023-02-03,"4:11:48 PM",129,129,"Mushroom Ravioli",Italian,15.5
4624,2051,2023-02-03,"7:51:00 PM",129,129,"Mushroom Ravioli",Italian,15.5
4655,2064,2023-02-04,"12:26:39 PM",129,129,"Mushroom Ravioli",Italian,15.5
4687,2075,2023-02-04,"2:03:04 PM",129,129,"Mushroom Ravioli",Italian,15.5
4702,2081,2023-02-04,"3:14:39 PM",129,129,"Mushroom Ravioli",Italian,15.5
4724,2092,2023-02-04,"5:31:43 PM",129,129,"Mushroom Ravioli",Italian,15.5
4747,2102,2023-02-04,"7:30:52 PM",129,129,"Mushroom Ravioli",Italian,15.5
4753,2104,2023-02-04,"8:09:43 PM",129,129,"Mushroom Ravioli",Italian,15.5
4774,2113,2023-02-04,"10:16:08 PM",129,129,"Mushroom Ravioli",Italian,15.5
4780,2116,2023-02-05,"12:11:52 PM",129,129,"Mushroom Ravioli",Italian,15.5
4792,2124,2023-02-05,"12:56:27 PM",129,129,"Mushroom Ravioli",Italian,15.5
4872,2156,2023-02-05,"7:29:29 PM",129,129,"Mushroom Ravioli",Italian,15.5
4984,2203,2023-02-06,"4:11:41 PM",129,129,"Mushroom Ravioli",Italian,15.5
5067,2242,2023-02-07,"11:57:32 AM",129,129,"Mushroom Ravioli",Italian,15.5
5157,2283,2023-02-07,"7:34:04 PM",129,129,"Mushroom Ravioli",Italian,15.5
5215,2309,2023-02-08,"1:06:36 PM",129,129,"Mushroom Ravioli",Italian,15.5
5313,2354,2023-02-08,"10:36:28 PM",129,129,"Mushroom Ravioli",Italian,15.5
5317,2355,2023-02-09,"11:26:25 AM",129,129,"Mushroom Ravioli",Italian,15.5
5385,2379,2023-02-09,"4:18:14 PM",129,129,"Mushroom Ravioli",Italian,15.5
5401,2386,2023-02-09,"5:36:17 PM",129,129,"Mushroom Ravioli",Italian,15.5
5408,2390,2023-02-09,"6:02:29 PM",129,129,"Mushroom Ravioli",Italian,15.5
5432,2399,2023-02-09,"7:00:56 PM",129,129,"Mushroom Ravioli",Italian,15.5
5490,2430,2023-02-10,"1:54:52 PM",129,129,"Mushroom Ravioli",Italian,15.5
5509,2435,2023-02-10,"2:28:48 PM",129,129,"Mushroom Ravioli",Italian,15.5
5529,2445,2023-02-10,"5:10:46 PM",129,129,"Mushroom Ravioli",Italian,15.5
5547,2455,2023-02-10,"7:07:28 PM",129,129,"Mushroom Ravioli",Italian,15.5
5605,2484,2023-02-11,"1:14:20 PM",129,129,"Mushroom Ravioli",Italian,15.5
5608,2485,2023-02-11,"1:22:08 PM",129,129,"Mushroom Ravioli",Italian,15.5
5637,2497,2023-02-11,"3:12:46 PM",129,129,"Mushroom Ravioli",Italian,15.5
5665,2511,2023-02-11,"6:00:12 PM",129,129,"Mushroom Ravioli",Italian,15.5
5669,2512,2023-02-11,"6:02:54 PM",129,129,"Mushroom Ravioli",Italian,15.5
5733,2541,2023-02-12,"11:54:44 AM",129,129,"Mushroom Ravioli",Italian,15.5
5751,2547,2023-02-12,"12:45:49 PM",129,129,"Mushroom Ravioli",Italian,15.5
5781,2562,2023-02-12,"2:30:22 PM",129,129,"Mushroom Ravioli",Italian,15.5
5821,2580,2023-02-12,"5:42:00 PM",129,129,"Mushroom Ravioli",Italian,15.5
5854,2596,2023-02-13,"11:27:46 AM",129,129,"Mushroom Ravioli",Italian,15.5
5903,2615,2023-02-13,"1:54:55 PM",129,129,"Mushroom Ravioli",Italian,15.5
5998,2657,2023-02-13,"9:46:22 PM",129,129,"Mushroom Ravioli",Italian,15.5
6004,2661,2023-02-13,"10:09:27 PM",129,129,"Mushroom Ravioli",Italian,15.5
6014,2667,2023-02-14,"12:10:23 PM",129,129,"Mushroom Ravioli",Italian,15.5
6022,2671,2023-02-14,"1:17:44 PM",129,129,"Mushroom Ravioli",Italian,15.5
6033,2675,2023-02-14,"2:41:49 PM",129,129,"Mushroom Ravioli",Italian,15.5
6070,2693,2023-02-14,"6:01:21 PM",129,129,"Mushroom Ravioli",Italian,15.5
6079,2697,2023-02-14,"6:43:18 PM",129,129,"Mushroom Ravioli",Italian,15.5
6085,2699,2023-02-14,"6:44:17 PM",129,129,"Mushroom Ravioli",Italian,15.5
6100,2705,2023-02-14,"7:34:31 PM",129,129,"Mushroom Ravioli",Italian,15.5
6114,2709,2023-02-14,"7:44:58 PM",129,129,"Mushroom Ravioli",Italian,15.5
6136,2717,2023-02-14,"9:58:09 PM",129,129,"Mushroom Ravioli",Italian,15.5
6140,2718,2023-02-14,"10:16:39 PM",129,129,"Mushroom Ravioli",Italian,15.5
6205,2747,2023-02-15,"5:16:27 PM",129,129,"Mushroom Ravioli",Italian,15.5
6224,2754,2023-02-15,"5:42:41 PM",129,129,"Mushroom Ravioli",Italian,15.5
6304,2786,2023-02-16,"12:18:19 PM",129,129,"Mushroom Ravioli",Italian,15.5
6397,2828,2023-02-17,"11:26:13 AM",129,129,"Mushroom Ravioli",Italian,15.5
6472,2863,2023-02-17,"5:28:53 PM",129,129,"Mushroom Ravioli",Italian,15.5
6511,2882,2023-02-17,"9:30:31 PM",129,129,"Mushroom Ravioli",Italian,15.5
6533,2892,2023-02-18,"11:41:20 AM",129,129,"Mushroom Ravioli",Italian,15.5
6536,2893,2023-02-18,"11:55:10 AM",129,129,"Mushroom Ravioli",Italian,15.5
6573,2907,2023-02-18,"1:51:14 PM",129,129,"Mushroom Ravioli",Italian,15.5
6581,2910,2023-02-18,"2:32:22 PM",129,129,"Mushroom Ravioli",Italian,15.5
6597,2917,2023-02-18,"4:57:15 PM",129,129,"Mushroom Ravioli",Italian,15.5
6631,2931,2023-02-18,"6:43:05 PM",129,129,"Mushroom Ravioli",Italian,15.5
6686,2950,2023-02-19,"11:35:51 AM",129,129,"Mushroom Ravioli",Italian,15.5
6703,2958,2023-02-19,"12:56:06 PM",129,129,"Mushroom Ravioli",Italian,15.5
6732,2967,2023-02-19,"1:44:40 PM",129,129,"Mushroom Ravioli",Italian,15.5
6754,2980,2023-02-19,"4:48:44 PM",129,129,"Mushroom Ravioli",Italian,15.5
6760,2984,2023-02-19,"5:36:12 PM",129,129,"Mushroom Ravioli",Italian,15.5
6773,2989,2023-02-19,"6:11:40 PM",129,129,"Mushroom Ravioli",Italian,15.5
6805,3005,2023-02-20,"11:53:36 AM",129,129,"Mushroom Ravioli",Italian,15.5
6855,3027,2023-02-20,"1:41:20 PM",129,129,"Mushroom Ravioli",Italian,15.5
6858,3028,2023-02-20,"1:48:58 PM",129,129,"Mushroom Ravioli",Italian,15.5
6887,3039,2023-02-20,"3:48:51 PM",129,129,"Mushroom Ravioli",Italian,15.5
6895,3042,2023-02-20,"4:30:09 PM",129,129,"Mushroom Ravioli",Italian,15.5
6924,3055,2023-02-20,"6:42:15 PM",129,129,"Mushroom Ravioli",Italian,15.5
7151,3152,2023-02-22,"4:42:27 PM",129,129,"Mushroom Ravioli",Italian,15.5
7287,3210,2023-02-23,"6:05:29 PM",129,129,"Mushroom Ravioli",Italian,15.5
7292,3212,2023-02-23,"6:33:38 PM",129,129,"Mushroom Ravioli",Italian,15.5
7299,3216,2023-02-23,"6:51:30 PM",129,129,"Mushroom Ravioli",Italian,15.5
7318,3226,2023-02-24,"11:56:22 AM",129,129,"Mushroom Ravioli",Italian,15.5
7383,3254,2023-02-24,"4:39:08 PM",129,129,"Mushroom Ravioli",Italian,15.5
7422,3270,2023-02-24,"7:31:37 PM",129,129,"Mushroom Ravioli",Italian,15.5
7504,3304,2023-02-25,"1:36:09 PM",129,129,"Mushroom Ravioli",Italian,15.5
7525,3313,2023-02-25,"3:52:00 PM",129,129,"Mushroom Ravioli",Italian,15.5
7579,3340,2023-02-25,"8:41:17 PM",129,129,"Mushroom Ravioli",Italian,15.5
7591,3347,2023-02-26,"12:03:11 PM",129,129,"Mushroom Ravioli",Italian,15.5
7607,3354,2023-02-26,"12:58:00 PM",129,129,"Mushroom Ravioli",Italian,15.5
7611,3355,2023-02-26,"1:04:26 PM",129,129,"Mushroom Ravioli",Italian,15.5
7612,3355,2023-02-26,"1:04:26 PM",129,129,"Mushroom Ravioli",Italian,15.5
7658,3371,2023-02-26,"3:58:02 PM",129,129,"Mushroom Ravioli",Italian,15.5
7706,3392,2023-02-26,"6:49:00 PM",129,129,"Mushroom Ravioli",Italian,15.5
7922,3478,2023-02-28,"12:34:26 PM",129,129,"Mushroom Ravioli",Italian,15.5
8021,3520,2023-02-28,"8:47:42 PM",129,129,"Mushroom Ravioli",Italian,15.5
8029,3523,2023-02-28,"9:06:54 PM",129,129,"Mushroom Ravioli",Italian,15.5
8031,3524,2023-02-28,"9:14:22 PM",129,129,"Mushroom Ravioli",Italian,15.5
8109,3559,2023-03-01,"6:17:40 PM",129,129,"Mushroom Ravioli",Italian,15.5
8158,3583,2023-03-02,"12:07:16 PM",129,129,"Mushroom Ravioli",Italian,15.5
8205,3602,2023-03-02,"2:43:05 PM",129,129,"Mushroom Ravioli",Italian,15.5
8218,3608,2023-03-02,"3:50:46 PM",129,129,"Mushroom Ravioli",Italian,15.5
8256,3626,2023-03-02,"6:29:51 PM",129,129,"Mushroom Ravioli",Italian,15.5
8263,3628,2023-03-02,"7:01:00 PM",129,129,"Mushroom Ravioli",Italian,15.5
8326,3654,2023-03-03,"1:38:34 PM",129,129,"Mushroom Ravioli",Italian,15.5
8336,3657,2023-03-03,"1:53:01 PM",129,129,"Mushroom Ravioli",Italian,15.5
8355,3661,2023-03-03,"3:05:02 PM",129,129,"Mushroom Ravioli",Italian,15.5
8360,3663,2023-03-03,"3:47:14 PM",129,129,"Mushroom Ravioli",Italian,15.5
8388,3675,2023-03-03,"6:18:27 PM",129,129,"Mushroom Ravioli",Italian,15.5
8401,3682,2023-03-03,"7:46:03 PM",129,129,"Mushroom Ravioli",Italian,15.5
8420,3691,2023-03-04,"11:23:00 AM",129,129,"Mushroom Ravioli",Italian,15.5
8460,3705,2023-03-04,"1:15:42 PM",129,129,"Mushroom Ravioli",Italian,15.5
8482,3713,2023-03-04,"2:45:20 PM",129,129,"Mushroom Ravioli",Italian,15.5
8536,3736,2023-03-04,"6:27:05 PM",129,129,"Mushroom Ravioli",Italian,15.5
8622,3778,2023-03-05,"2:21:03 PM",129,129,"Mushroom Ravioli",Italian,15.5
8625,3779,2023-03-05,"2:24:19 PM",129,129,"Mushroom Ravioli",Italian,15.5
8676,3800,2023-03-05,"5:30:54 PM",129,129,"Mushroom Ravioli",Italian,15.5
8681,3801,2023-03-05,"5:51:47 PM",129,129,"Mushroom Ravioli",Italian,15.5
8719,3821,2023-03-06,"12:29:52 PM",129,129,"Mushroom Ravioli",Italian,15.5
8750,3834,2023-03-06,"1:48:02 PM",129,129,"Mushroom Ravioli",Italian,15.5
8762,3842,2023-03-06,"3:41:03 PM",129,129,"Mushroom Ravioli",Italian,15.5
8783,3853,2023-03-06,"5:46:48 PM",129,129,"Mushroom Ravioli",Italian,15.5
8856,3884,2023-03-07,"11:52:36 AM",129,129,"Mushroom Ravioli",Italian,15.5
8889,3895,2023-03-07,"4:08:09 PM",129,129,"Mushroom Ravioli",Italian,15.5
8905,3901,2023-03-07,"4:34:59 PM",129,129,"Mushroom Ravioli",Italian,15.5
8929,3913,2023-03-07,"6:45:53 PM",129,129,"Mushroom Ravioli",Italian,15.5
9020,3951,2023-03-08,"2:14:25 PM",129,129,"Mushroom Ravioli",Italian,15.5
9032,3960,2023-03-08,"3:56:08 PM",129,129,"Mushroom Ravioli",Italian,15.5
9066,3974,2023-03-08,"5:41:34 PM",129,129,"Mushroom Ravioli",Italian,15.5
9108,3994,2023-03-08,"8:30:09 PM",129,129,"Mushroom Ravioli",Italian,15.5
9133,4005,2023-03-09,"12:40:14 PM",129,129,"Mushroom Ravioli",Italian,15.5
9158,4014,2023-03-09,"1:39:39 PM",129,129,"Mushroom Ravioli",Italian,15.5
9207,4034,2023-03-09,"5:48:17 PM",129,129,"Mushroom Ravioli",Italian,15.5
9227,4042,2023-03-09,"6:37:43 PM",129,129,"Mushroom Ravioli",Italian,15.5
9292,4070,2023-03-10,"1:09:33 PM",129,129,"Mushroom Ravioli",Italian,15.5
9309,4077,2023-03-10,"1:55:11 PM",129,129,"Mushroom Ravioli",Italian,15.5
9328,4085,2023-03-10,"2:58:08 PM",129,129,"Mushroom Ravioli",Italian,15.5
9355,4097,2023-03-10,"5:57:38 PM",129,129,"Mushroom Ravioli",Italian,15.5
9372,4105,2023-03-10,"7:30:41 PM",129,129,"Mushroom Ravioli",Italian,15.5
9380,4108,2023-03-10,"8:20:38 PM",129,129,"Mushroom Ravioli",Italian,15.5
9419,4123,2023-03-11,"12:53:38 PM",129,129,"Mushroom Ravioli",Italian,15.5
9438,4131,2023-03-11,"1:45:13 PM",129,129,"Mushroom Ravioli",Italian,15.5
9442,4132,2023-03-11,"1:49:46 PM",129,129,"Mushroom Ravioli",Italian,15.5
9466,4145,2023-03-11,"4:23:58 PM",129,129,"Mushroom Ravioli",Italian,15.5
9470,4146,2023-03-11,"4:25:58 PM",129,129,"Mushroom Ravioli",Italian,15.5
9494,4158,2023-03-11,"5:33:30 PM",129,129,"Mushroom Ravioli",Italian,15.5
9530,4177,2023-03-12,"11:26:04 AM",129,129,"Mushroom Ravioli",Italian,15.5
9540,4182,2023-03-12,"12:13:53 PM",129,129,"Mushroom Ravioli",Italian,15.5
9585,4199,2023-03-12,"3:47:43 PM",129,129,"Mushroom Ravioli",Italian,15.5
9678,4238,2023-03-13,"12:57:25 PM",129,129,"Mushroom Ravioli",Italian,15.5
9716,4256,2023-03-13,"5:09:06 PM",129,129,"Mushroom Ravioli",Italian,15.5
9735,4264,2023-03-13,"5:48:27 PM",129,129,"Mushroom Ravioli",Italian,15.5
9751,4270,2023-03-13,"6:48:09 PM",129,129,"Mushroom Ravioli",Italian,15.5
9758,4273,2023-03-13,"7:13:52 PM",129,129,"Mushroom Ravioli",Italian,15.5
9773,4280,2023-03-13,"7:43:02 PM",129,129,"Mushroom Ravioli",Italian,15.5
9842,4306,2023-03-14,"1:16:23 PM",129,129,"Mushroom Ravioli",Italian,15.5
9847,4308,2023-03-14,"1:24:46 PM",129,129,"Mushroom Ravioli",Italian,15.5
9854,4311,2023-03-14,"2:12:12 PM",129,129,"Mushroom Ravioli",Italian,15.5
9898,4335,2023-03-14,"6:38:17 PM",129,129,"Mushroom Ravioli",Italian,15.5
9972,4364,2023-03-15,"1:43:32 PM",129,129,"Mushroom Ravioli",Italian,15.5
9987,4372,2023-03-15,"3:45:56 PM",129,129,"Mushroom Ravioli",Italian,15.5
10002,4379,2023-03-15,"4:12:56 PM",129,129,"Mushroom Ravioli",Italian,15.5
10026,4387,2023-03-15,"6:01:50 PM",129,129,"Mushroom Ravioli",Italian,15.5
10186,4460,2023-03-16,"7:08:35 PM",129,129,"Mushroom Ravioli",Italian,15.5
10228,4479,2023-03-17,"1:33:20 PM",129,129,"Mushroom Ravioli",Italian,15.5
10242,4482,2023-03-17,"1:57:38 PM",129,129,"Mushroom Ravioli",Italian,15.5
10306,4508,2023-03-17,"5:27:45 PM",129,129,"Mushroom Ravioli",Italian,15.5
10362,4533,2023-03-17,"8:25:53 PM",129,129,"Mushroom Ravioli",Italian,15.5
10377,4540,2023-03-17,"9:58:59 PM",129,129,"Mushroom Ravioli",Italian,15.5
10417,4560,2023-03-18,"1:33:58 PM",129,129,"Mushroom Ravioli",Italian,15.5
10519,4611,2023-03-19,"12:26:04 PM",129,129,"Mushroom Ravioli",Italian,15.5
10569,4628,2023-03-19,"4:16:31 PM",129,129,"Mushroom Ravioli",Italian,15.5
10598,4641,2023-03-19,"6:37:11 PM",129,129,"Mushroom Ravioli",Italian,15.5
10602,4642,2023-03-19,"7:05:06 PM",129,129,"Mushroom Ravioli",Italian,15.5
10678,4671,2023-03-20,"1:02:39 PM",129,129,"Mushroom Ravioli",Italian,15.5
10749,4708,2023-03-20,"7:31:55 PM",129,129,"Mushroom Ravioli",Italian,15.5
10761,4714,2023-03-20,"8:08:46 PM",129,129,"Mushroom Ravioli",Italian,15.5
10811,4732,2023-03-21,"1:02:15 PM",129,129,"Mushroom Ravioli",Italian,15.5
10888,4767,2023-03-21,"7:20:15 PM",129,129,"Mushroom Ravioli",Italian,15.5
10907,4775,2023-03-21,"8:15:09 PM",129,129,"Mushroom Ravioli",Italian,15.5
10914,4777,2023-03-21,"8:35:51 PM",129,129,"Mushroom Ravioli",Italian,15.5
10918,4780,2023-03-21,"9:47:02 PM",129,129,"Mushroom Ravioli",Italian,15.5
10981,4809,2023-03-22,"7:18:35 PM",129,129,"Mushroom Ravioli",Italian,15.5
10999,4820,2023-03-23,"11:18:22 AM",129,129,"Mushroom Ravioli",Italian,15.5
11026,4835,2023-03-23,"12:55:41 PM",129,129,"Mushroom Ravioli",Italian,15.5
11080,4854,2023-03-23,"5:03:09 PM",129,129,"Mushroom Ravioli",Italian,15.5
11114,4871,2023-03-23,"7:54:00 PM",129,129,"Mushroom Ravioli",Italian,15.5
11129,4880,2023-03-23,"10:39:18 PM",129,129,"Mushroom Ravioli",Italian,15.5
11156,4893,2023-03-24,"12:53:26 PM",129,129,"Mushroom Ravioli",Italian,15.5
11171,4901,2023-03-24,"2:42:01 PM",129,129,"Mushroom Ravioli",Italian,15.5
11188,4908,2023-03-24,"4:34:25 PM",129,129,"Mushroom Ravioli",Italian,15.5
11189,4908,2023-03-24,"4:34:25 PM",129,129,"Mushroom Ravioli",Italian,15.5
11236,4932,2023-03-24,"8:20:11 PM",129,129,"Mushroom Ravioli",Italian,15.5
11238,4933,2023-03-24,"8:32:57 PM",129,129,"Mushroom Ravioli",Italian,15.5
11313,4969,2023-03-25,"5:13:34 PM",129,129,"Mushroom Ravioli",Italian,15.5
11336,4978,2023-03-25,"6:35:12 PM",129,129,"Mushroom Ravioli",Italian,15.5
11353,4985,2023-03-25,"8:00:01 PM",129,129,"Mushroom Ravioli",Italian,15.5
11404,5013,2023-03-26,"1:14:23 PM",129,129,"Mushroom Ravioli",Italian,15.5
11409,5016,2023-03-26,"1:53:46 PM",129,129,"Mushroom Ravioli",Italian,15.5
11417,5017,2023-03-26,"1:58:44 PM",129,129,"Mushroom Ravioli",Italian,15.5
11507,5060,2023-03-26,"8:44:56 PM",129,129,"Mushroom Ravioli",Italian,15.5
11520,5066,2023-03-27,"12:20:59 PM",129,129,"Mushroom Ravioli",Italian,15.5
11587,5095,2023-03-27,"5:04:40 PM",129,129,"Mushroom Ravioli",Italian,15.5
11610,5105,2023-03-27,"5:56:55 PM",129,129,"Mushroom Ravioli",Italian,15.5
11657,5123,2023-03-27,"8:28:06 PM",129,129,"Mushroom Ravioli",Italian,15.5
11684,5136,2023-03-28,"12:37:40 PM",129,129,"Mushroom Ravioli",Italian,15.5
11696,5139,2023-03-28,"12:42:22 PM",129,129,"Mushroom Ravioli",Italian,15.5
11730,5155,2023-03-28,"4:03:23 PM",129,129,"Mushroom Ravioli",Italian,15.5
11744,5160,2023-03-28,"4:53:33 PM",129,129,"Mushroom Ravioli",Italian,15.5
11772,5174,2023-03-28,"6:55:54 PM",129,129,"Mushroom Ravioli",Italian,15.5
11781,5179,2023-03-28,"7:45:19 PM",129,129,"Mushroom Ravioli",Italian,15.5
11783,5180,2023-03-28,"7:48:11 PM",129,129,"Mushroom Ravioli",Italian,15.5
11806,5189,2023-03-28,"8:48:40 PM",129,129,"Mushroom Ravioli",Italian,15.5
11876,5214,2023-03-29,"3:39:45 PM",129,129,"Mushroom Ravioli",Italian,15.5
11910,5227,2023-03-29,"5:44:17 PM",129,129,"Mushroom Ravioli",Italian,15.5
11917,5231,2023-03-29,"6:42:15 PM",129,129,"Mushroom Ravioli",Italian,15.5
11948,5248,2023-03-30,"11:15:48 AM",129,129,"Mushroom Ravioli",Italian,15.5
11956,5251,2023-03-30,"11:52:18 AM",129,129,"Mushroom Ravioli",Italian,15.5
12058,5301,2023-03-30,"9:04:56 PM",129,129,"Mushroom Ravioli",Italian,15.5
12061,5303,2023-03-30,"9:15:27 PM",129,129,"Mushroom Ravioli",Italian,15.5
12090,5315,2023-03-31,"12:48:46 PM",129,129,"Mushroom Ravioli",Italian,15.5
12164,5342,2023-03-31,"5:17:38 PM",129,129,"Mushroom Ravioli",Italian,15.5
12219,5365,2023-03-31,"8:31:48 PM",129,129,"Mushroom Ravioli",Italian,15.5
12231,5369,2023-03-31,"10:05:04 PM",129,129,"Mushroom Ravioli",Italian,15.5
22,9,2023-01-01,"12:52:01 PM",130,130,"Shrimp Scampi",Italian,19.95
108,44,2023-01-01,"5:54:20 PM",130,130,"Shrimp Scampi",Italian,19.95
169,74,2023-01-02,"12:01:12 PM",130,130,"Shrimp Scampi",Italian,19.95
269,111,2023-01-02,"6:38:01 PM",130,130,"Shrimp Scampi",Italian,19.95
379,157,2023-01-03,"3:43:03 PM",130,130,"Shrimp Scampi",Italian,19.95
431,183,2023-01-03,"6:54:55 PM",130,130,"Shrimp Scampi",Italian,19.95
432,183,2023-01-03,"6:54:55 PM",130,130,"Shrimp Scampi",Italian,19.95
435,185,2023-01-03,"7:08:33 PM",130,130,"Shrimp Scampi",Italian,19.95
438,186,2023-01-03,"7:36:00 PM",130,130,"Shrimp Scampi",Italian,19.95
441,187,2023-01-03,"7:37:12 PM",130,130,"Shrimp Scampi",Italian,19.95
501,214,2023-01-04,"1:39:16 PM",130,130,"Shrimp Scampi",Italian,19.95
536,229,2023-01-04,"5:37:57 PM",130,130,"Shrimp Scampi",Italian,19.95
551,238,2023-01-04,"7:45:15 PM",130,130,"Shrimp Scampi",Italian,19.95
595,263,2023-01-05,"12:57:22 PM",130,130,"Shrimp Scampi",Italian,19.95
609,270,2023-01-05,"2:09:02 PM",130,130,"Shrimp Scampi",Italian,19.95
642,282,2023-01-05,"4:49:38 PM",130,130,"Shrimp Scampi",Italian,19.95
663,292,2023-01-05,"5:48:59 PM",130,130,"Shrimp Scampi",Italian,19.95
840,368,2023-01-06,"8:28:16 PM",130,130,"Shrimp Scampi",Italian,19.95
885,389,2023-01-07,"1:10:17 PM",130,130,"Shrimp Scampi",Italian,19.95
907,394,2023-01-07,"2:02:18 PM",130,130,"Shrimp Scampi",Italian,19.95
1182,520,2023-01-09,"1:22:33 PM",130,130,"Shrimp Scampi",Italian,19.95
1332,591,2023-01-10,"5:32:54 PM",130,130,"Shrimp Scampi",Italian,19.95
1354,601,2023-01-10,"6:58:19 PM",130,130,"Shrimp Scampi",Italian,19.95
1389,618,2023-01-10,"8:31:14 PM",130,130,"Shrimp Scampi",Italian,19.95
1418,629,2023-01-10,"10:48:39 PM",130,130,"Shrimp Scampi",Italian,19.95
1446,641,2023-01-11,"1:37:46 PM",130,130,"Shrimp Scampi",Italian,19.95
1477,654,2023-01-11,"4:34:07 PM",130,130,"Shrimp Scampi",Italian,19.95
1560,697,2023-01-12,"1:58:56 PM",130,130,"Shrimp Scampi",Italian,19.95
1619,722,2023-01-12,"6:20:58 PM",130,130,"Shrimp Scampi",Italian,19.95
1702,756,2023-01-13,"3:55:11 PM",130,130,"Shrimp Scampi",Italian,19.95
1784,792,2023-01-14,"12:37:48 PM",130,130,"Shrimp Scampi",Italian,19.95
1815,801,2023-01-14,"1:10:53 PM",130,130,"Shrimp Scampi",Italian,19.95
1901,842,2023-01-14,"9:09:39 PM",130,130,"Shrimp Scampi",Italian,19.95
1929,855,2023-01-15,"12:56:54 PM",130,130,"Shrimp Scampi",Italian,19.95
2002,891,2023-01-15,"5:43:34 PM",130,130,"Shrimp Scampi",Italian,19.95
2064,921,2023-01-16,"1:18:32 PM",130,130,"Shrimp Scampi",Italian,19.95
2109,939,2023-01-16,"4:59:23 PM",130,130,"Shrimp Scampi",Italian,19.95
2125,946,2023-01-16,"6:00:48 PM",130,130,"Shrimp Scampi",Italian,19.95
2154,957,2023-01-16,"7:32:12 PM",130,130,"Shrimp Scampi",Italian,19.95
2157,959,2023-01-16,"7:34:00 PM",130,130,"Shrimp Scampi",Italian,19.95
2204,979,2023-01-17,"12:57:28 PM",130,130,"Shrimp Scampi",Italian,19.95
2240,996,2023-01-17,"5:11:07 PM",130,130,"Shrimp Scampi",Italian,19.95
2286,1019,2023-01-17,"8:50:54 PM",130,130,"Shrimp Scampi",Italian,19.95
2380,1060,2023-01-18,"4:39:46 PM",130,130,"Shrimp Scampi",Italian,19.95
2409,1071,2023-01-18,"6:27:40 PM",130,130,"Shrimp Scampi",Italian,19.95
2415,1073,2023-01-18,"6:42:02 PM",130,130,"Shrimp Scampi",Italian,19.95
2449,1089,2023-01-19,"12:03:57 PM",130,130,"Shrimp Scampi",Italian,19.95
2523,1116,2023-01-19,"5:09:15 PM",130,130,"Shrimp Scampi",Italian,19.95
2676,1182,2023-01-20,"6:33:48 PM",130,130,"Shrimp Scampi",Italian,19.95
2732,1211,2023-01-21,"1:37:51 PM",130,130,"Shrimp Scampi",Italian,19.95
2866,1265,2023-01-22,"12:59:26 PM",130,130,"Shrimp Scampi",Italian,19.95
2917,1285,2023-01-22,"4:18:42 PM",130,130,"Shrimp Scampi",Italian,19.95
2981,1315,2023-01-22,"8:46:44 PM",130,130,"Shrimp Scampi",Italian,19.95
2988,1319,2023-01-22,"10:24:05 PM",130,130,"Shrimp Scampi",Italian,19.95
3038,1340,2023-01-23,"2:12:26 PM",130,130,"Shrimp Scampi",Italian,19.95
3047,1345,2023-01-23,"3:01:02 PM",130,130,"Shrimp Scampi",Italian,19.95
3155,1398,2023-01-24,"2:04:36 PM",130,130,"Shrimp Scampi",Italian,19.95
3156,1398,2023-01-24,"2:04:36 PM",130,130,"Shrimp Scampi",Italian,19.95
3183,1411,2023-01-24,"4:36:53 PM",130,130,"Shrimp Scampi",Italian,19.95
3206,1420,2023-01-24,"6:10:44 PM",130,130,"Shrimp Scampi",Italian,19.95
3244,1436,2023-01-24,"7:46:06 PM",130,130,"Shrimp Scampi",Italian,19.95
3339,1475,2023-01-25,"4:59:21 PM",130,130,"Shrimp Scampi",Italian,19.95
3381,1495,2023-01-25,"9:17:32 PM",130,130,"Shrimp Scampi",Italian,19.95
3407,1504,2023-01-26,"12:44:38 PM",130,130,"Shrimp Scampi",Italian,19.95
3459,1534,2023-01-26,"4:21:23 PM",130,130,"Shrimp Scampi",Italian,19.95
3470,1538,2023-01-26,"5:06:36 PM",130,130,"Shrimp Scampi",Italian,19.95
3479,1542,2023-01-26,"6:37:22 PM",130,130,"Shrimp Scampi",Italian,19.95
3495,1551,2023-01-26,"9:37:51 PM",130,130,"Shrimp Scampi",Italian,19.95
3588,1590,2023-01-27,"5:56:16 PM",130,130,"Shrimp Scampi",Italian,19.95
3677,1633,2023-01-28,"12:45:52 PM",130,130,"Shrimp Scampi",Italian,19.95
3768,1672,2023-01-29,"12:14:46 PM",130,130,"Shrimp Scampi",Italian,19.95
3863,1718,2023-01-29,"8:15:51 PM",130,130,"Shrimp Scampi",Italian,19.95
3873,1725,2023-01-29,"9:27:53 PM",130,130,"Shrimp Scampi",Italian,19.95
3928,1749,2023-01-30,"4:02:56 PM",130,130,"Shrimp Scampi",Italian,19.95
3960,1764,2023-01-30,"6:24:57 PM",130,130,"Shrimp Scampi",Italian,19.95
3982,1776,2023-01-30,"8:09:16 PM",130,130,"Shrimp Scampi",Italian,19.95
4192,1861,2023-02-01,"1:21:23 PM",130,130,"Shrimp Scampi",Italian,19.95
4200,1865,2023-02-01,"2:09:37 PM",130,130,"Shrimp Scampi",Italian,19.95
4228,1876,2023-02-01,"3:56:21 PM",130,130,"Shrimp Scampi",Italian,19.95
4230,1877,2023-02-01,"4:03:52 PM",130,130,"Shrimp Scampi",Italian,19.95
4249,1885,2023-02-01,"4:34:57 PM",130,130,"Shrimp Scampi",Italian,19.95
4442,1974,2023-02-02,"5:49:37 PM",130,130,"Shrimp Scampi",Italian,19.95
4455,1981,2023-02-02,"7:10:40 PM",130,130,"Shrimp Scampi",Italian,19.95
4461,1985,2023-02-02,"8:00:05 PM",130,130,"Shrimp Scampi",Italian,19.95
4510,2000,2023-02-03,"12:14:27 PM",130,130,"Shrimp Scampi",Italian,19.95
4589,2033,2023-02-03,"5:13:15 PM",130,130,"Shrimp Scampi",Italian,19.95
4839,2140,2023-02-05,"4:55:35 PM",130,130,"Shrimp Scampi",Italian,19.95
4862,2151,2023-02-05,"6:22:28 PM",130,130,"Shrimp Scampi",Italian,19.95
4915,2180,2023-02-06,"11:59:14 AM",130,130,"Shrimp Scampi",Italian,19.95
4979,2200,2023-02-06,"3:21:45 PM",130,130,"Shrimp Scampi",Italian,19.95
4987,2204,2023-02-06,"4:28:46 PM",130,130,"Shrimp Scampi",Italian,19.95
5014,2218,2023-02-06,"6:29:00 PM",130,130,"Shrimp Scampi",Italian,19.95
5034,2228,2023-02-06,"8:04:33 PM",130,130,"Shrimp Scampi",Italian,19.95
5052,2236,2023-02-06,"9:32:03 PM",130,130,"Shrimp Scampi",Italian,19.95
5059,2240,2023-02-06,"10:22:17 PM",130,130,"Shrimp Scampi",Italian,19.95
5077,2249,2023-02-07,"1:24:15 PM",130,130,"Shrimp Scampi",Italian,19.95
5107,2260,2023-02-07,"3:43:28 PM",130,130,"Shrimp Scampi",Italian,19.95
5208,2308,2023-02-08,"1:03:37 PM",130,130,"Shrimp Scampi",Italian,19.95
5217,2309,2023-02-08,"1:06:36 PM",130,130,"Shrimp Scampi",Italian,19.95
5272,2334,2023-02-08,"6:06:04 PM",130,130,"Shrimp Scampi",Italian,19.95
5368,2373,2023-02-09,"2:29:17 PM",130,130,"Shrimp Scampi",Italian,19.95
5422,2396,2023-02-09,"6:34:07 PM",130,130,"Shrimp Scampi",Italian,19.95
5444,2404,2023-02-09,"8:09:44 PM",130,130,"Shrimp Scampi",Italian,19.95
5532,2447,2023-02-10,"5:20:30 PM",130,130,"Shrimp Scampi",Italian,19.95
5573,2468,2023-02-11,"11:44:12 AM",130,130,"Shrimp Scampi",Italian,19.95
5680,2517,2023-02-11,"6:56:35 PM",130,130,"Shrimp Scampi",Italian,19.95
5707,2527,2023-02-11,"7:53:46 PM",130,130,"Shrimp Scampi",Italian,19.95
5753,2547,2023-02-12,"12:45:49 PM",130,130,"Shrimp Scampi",Italian,19.95
5807,2574,2023-02-12,"4:22:32 PM",130,130,"Shrimp Scampi",Italian,19.95
5844,2591,2023-02-12,"8:39:09 PM",130,130,"Shrimp Scampi",Italian,19.95
5906,2616,2023-02-13,"1:59:40 PM",130,130,"Shrimp Scampi",Italian,19.95
6083,2698,2023-02-14,"6:43:20 PM",130,130,"Shrimp Scampi",Italian,19.95
6141,2718,2023-02-14,"10:16:39 PM",130,130,"Shrimp Scampi",Italian,19.95
6164,2725,2023-02-15,"11:52:00 AM",130,130,"Shrimp Scampi",Italian,19.95
6196,2742,2023-02-15,"4:51:56 PM",130,130,"Shrimp Scampi",Italian,19.95
6293,2783,2023-02-16,"12:02:14 PM",130,130,"Shrimp Scampi",Italian,19.95
6422,2843,2023-02-17,"1:36:33 PM",130,130,"Shrimp Scampi",Italian,19.95
6455,2854,2023-02-17,"3:24:37 PM",130,130,"Shrimp Scampi",Italian,19.95
6465,2858,2023-02-17,"4:52:53 PM",130,130,"Shrimp Scampi",Italian,19.95
6480,2868,2023-02-17,"5:42:20 PM",130,130,"Shrimp Scampi",Italian,19.95
6610,2922,2023-02-18,"5:17:04 PM",130,130,"Shrimp Scampi",Italian,19.95
6709,2960,2023-02-19,"1:09:03 PM",130,130,"Shrimp Scampi",Italian,19.95
6718,2961,2023-02-19,"1:13:54 PM",130,130,"Shrimp Scampi",Italian,19.95
6721,2962,2023-02-19,"1:18:02 PM",130,130,"Shrimp Scampi",Italian,19.95
6727,2964,2023-02-19,"1:27:47 PM",130,130,"Shrimp Scampi",Italian,19.95
6774,2990,2023-02-19,"6:13:19 PM",130,130,"Shrimp Scampi",Italian,19.95
6852,3026,2023-02-20,"1:38:14 PM",130,130,"Shrimp Scampi",Italian,19.95
6862,3029,2023-02-20,"1:55:24 PM",130,130,"Shrimp Scampi",Italian,19.95
6938,3062,2023-02-20,"7:51:17 PM",130,130,"Shrimp Scampi",Italian,19.95
6962,3072,2023-02-20,"9:28:46 PM",130,130,"Shrimp Scampi",Italian,19.95
7008,3091,2023-02-21,"2:04:59 PM",130,130,"Shrimp Scampi",Italian,19.95
7037,3102,2023-02-21,"4:32:10 PM",130,130,"Shrimp Scampi",Italian,19.95
7123,3142,2023-02-22,"2:17:17 PM",130,130,"Shrimp Scampi",Italian,19.95
7175,3164,2023-02-22,"8:47:46 PM",130,130,"Shrimp Scampi",Italian,19.95
7182,3167,2023-02-22,"9:13:36 PM",130,130,"Shrimp Scampi",Italian,19.95
7189,3170,2023-02-22,"10:13:50 PM",130,130,"Shrimp Scampi",Italian,19.95
7279,3206,2023-02-23,"5:31:54 PM",130,130,"Shrimp Scampi",Italian,19.95
7331,3231,2023-02-24,"12:15:10 PM",130,130,"Shrimp Scampi",Italian,19.95
7396,3258,2023-02-24,"5:40:49 PM",130,130,"Shrimp Scampi",Italian,19.95
7406,3262,2023-02-24,"6:05:09 PM",130,130,"Shrimp Scampi",Italian,19.95
7480,3292,2023-02-25,"12:39:18 PM",130,130,"Shrimp Scampi",Italian,19.95
7541,3321,2023-02-25,"5:22:08 PM",130,130,"Shrimp Scampi",Italian,19.95
7627,3361,2023-02-26,"1:50:11 PM",130,130,"Shrimp Scampi",Italian,19.95
7746,3411,2023-02-27,"12:38:54 PM",130,130,"Shrimp Scampi",Italian,19.95
7760,3415,2023-02-27,"1:02:11 PM",130,130,"Shrimp Scampi",Italian,19.95
7784,3423,2023-02-27,"2:09:03 PM",130,130,"Shrimp Scampi",Italian,19.95
7797,3429,2023-02-27,"4:13:37 PM",130,130,"Shrimp Scampi",Italian,19.95
7894,3470,2023-02-27,"9:53:24 PM",130,130,"Shrimp Scampi",Italian,19.95
7912,3474,2023-02-28,"11:50:01 AM",130,130,"Shrimp Scampi",Italian,19.95
8078,3545,2023-03-01,"3:10:04 PM",130,130,"Shrimp Scampi",Italian,19.95
8102,3555,2023-03-01,"5:48:53 PM",130,130,"Shrimp Scampi",Italian,19.95
8111,3559,2023-03-01,"6:17:40 PM",130,130,"Shrimp Scampi",Italian,19.95
8163,3583,2023-03-02,"12:07:16 PM",130,130,"Shrimp Scampi",Italian,19.95
8225,3612,2023-03-02,"4:36:01 PM",130,130,"Shrimp Scampi",Italian,19.95
8229,3614,2023-03-02,"4:58:21 PM",130,130,"Shrimp Scampi",Italian,19.95
8346,3659,2023-03-03,"2:03:25 PM",130,130,"Shrimp Scampi",Italian,19.95
8385,3674,2023-03-03,"5:58:31 PM",130,130,"Shrimp Scampi",Italian,19.95
8396,3678,2023-03-03,"6:41:49 PM",130,130,"Shrimp Scampi",Italian,19.95
8647,3788,2023-03-05,"4:07:50 PM",130,130,"Shrimp Scampi",Italian,19.95
8671,3798,2023-03-05,"5:24:03 PM",130,130,"Shrimp Scampi",Italian,19.95
8739,3828,2023-03-06,"12:48:55 PM",130,130,"Shrimp Scampi",Italian,19.95
8740,3828,2023-03-06,"12:48:55 PM",130,130,"Shrimp Scampi",Italian,19.95
8760,3841,2023-03-06,"3:18:10 PM",130,130,"Shrimp Scampi",Italian,19.95
8815,3865,2023-03-06,"7:58:48 PM",130,130,"Shrimp Scampi",Italian,19.95
8835,3872,2023-03-06,"9:18:50 PM",130,130,"Shrimp Scampi",Italian,19.95
8858,3884,2023-03-07,"11:52:36 AM",130,130,"Shrimp Scampi",Italian,19.95
8866,3886,2023-03-07,"12:23:20 PM",130,130,"Shrimp Scampi",Italian,19.95
8872,3887,2023-03-07,"12:24:10 PM",130,130,"Shrimp Scampi",Italian,19.95
8886,3894,2023-03-07,"3:35:59 PM",130,130,"Shrimp Scampi",Italian,19.95
8897,3899,2023-03-07,"4:21:06 PM",130,130,"Shrimp Scampi",Italian,19.95
8930,3913,2023-03-07,"6:45:53 PM",130,130,"Shrimp Scampi",Italian,19.95
9112,3996,2023-03-08,"8:51:13 PM",130,130,"Shrimp Scampi",Italian,19.95
9138,4008,2023-03-09,"1:03:47 PM",130,130,"Shrimp Scampi",Italian,19.95
9220,4038,2023-03-09,"6:04:03 PM",130,130,"Shrimp Scampi",Italian,19.95
9311,4077,2023-03-10,"1:55:11 PM",130,130,"Shrimp Scampi",Italian,19.95
9325,4083,2023-03-10,"2:53:51 PM",130,130,"Shrimp Scampi",Italian,19.95
9457,4138,2023-03-11,"2:39:14 PM",130,130,"Shrimp Scampi",Italian,19.95
9500,4161,2023-03-11,"6:24:12 PM",130,130,"Shrimp Scampi",Italian,19.95
9525,4173,2023-03-11,"10:03:13 PM",130,130,"Shrimp Scampi",Italian,19.95
9616,4212,2023-03-12,"5:44:49 PM",130,130,"Shrimp Scampi",Italian,19.95
9627,4218,2023-03-12,"6:29:17 PM",130,130,"Shrimp Scampi",Italian,19.95
9643,4227,2023-03-12,"10:03:24 PM",130,130,"Shrimp Scampi",Italian,19.95
9694,4245,2023-03-13,"1:35:44 PM",130,130,"Shrimp Scampi",Italian,19.95
9731,4263,2023-03-13,"5:48:06 PM",130,130,"Shrimp Scampi",Italian,19.95
9784,4285,2023-03-13,"8:07:36 PM",130,130,"Shrimp Scampi",Italian,19.95
9785,4286,2023-03-13,"8:09:22 PM",130,130,"Shrimp Scampi",Italian,19.95
9790,4288,2023-03-13,"8:33:21 PM",130,130,"Shrimp Scampi",Italian,19.95
9879,4323,2023-03-14,"4:38:05 PM",130,130,"Shrimp Scampi",Italian,19.95
9937,4354,2023-03-14,"10:23:19 PM",130,130,"Shrimp Scampi",Italian,19.95
9994,4375,2023-03-15,"4:00:44 PM",130,130,"Shrimp Scampi",Italian,19.95
10044,4395,2023-03-15,"7:02:12 PM",130,130,"Shrimp Scampi",Italian,19.95
10071,4408,2023-03-16,"12:11:56 PM",130,130,"Shrimp Scampi",Italian,19.95
10151,4444,2023-03-16,"5:28:55 PM",130,130,"Shrimp Scampi",Italian,19.95
10304,4507,2023-03-17,"5:25:02 PM",130,130,"Shrimp Scampi",Italian,19.95
10307,4508,2023-03-17,"5:27:45 PM",130,130,"Shrimp Scampi",Italian,19.95
10316,4512,2023-03-17,"6:05:39 PM",130,130,"Shrimp Scampi",Italian,19.95
10317,4512,2023-03-17,"6:05:39 PM",130,130,"Shrimp Scampi",Italian,19.95
10474,4589,2023-03-18,"7:57:35 PM",130,130,"Shrimp Scampi",Italian,19.95
10581,4633,2023-03-19,"5:28:29 PM",130,130,"Shrimp Scampi",Italian,19.95
10590,4637,2023-03-19,"6:04:27 PM",130,130,"Shrimp Scampi",Italian,19.95
10635,4656,2023-03-19,"8:43:33 PM",130,130,"Shrimp Scampi",Italian,19.95
10646,4662,2023-03-20,"11:47:53 AM",130,130,"Shrimp Scampi",Italian,19.95
10665,4667,2023-03-20,"12:52:56 PM",130,130,"Shrimp Scampi",Italian,19.95
10676,4670,2023-03-20,"12:56:01 PM",130,130,"Shrimp Scampi",Italian,19.95
10744,4706,2023-03-20,"7:16:21 PM",130,130,"Shrimp Scampi",Italian,19.95
10825,4738,2023-03-21,"1:50:27 PM",130,130,"Shrimp Scampi",Italian,19.95
10826,4739,2023-03-21,"1:56:44 PM",130,130,"Shrimp Scampi",Italian,19.95
10877,4762,2023-03-21,"6:39:15 PM",130,130,"Shrimp Scampi",Italian,19.95
10922,4782,2023-03-21,"10:15:37 PM",130,130,"Shrimp Scampi",Italian,19.95
10956,4798,2023-03-22,"4:21:33 PM",130,130,"Shrimp Scampi",Italian,19.95
10985,4810,2023-03-22,"7:23:28 PM",130,130,"Shrimp Scampi",Italian,19.95
11039,4836,2023-03-23,"12:57:49 PM",130,130,"Shrimp Scampi",Italian,19.95
11099,4864,2023-03-23,"6:50:25 PM",130,130,"Shrimp Scampi",Italian,19.95
11164,4896,2023-03-24,"1:05:31 PM",130,130,"Shrimp Scampi",Italian,19.95
11267,4946,2023-03-25,"12:06:23 PM",130,130,"Shrimp Scampi",Italian,19.95
11286,4955,2023-03-25,"1:10:57 PM",130,130,"Shrimp Scampi",Italian,19.95
11344,4981,2023-03-25,"7:12:01 PM",130,130,"Shrimp Scampi",Italian,19.95
11401,5012,2023-03-26,"1:12:34 PM",130,130,"Shrimp Scampi",Italian,19.95
11406,5014,2023-03-26,"1:34:44 PM",130,130,"Shrimp Scampi",Italian,19.95
11548,5078,2023-03-27,"1:31:17 PM",130,130,"Shrimp Scampi",Italian,19.95
11561,5082,2023-03-27,"2:22:32 PM",130,130,"Shrimp Scampi",Italian,19.95
11609,5104,2023-03-27,"5:56:27 PM",130,130,"Shrimp Scampi",Italian,19.95
11617,5107,2023-03-27,"6:15:26 PM",130,130,"Shrimp Scampi",Italian,19.95
11645,5119,2023-03-27,"7:50:43 PM",130,130,"Shrimp Scampi",Italian,19.95
11654,5122,2023-03-27,"8:26:45 PM",130,130,"Shrimp Scampi",Italian,19.95
11705,5142,2023-03-28,"1:35:21 PM",130,130,"Shrimp Scampi",Italian,19.95
11716,5149,2023-03-28,"2:48:50 PM",130,130,"Shrimp Scampi",Italian,19.95
11729,5154,2023-03-28,"3:50:03 PM",130,130,"Shrimp Scampi",Italian,19.95
11731,5155,2023-03-28,"4:03:23 PM",130,130,"Shrimp Scampi",Italian,19.95
11749,5161,2023-03-28,"4:56:08 PM",130,130,"Shrimp Scampi",Italian,19.95
11800,5187,2023-03-28,"8:39:16 PM",130,130,"Shrimp Scampi",Italian,19.95
11836,5200,2023-03-29,"12:32:07 PM",130,130,"Shrimp Scampi",Italian,19.95
11865,5210,2023-03-29,"2:48:09 PM",130,130,"Shrimp Scampi",Italian,19.95
12045,5292,2023-03-30,"6:36:47 PM",130,130,"Shrimp Scampi",Italian,19.95
12083,5313,2023-03-31,"12:24:23 PM",130,130,"Shrimp Scampi",Italian,19.95
12104,5317,2023-03-31,"1:04:13 PM",130,130,"Shrimp Scampi",Italian,19.95
12171,5345,2023-03-31,"5:30:29 PM",130,130,"Shrimp Scampi",Italian,19.95
12182,5350,2023-03-31,"5:54:10 PM",130,130,"Shrimp Scampi",Italian,19.95
12220,5365,2023-03-31,"8:31:48 PM",130,130,"Shrimp Scampi",Italian,19.95
52,17,2023-01-01,"1:53:00 PM",131,131,"Chicken Parmesan",Italian,17.95
73,27,2023-01-01,"3:11:17 PM",131,131,"Chicken Parmesan",Italian,17.95
165,72,2023-01-02,"11:57:25 AM",131,131,"Chicken Parmesan",Italian,17.95
221,92,2023-01-02,"3:17:02 PM",131,131,"Chicken Parmesan",Italian,17.95
283,118,2023-01-02,"7:26:59 PM",131,131,"Chicken Parmesan",Italian,17.95
287,120,2023-01-02,"7:35:07 PM",131,131,"Chicken Parmesan",Italian,17.95
360,149,2023-01-03,"2:48:45 PM",131,131,"Chicken Parmesan",Italian,17.95
365,152,2023-01-03,"3:09:42 PM",131,131,"Chicken Parmesan",Italian,17.95
494,210,2023-01-04,"12:34:13 PM",131,131,"Chicken Parmesan",Italian,17.95
507,217,2023-01-04,"2:35:03 PM",131,131,"Chicken Parmesan",Italian,17.95
512,219,2023-01-04,"2:42:01 PM",131,131,"Chicken Parmesan",Italian,17.95
543,233,2023-01-04,"6:26:51 PM",131,131,"Chicken Parmesan",Italian,17.95
585,255,2023-01-05,"11:23:35 AM",131,131,"Chicken Parmesan",Italian,17.95
664,292,2023-01-05,"5:48:59 PM",131,131,"Chicken Parmesan",Italian,17.95
680,299,2023-01-05,"7:34:31 PM",131,131,"Chicken Parmesan",Italian,17.95
727,317,2023-01-06,"12:31:00 PM",131,131,"Chicken Parmesan",Italian,17.95
762,330,2023-01-06,"1:27:11 PM",131,131,"Chicken Parmesan",Italian,17.95
790,345,2023-01-06,"4:01:47 PM",131,131,"Chicken Parmesan",Italian,17.95
795,347,2023-01-06,"4:37:17 PM",131,131,"Chicken Parmesan",Italian,17.95
819,357,2023-01-06,"6:27:58 PM",131,131,"Chicken Parmesan",Italian,17.95
839,367,2023-01-06,"8:05:12 PM",131,131,"Chicken Parmesan",Italian,17.95
842,369,2023-01-06,"8:30:06 PM",131,131,"Chicken Parmesan",Italian,17.95
846,372,2023-01-06,"10:26:59 PM",131,131,"Chicken Parmesan",Italian,17.95
880,387,2023-01-07,"1:03:14 PM",131,131,"Chicken Parmesan",Italian,17.95
911,396,2023-01-07,"2:12:21 PM",131,131,"Chicken Parmesan",Italian,17.95
951,416,2023-01-07,"6:17:42 PM",131,131,"Chicken Parmesan",Italian,17.95
966,422,2023-01-07,"7:30:25 PM",131,131,"Chicken Parmesan",Italian,17.95
974,427,2023-01-07,"9:49:00 PM",131,131,"Chicken Parmesan",Italian,17.95
1014,440,2023-01-08,"12:16:34 PM",131,131,"Chicken Parmesan",Italian,17.95
1057,456,2023-01-08,"1:47:53 PM",131,131,"Chicken Parmesan",Italian,17.95
1069,462,2023-01-08,"2:38:41 PM",131,131,"Chicken Parmesan",Italian,17.95
1075,466,2023-01-08,"3:30:10 PM",131,131,"Chicken Parmesan",Italian,17.95
1104,481,2023-01-08,"5:41:37 PM",131,131,"Chicken Parmesan",Italian,17.95
1118,487,2023-01-08,"6:30:16 PM",131,131,"Chicken Parmesan",Italian,17.95
1130,492,2023-01-08,"7:06:21 PM",131,131,"Chicken Parmesan",Italian,17.95
1156,506,2023-01-09,"12:02:09 PM",131,131,"Chicken Parmesan",Italian,17.95
1226,539,2023-01-09,"5:51:34 PM",131,131,"Chicken Parmesan",Italian,17.95
1245,550,2023-01-09,"7:12:59 PM",131,131,"Chicken Parmesan",Italian,17.95
1300,575,2023-01-10,"1:41:04 PM",131,131,"Chicken Parmesan",Italian,17.95
1303,576,2023-01-10,"1:44:22 PM",131,131,"Chicken Parmesan",Italian,17.95
1304,577,2023-01-10,"1:45:00 PM",131,131,"Chicken Parmesan",Italian,17.95
1405,625,2023-01-10,"9:50:23 PM",131,131,"Chicken Parmesan",Italian,17.95
1434,635,2023-01-11,"12:18:31 PM",131,131,"Chicken Parmesan",Italian,17.95
1435,635,2023-01-11,"12:18:31 PM",131,131,"Chicken Parmesan",Italian,17.95
1447,641,2023-01-11,"1:37:46 PM",131,131,"Chicken Parmesan",Italian,17.95
1452,643,2023-01-11,"1:43:19 PM",131,131,"Chicken Parmesan",Italian,17.95
1518,674,2023-01-11,"7:33:05 PM",131,131,"Chicken Parmesan",Italian,17.95
1604,715,2023-01-12,"5:05:33 PM",131,131,"Chicken Parmesan",Italian,17.95
1640,732,2023-01-12,"7:30:17 PM",131,131,"Chicken Parmesan",Italian,17.95
1664,740,2023-01-13,"12:29:51 PM",131,131,"Chicken Parmesan",Italian,17.95
1665,740,2023-01-13,"12:29:51 PM",131,131,"Chicken Parmesan",Italian,17.95
1666,740,2023-01-13,"12:29:51 PM",131,131,"Chicken Parmesan",Italian,17.95
1739,774,2023-01-13,"6:31:07 PM",131,131,"Chicken Parmesan",Italian,17.95
1744,776,2023-01-13,"6:50:43 PM",131,131,"Chicken Parmesan",Italian,17.95
1764,783,2023-01-13,"9:17:08 PM",131,131,"Chicken Parmesan",Italian,17.95
1774,789,2023-01-14,"11:51:37 AM",131,131,"Chicken Parmesan",Italian,17.95
1796,798,2023-01-14,"12:50:30 PM",131,131,"Chicken Parmesan",Italian,17.95
1885,834,2023-01-14,"7:25:16 PM",131,131,"Chicken Parmesan",Italian,17.95
1902,842,2023-01-14,"9:09:39 PM",131,131,"Chicken Parmesan",Italian,17.95
1950,864,2023-01-15,"2:04:23 PM",131,131,"Chicken Parmesan",Italian,17.95
1982,882,2023-01-15,"4:44:46 PM",131,131,"Chicken Parmesan",Italian,17.95
2014,897,2023-01-15,"6:53:07 PM",131,131,"Chicken Parmesan",Italian,17.95
2042,911,2023-01-16,"11:36:00 AM",131,131,"Chicken Parmesan",Italian,17.95
2059,918,2023-01-16,"1:06:04 PM",131,131,"Chicken Parmesan",Italian,17.95
2069,923,2023-01-16,"1:23:29 PM",131,131,"Chicken Parmesan",Italian,17.95
2085,927,2023-01-16,"1:59:21 PM",131,131,"Chicken Parmesan",Italian,17.95
2101,935,2023-01-16,"4:14:59 PM",131,131,"Chicken Parmesan",Italian,17.95
2107,938,2023-01-16,"4:43:09 PM",131,131,"Chicken Parmesan",Italian,17.95
2141,952,2023-01-16,"7:05:35 PM",131,131,"Chicken Parmesan",Italian,17.95
2144,953,2023-01-16,"7:12:08 PM",131,131,"Chicken Parmesan",Italian,17.95
2170,965,2023-01-16,"8:41:02 PM",131,131,"Chicken Parmesan",Italian,17.95
2173,966,2023-01-16,"8:59:17 PM",131,131,"Chicken Parmesan",Italian,17.95
2323,1034,2023-01-18,"12:07:59 PM",131,131,"Chicken Parmesan",Italian,17.95
2350,1043,2023-01-18,"2:07:36 PM",131,131,"Chicken Parmesan",Italian,17.95
2359,1050,2023-01-18,"3:05:54 PM",131,131,"Chicken Parmesan",Italian,17.95
2437,1085,2023-01-19,"11:37:05 AM",131,131,"Chicken Parmesan",Italian,17.95
2441,1087,2023-01-19,"11:57:38 AM",131,131,"Chicken Parmesan",Italian,17.95
2508,1110,2023-01-19,"4:33:35 PM",131,131,"Chicken Parmesan",Italian,17.95
2512,1112,2023-01-19,"4:46:00 PM",131,131,"Chicken Parmesan",Italian,17.95
2525,1118,2023-01-19,"5:19:49 PM",131,131,"Chicken Parmesan",Italian,17.95
2534,1122,2023-01-19,"6:16:44 PM",131,131,"Chicken Parmesan",Italian,17.95
2580,1141,2023-01-20,"11:35:08 AM",131,131,"Chicken Parmesan",Italian,17.95
2701,1196,2023-01-20,"8:44:41 PM",131,131,"Chicken Parmesan",Italian,17.95
2748,1215,2023-01-21,"2:02:04 PM",131,131,"Chicken Parmesan",Italian,17.95
2754,1218,2023-01-21,"2:27:30 PM",131,131,"Chicken Parmesan",Italian,17.95
2792,1234,2023-01-21,"5:36:59 PM",131,131,"Chicken Parmesan",Italian,17.95
2809,1241,2023-01-21,"6:43:02 PM",131,131,"Chicken Parmesan",Italian,17.95
2841,1255,2023-01-22,"12:05:34 PM",131,131,"Chicken Parmesan",Italian,17.95
2857,1264,2023-01-22,"12:58:30 PM",131,131,"Chicken Parmesan",Italian,17.95
2893,1274,2023-01-22,"1:24:14 PM",131,131,"Chicken Parmesan",Italian,17.95
2901,1278,2023-01-22,"2:07:34 PM",131,131,"Chicken Parmesan",Italian,17.95
2972,1310,2023-01-22,"8:19:33 PM",131,131,"Chicken Parmesan",Italian,17.95
2975,1312,2023-01-22,"8:23:41 PM",131,131,"Chicken Parmesan",Italian,17.95
3062,1352,2023-01-23,"4:12:21 PM",131,131,"Chicken Parmesan",Italian,17.95
3076,1361,2023-01-23,"5:46:31 PM",131,131,"Chicken Parmesan",Italian,17.95
3123,1381,2023-01-23,"8:08:54 PM",131,131,"Chicken Parmesan",Italian,17.95
3186,1412,2023-01-24,"4:39:31 PM",131,131,"Chicken Parmesan",Italian,17.95
3255,1442,2023-01-24,"8:21:20 PM",131,131,"Chicken Parmesan",Italian,17.95
3256,1442,2023-01-24,"8:21:20 PM",131,131,"Chicken Parmesan",Italian,17.95
3311,1461,2023-01-25,"2:21:02 PM",131,131,"Chicken Parmesan",Italian,17.95
3312,1462,2023-01-25,"2:32:07 PM",131,131,"Chicken Parmesan",Italian,17.95
3341,1477,2023-01-25,"5:08:54 PM",131,131,"Chicken Parmesan",Italian,17.95
3360,1485,2023-01-25,"7:05:15 PM",131,131,"Chicken Parmesan",Italian,17.95
3364,1488,2023-01-25,"7:49:28 PM",131,131,"Chicken Parmesan",Italian,17.95
3464,1535,2023-01-26,"4:38:21 PM",131,131,"Chicken Parmesan",Italian,17.95
3471,1538,2023-01-26,"5:06:36 PM",131,131,"Chicken Parmesan",Italian,17.95
3489,1547,2023-01-26,"8:58:38 PM",131,131,"Chicken Parmesan",Italian,17.95
3522,1566,2023-01-27,"1:23:02 PM",131,131,"Chicken Parmesan",Italian,17.95
3529,1568,2023-01-27,"1:38:46 PM",131,131,"Chicken Parmesan",Italian,17.95
3551,1574,2023-01-27,"3:32:22 PM",131,131,"Chicken Parmesan",Italian,17.95
3578,1586,2023-01-27,"5:15:31 PM",131,131,"Chicken Parmesan",Italian,17.95
3580,1588,2023-01-27,"5:29:19 PM",131,131,"Chicken Parmesan",Italian,17.95
3663,1628,2023-01-28,"12:16:39 PM",131,131,"Chicken Parmesan",Italian,17.95
3674,1632,2023-01-28,"12:20:31 PM",131,131,"Chicken Parmesan",Italian,17.95
3686,1638,2023-01-28,"1:34:25 PM",131,131,"Chicken Parmesan",Italian,17.95
3696,1640,2023-01-28,"1:45:42 PM",131,131,"Chicken Parmesan",Italian,17.95
3735,1656,2023-01-28,"6:15:57 PM",131,131,"Chicken Parmesan",Italian,17.95
3738,1657,2023-01-28,"6:24:14 PM",131,131,"Chicken Parmesan",Italian,17.95
3811,1689,2023-01-29,"1:51:07 PM",131,131,"Chicken Parmesan",Italian,17.95
3953,1759,2023-01-30,"5:49:25 PM",131,131,"Chicken Parmesan",Italian,17.95
3973,1771,2023-01-30,"7:46:17 PM",131,131,"Chicken Parmesan",Italian,17.95
4064,1807,2023-01-31,"4:07:02 PM",131,131,"Chicken Parmesan",Italian,17.95
4098,1821,2023-01-31,"6:14:53 PM",131,131,"Chicken Parmesan",Italian,17.95
4175,1851,2023-02-01,"11:49:01 AM",131,131,"Chicken Parmesan",Italian,17.95
4186,1855,2023-02-01,"12:28:09 PM",131,131,"Chicken Parmesan",Italian,17.95
4297,1907,2023-02-01,"6:25:35 PM",131,131,"Chicken Parmesan",Italian,17.95
4327,1924,2023-02-01,"8:40:02 PM",131,131,"Chicken Parmesan",Italian,17.95
4365,1945,2023-02-02,"12:50:14 PM",131,131,"Chicken Parmesan",Italian,17.95
4399,1957,2023-02-02,"2:50:01 PM",131,131,"Chicken Parmesan",Italian,17.95
4400,1957,2023-02-02,"2:50:01 PM",131,131,"Chicken Parmesan",Italian,17.95
4427,1967,2023-02-02,"4:41:43 PM",131,131,"Chicken Parmesan",Italian,17.95
4464,1986,2023-02-02,"8:07:17 PM",131,131,"Chicken Parmesan",Italian,17.95
4492,1998,2023-02-03,"11:47:03 AM",131,131,"Chicken Parmesan",Italian,17.95
4520,2002,2023-02-03,"12:21:10 PM",131,131,"Chicken Parmesan",Italian,17.95
4534,2007,2023-02-03,"12:37:21 PM",131,131,"Chicken Parmesan",Italian,17.95
4540,2010,2023-02-03,"1:00:41 PM",131,131,"Chicken Parmesan",Italian,17.95
4572,2024,2023-02-03,"4:04:02 PM",131,131,"Chicken Parmesan",Italian,17.95
4577,2027,2023-02-03,"4:20:30 PM",131,131,"Chicken Parmesan",Italian,17.95
4613,2047,2023-02-03,"6:47:08 PM",131,131,"Chicken Parmesan",Italian,17.95
4665,2069,2023-02-04,"12:58:32 PM",131,131,"Chicken Parmesan",Italian,17.95
4698,2078,2023-02-04,"2:49:29 PM",131,131,"Chicken Parmesan",Italian,17.95
4720,2090,2023-02-04,"5:17:07 PM",131,131,"Chicken Parmesan",Italian,17.95
4756,2106,2023-02-04,"8:54:54 PM",131,131,"Chicken Parmesan",Italian,17.95
4762,2108,2023-02-04,"9:05:07 PM",131,131,"Chicken Parmesan",Italian,17.95
4816,2129,2023-02-05,"1:48:38 PM",131,131,"Chicken Parmesan",Italian,17.95
4823,2133,2023-02-05,"2:18:52 PM",131,131,"Chicken Parmesan",Italian,17.95
4826,2134,2023-02-05,"2:36:32 PM",131,131,"Chicken Parmesan",Italian,17.95
4850,2145,2023-02-05,"5:57:12 PM",131,131,"Chicken Parmesan",Italian,17.95
4953,2188,2023-02-06,"1:13:33 PM",131,131,"Chicken Parmesan",Italian,17.95
4959,2191,2023-02-06,"1:19:59 PM",131,131,"Chicken Parmesan",Italian,17.95
4982,2202,2023-02-06,"3:31:14 PM",131,131,"Chicken Parmesan",Italian,17.95
4986,2203,2023-02-06,"4:11:41 PM",131,131,"Chicken Parmesan",Italian,17.95
5015,2218,2023-02-06,"6:29:00 PM",131,131,"Chicken Parmesan",Italian,17.95
5039,2231,2023-02-06,"8:42:58 PM",131,131,"Chicken Parmesan",Italian,17.95
5061,2241,2023-02-07,"11:40:43 AM",131,131,"Chicken Parmesan",Italian,17.95
5108,2260,2023-02-07,"3:43:28 PM",131,131,"Chicken Parmesan",Italian,17.95
5115,2264,2023-02-07,"4:46:03 PM",131,131,"Chicken Parmesan",Italian,17.95
5120,2266,2023-02-07,"5:20:38 PM",131,131,"Chicken Parmesan",Italian,17.95
5133,2272,2023-02-07,"6:17:46 PM",131,131,"Chicken Parmesan",Italian,17.95
5145,2278,2023-02-07,"7:02:51 PM",131,131,"Chicken Parmesan",Italian,17.95
5151,2280,2023-02-07,"7:14:00 PM",131,131,"Chicken Parmesan",Italian,17.95
5152,2281,2023-02-07,"7:15:58 PM",131,131,"Chicken Parmesan",Italian,17.95
5168,2289,2023-02-07,"8:29:43 PM",131,131,"Chicken Parmesan",Italian,17.95
5205,2307,2023-02-08,"12:51:06 PM",131,131,"Chicken Parmesan",Italian,17.95
5219,2311,2023-02-08,"1:38:52 PM",131,131,"Chicken Parmesan",Italian,17.95
5262,2331,2023-02-08,"5:20:08 PM",131,131,"Chicken Parmesan",Italian,17.95
5347,2367,2023-02-09,"1:08:29 PM",131,131,"Chicken Parmesan",Italian,17.95
5436,2401,2023-02-09,"7:33:50 PM",131,131,"Chicken Parmesan",Italian,17.95
5441,2403,2023-02-09,"7:54:24 PM",131,131,"Chicken Parmesan",Italian,17.95
5472,2420,2023-02-10,"12:43:17 PM",131,131,"Chicken Parmesan",Italian,17.95
5489,2429,2023-02-10,"1:49:59 PM",131,131,"Chicken Parmesan",Italian,17.95
5549,2455,2023-02-10,"7:07:28 PM",131,131,"Chicken Parmesan",Italian,17.95
5613,2486,2023-02-11,"1:30:45 PM",131,131,"Chicken Parmesan",Italian,17.95
5683,2518,2023-02-11,"7:02:19 PM",131,131,"Chicken Parmesan",Italian,17.95
5740,2545,2023-02-12,"12:12:17 PM",131,131,"Chicken Parmesan",Italian,17.95
5832,2586,2023-02-12,"7:04:06 PM",131,131,"Chicken Parmesan",Italian,17.95
5911,2619,2023-02-13,"2:53:46 PM",131,131,"Chicken Parmesan",Italian,17.95
5916,2622,2023-02-13,"4:06:27 PM",131,131,"Chicken Parmesan",Italian,17.95
5923,2625,2023-02-13,"4:23:52 PM",131,131,"Chicken Parmesan",Italian,17.95
6055,2685,2023-02-14,"5:15:58 PM",131,131,"Chicken Parmesan",Italian,17.95
6189,2737,2023-02-15,"3:19:05 PM",131,131,"Chicken Parmesan",Italian,17.95
6200,2744,2023-02-15,"5:01:46 PM",131,131,"Chicken Parmesan",Italian,17.95
6239,2761,2023-02-15,"6:50:06 PM",131,131,"Chicken Parmesan",Italian,17.95
6241,2762,2023-02-15,"6:54:43 PM",131,131,"Chicken Parmesan",Italian,17.95
6267,2773,2023-02-15,"9:02:35 PM",131,131,"Chicken Parmesan",Italian,17.95
6342,2804,2023-02-16,"4:43:53 PM",131,131,"Chicken Parmesan",Italian,17.95
6362,2812,2023-02-16,"6:13:00 PM",131,131,"Chicken Parmesan",Italian,17.95
6384,2823,2023-02-16,"7:53:49 PM",131,131,"Chicken Parmesan",Italian,17.95
6432,2847,2023-02-17,"2:00:42 PM",131,131,"Chicken Parmesan",Italian,17.95
6447,2851,2023-02-17,"2:23:26 PM",131,131,"Chicken Parmesan",Italian,17.95
6527,2889,2023-02-18,"11:22:20 AM",131,131,"Chicken Parmesan",Italian,17.95
6569,2905,2023-02-18,"1:32:59 PM",131,131,"Chicken Parmesan",Italian,17.95
6571,2906,2023-02-18,"1:34:49 PM",131,131,"Chicken Parmesan",Italian,17.95
6602,2919,2023-02-18,"5:07:38 PM",131,131,"Chicken Parmesan",Italian,17.95
6678,2947,2023-02-18,"10:15:02 PM",131,131,"Chicken Parmesan",Italian,17.95
6699,2956,2023-02-19,"12:33:38 PM",131,131,"Chicken Parmesan",Italian,17.95
6719,2961,2023-02-19,"1:13:54 PM",131,131,"Chicken Parmesan",Italian,17.95
6770,2988,2023-02-19,"5:42:25 PM",131,131,"Chicken Parmesan",Italian,17.95
6782,2996,2023-02-19,"7:05:53 PM",131,131,"Chicken Parmesan",Italian,17.95
6837,3018,2023-02-20,"1:12:40 PM",131,131,"Chicken Parmesan",Italian,17.95
6926,3055,2023-02-20,"6:42:15 PM",131,131,"Chicken Parmesan",Italian,17.95
6937,3061,2023-02-20,"7:42:12 PM",131,131,"Chicken Parmesan",Italian,17.95
7079,3124,2023-02-21,"7:59:20 PM",131,131,"Chicken Parmesan",Italian,17.95
7107,3136,2023-02-22,"12:39:19 PM",131,131,"Chicken Parmesan",Italian,17.95
7124,3142,2023-02-22,"2:17:17 PM",131,131,"Chicken Parmesan",Italian,17.95
7148,3151,2023-02-22,"4:34:34 PM",131,131,"Chicken Parmesan",Italian,17.95
7187,3169,2023-02-22,"9:50:42 PM",131,131,"Chicken Parmesan",Italian,17.95
7233,3187,2023-02-23,"1:27:18 PM",131,131,"Chicken Parmesan",Italian,17.95
7268,3202,2023-02-23,"5:22:50 PM",131,131,"Chicken Parmesan",Italian,17.95
7288,3210,2023-02-23,"6:05:29 PM",131,131,"Chicken Parmesan",Italian,17.95
7409,3264,2023-02-24,"6:19:39 PM",131,131,"Chicken Parmesan",Italian,17.95
7494,3299,2023-02-25,"1:08:59 PM",131,131,"Chicken Parmesan",Italian,17.95
7496,3301,2023-02-25,"1:18:01 PM",131,131,"Chicken Parmesan",Italian,17.95
7506,3304,2023-02-25,"1:36:09 PM",131,131,"Chicken Parmesan",Italian,17.95
7518,3310,2023-02-25,"3:39:00 PM",131,131,"Chicken Parmesan",Italian,17.95
7530,3315,2023-02-25,"4:28:11 PM",131,131,"Chicken Parmesan",Italian,17.95
7542,3321,2023-02-25,"5:22:08 PM",131,131,"Chicken Parmesan",Italian,17.95
7571,3336,2023-02-25,"8:13:37 PM",131,131,"Chicken Parmesan",Italian,17.95
7604,3353,2023-02-26,"12:39:02 PM",131,131,"Chicken Parmesan",Italian,17.95
7644,3364,2023-02-26,"1:56:18 PM",131,131,"Chicken Parmesan",Italian,17.95
7656,3370,2023-02-26,"3:39:19 PM",131,131,"Chicken Parmesan",Italian,17.95
7685,3384,2023-02-26,"5:37:19 PM",131,131,"Chicken Parmesan",Italian,17.95
7690,3386,2023-02-26,"5:50:20 PM",131,131,"Chicken Parmesan",Italian,17.95
7695,3388,2023-02-26,"5:53:56 PM",131,131,"Chicken Parmesan",Italian,17.95
7815,3436,2023-02-27,"5:09:56 PM",131,131,"Chicken Parmesan",Italian,17.95
7816,3436,2023-02-27,"5:09:56 PM",131,131,"Chicken Parmesan",Italian,17.95
7943,3490,2023-02-28,"3:26:21 PM",131,131,"Chicken Parmesan",Italian,17.95
7955,3495,2023-02-28,"4:55:06 PM",131,131,"Chicken Parmesan",Italian,17.95
8028,3522,2023-02-28,"9:03:34 PM",131,131,"Chicken Parmesan",Italian,17.95
8035,3525,2023-02-28,"9:21:02 PM",131,131,"Chicken Parmesan",Italian,17.95
8065,3538,2023-03-01,"1:25:47 PM",131,131,"Chicken Parmesan",Italian,17.95
8070,3539,2023-03-01,"2:08:51 PM",131,131,"Chicken Parmesan",Italian,17.95
8071,3539,2023-03-01,"2:08:51 PM",131,131,"Chicken Parmesan",Italian,17.95
8079,3545,2023-03-01,"3:10:04 PM",131,131,"Chicken Parmesan",Italian,17.95
8121,3565,2023-03-01,"7:01:34 PM",131,131,"Chicken Parmesan",Italian,17.95
8164,3583,2023-03-02,"12:07:16 PM",131,131,"Chicken Parmesan",Italian,17.95
8172,3587,2023-03-02,"12:39:13 PM",131,131,"Chicken Parmesan",Italian,17.95
8197,3597,2023-03-02,"1:43:07 PM",131,131,"Chicken Parmesan",Italian,17.95
8213,3607,2023-03-02,"3:43:31 PM",131,131,"Chicken Parmesan",Italian,17.95
8270,3630,2023-03-02,"7:34:40 PM",131,131,"Chicken Parmesan",Italian,17.95
8301,3646,2023-03-03,"12:57:32 PM",131,131,"Chicken Parmesan",Italian,17.95
8307,3649,2023-03-03,"1:07:20 PM",131,131,"Chicken Parmesan",Italian,17.95
8334,3656,2023-03-03,"1:41:05 PM",131,131,"Chicken Parmesan",Italian,17.95
8384,3673,2023-03-03,"5:48:45 PM",131,131,"Chicken Parmesan",Italian,17.95
8389,3675,2023-03-03,"6:18:27 PM",131,131,"Chicken Parmesan",Italian,17.95
8451,3702,2023-03-04,"12:53:29 PM",131,131,"Chicken Parmesan",Italian,17.95
8491,3718,2023-03-04,"3:57:13 PM",131,131,"Chicken Parmesan",Italian,17.95
8537,3736,2023-03-04,"6:27:05 PM",131,131,"Chicken Parmesan",Italian,17.95
8663,3795,2023-03-05,"5:11:05 PM",131,131,"Chicken Parmesan",Italian,17.95
8711,3818,2023-03-06,"12:19:00 PM",131,131,"Chicken Parmesan",Italian,17.95
8726,3825,2023-03-06,"12:39:17 PM",131,131,"Chicken Parmesan",Italian,17.95
8757,3840,2023-03-06,"3:18:05 PM",131,131,"Chicken Parmesan",Italian,17.95
8770,3846,2023-03-06,"4:14:40 PM",131,131,"Chicken Parmesan",Italian,17.95
8867,3886,2023-03-07,"12:23:20 PM",131,131,"Chicken Parmesan",Italian,17.95
8873,3887,2023-03-07,"12:24:10 PM",131,131,"Chicken Parmesan",Italian,17.95
8874,3887,2023-03-07,"12:24:10 PM",131,131,"Chicken Parmesan",Italian,17.95
8911,3904,2023-03-07,"5:22:07 PM",131,131,"Chicken Parmesan",Italian,17.95
8969,3929,2023-03-07,"9:13:37 PM",131,131,"Chicken Parmesan",Italian,17.95
8983,3936,2023-03-07,"10:59:17 PM",131,131,"Chicken Parmesan",Italian,17.95
8986,3937,2023-03-07,"11:02:35 PM",131,131,"Chicken Parmesan",Italian,17.95
9037,3963,2023-03-08,"3:59:35 PM",131,131,"Chicken Parmesan",Italian,17.95
9039,3964,2023-03-08,"4:16:42 PM",131,131,"Chicken Parmesan",Italian,17.95
9182,4022,2023-03-09,"4:15:29 PM",131,131,"Chicken Parmesan",Italian,17.95
9191,4026,2023-03-09,"4:46:41 PM",131,131,"Chicken Parmesan",Italian,17.95
9211,4035,2023-03-09,"5:54:50 PM",131,131,"Chicken Parmesan",Italian,17.95
9285,4067,2023-03-10,"12:53:35 PM",131,131,"Chicken Parmesan",Italian,17.95
9289,4068,2023-03-10,"12:56:40 PM",131,131,"Chicken Parmesan",Italian,17.95
9297,4072,2023-03-10,"1:19:51 PM",131,131,"Chicken Parmesan",Italian,17.95
9424,4124,2023-03-11,"12:54:05 PM",131,131,"Chicken Parmesan",Italian,17.95
9455,4137,2023-03-11,"2:33:39 PM",131,131,"Chicken Parmesan",Italian,17.95
9468,4145,2023-03-11,"4:23:58 PM",131,131,"Chicken Parmesan",Italian,17.95
9482,4151,2023-03-11,"4:49:53 PM",131,131,"Chicken Parmesan",Italian,17.95
9521,4170,2023-03-11,"8:01:57 PM",131,131,"Chicken Parmesan",Italian,17.95
9559,4186,2023-03-12,"12:38:05 PM",131,131,"Chicken Parmesan",Italian,17.95
9582,4198,2023-03-12,"3:38:35 PM",131,131,"Chicken Parmesan",Italian,17.95
9588,4201,2023-03-12,"3:50:03 PM",131,131,"Chicken Parmesan",Italian,17.95
9672,4235,2023-03-13,"12:43:20 PM",131,131,"Chicken Parmesan",Italian,17.95
9699,4247,2023-03-13,"2:34:24 PM",131,131,"Chicken Parmesan",Italian,17.95
9766,4276,2023-03-13,"7:26:19 PM",131,131,"Chicken Parmesan",Italian,17.95
9796,4290,2023-03-13,"8:51:32 PM",131,131,"Chicken Parmesan",Italian,17.95
9800,4292,2023-03-13,"9:02:53 PM",131,131,"Chicken Parmesan",Italian,17.95
9805,4294,2023-03-13,"9:14:47 PM",131,131,"Chicken Parmesan",Italian,17.95
9809,4295,2023-03-13,"9:31:23 PM",131,131,"Chicken Parmesan",Italian,17.95
9814,4297,2023-03-13,"10:06:21 PM",131,131,"Chicken Parmesan",Italian,17.95
9837,4305,2023-03-14,"1:09:20 PM",131,131,"Chicken Parmesan",Italian,17.95
9870,4319,2023-03-14,"4:10:40 PM",131,131,"Chicken Parmesan",Italian,17.95
9896,4333,2023-03-14,"6:18:59 PM",131,131,"Chicken Parmesan",Italian,17.95
9933,4351,2023-03-14,"9:05:17 PM",131,131,"Chicken Parmesan",Italian,17.95
9964,4363,2023-03-15,"1:41:43 PM",131,131,"Chicken Parmesan",Italian,17.95
9973,4364,2023-03-15,"1:43:32 PM",131,131,"Chicken Parmesan",Italian,17.95
9981,4369,2023-03-15,"3:05:40 PM",131,131,"Chicken Parmesan",Italian,17.95
10006,4380,2023-03-15,"4:14:57 PM",131,131,"Chicken Parmesan",Italian,17.95
10040,4393,2023-03-15,"6:48:37 PM",131,131,"Chicken Parmesan",Italian,17.95
10045,4395,2023-03-15,"7:02:12 PM",131,131,"Chicken Parmesan",Italian,17.95
10083,4416,2023-03-16,"12:33:50 PM",131,131,"Chicken Parmesan",Italian,17.95
10099,4422,2023-03-16,"1:14:57 PM",131,131,"Chicken Parmesan",Italian,17.95
10108,4423,2023-03-16,"1:25:45 PM",131,131,"Chicken Parmesan",Italian,17.95
10109,4423,2023-03-16,"1:25:45 PM",131,131,"Chicken Parmesan",Italian,17.95
10138,4439,2023-03-16,"4:47:29 PM",131,131,"Chicken Parmesan",Italian,17.95
10160,4448,2023-03-16,"5:47:46 PM",131,131,"Chicken Parmesan",Italian,17.95
10173,4456,2023-03-16,"6:33:20 PM",131,131,"Chicken Parmesan",Italian,17.95
10174,4456,2023-03-16,"6:33:20 PM",131,131,"Chicken Parmesan",Italian,17.95
10205,4470,2023-03-17,"11:40:42 AM",131,131,"Chicken Parmesan",Italian,17.95
10208,4471,2023-03-17,"11:43:47 AM",131,131,"Chicken Parmesan",Italian,17.95
10222,4478,2023-03-17,"1:13:09 PM",131,131,"Chicken Parmesan",Italian,17.95
10232,4479,2023-03-17,"1:33:20 PM",131,131,"Chicken Parmesan",Italian,17.95
10259,4487,2023-03-17,"2:41:19 PM",131,131,"Chicken Parmesan",Italian,17.95
10272,4493,2023-03-17,"4:05:41 PM",131,131,"Chicken Parmesan",Italian,17.95
10335,4521,2023-03-17,"7:18:43 PM",131,131,"Chicken Parmesan",Italian,17.95
10344,4525,2023-03-17,"7:35:19 PM",131,131,"Chicken Parmesan",Italian,17.95
10367,4534,2023-03-17,"8:45:20 PM",131,131,"Chicken Parmesan",Italian,17.95
10381,4542,2023-03-18,"11:37:55 AM",131,131,"Chicken Parmesan",Italian,17.95
10466,4584,2023-03-18,"6:55:30 PM",131,131,"Chicken Parmesan",Italian,17.95
10468,4586,2023-03-18,"7:01:59 PM",131,131,"Chicken Parmesan",Italian,17.95
10526,4612,2023-03-19,"12:27:44 PM",131,131,"Chicken Parmesan",Italian,17.95
10527,4613,2023-03-19,"12:57:29 PM",131,131,"Chicken Parmesan",Italian,17.95
10530,4615,2023-03-19,"1:04:55 PM",131,131,"Chicken Parmesan",Italian,17.95
10531,4616,2023-03-19,"1:06:44 PM",131,131,"Chicken Parmesan",Italian,17.95
10578,4631,2023-03-19,"5:20:17 PM",131,131,"Chicken Parmesan",Italian,17.95
10644,4661,2023-03-20,"11:33:30 AM",131,131,"Chicken Parmesan",Italian,17.95
10666,4667,2023-03-20,"12:52:56 PM",131,131,"Chicken Parmesan",Italian,17.95
10679,4671,2023-03-20,"1:02:39 PM",131,131,"Chicken Parmesan",Italian,17.95
10700,4685,2023-03-20,"3:40:29 PM",131,131,"Chicken Parmesan",Italian,17.95
10718,4694,2023-03-20,"5:38:33 PM",131,131,"Chicken Parmesan",Italian,17.95
10745,4707,2023-03-20,"7:27:09 PM",131,131,"Chicken Parmesan",Italian,17.95
10774,4721,2023-03-20,"9:37:57 PM",131,131,"Chicken Parmesan",Italian,17.95
10816,4733,2023-03-21,"1:08:31 PM",131,131,"Chicken Parmesan",Italian,17.95
10848,4748,2023-03-21,"2:40:36 PM",131,131,"Chicken Parmesan",Italian,17.95
10924,4783,2023-03-22,"12:01:30 PM",131,131,"Chicken Parmesan",Italian,17.95
10997,4819,2023-03-22,"9:58:31 PM",131,131,"Chicken Parmesan",Italian,17.95
11057,4841,2023-03-23,"1:45:24 PM",131,131,"Chicken Parmesan",Italian,17.95
11086,4857,2023-03-23,"5:10:42 PM",131,131,"Chicken Parmesan",Italian,17.95
11132,4881,2023-03-24,"11:16:40 AM",131,131,"Chicken Parmesan",Italian,17.95
11158,4893,2023-03-24,"12:53:26 PM",131,131,"Chicken Parmesan",Italian,17.95
11256,4940,2023-03-24,"10:20:25 PM",131,131,"Chicken Parmesan",Italian,17.95
11302,4965,2023-03-25,"4:12:29 PM",131,131,"Chicken Parmesan",Italian,17.95
11345,4981,2023-03-25,"7:12:01 PM",131,131,"Chicken Parmesan",Italian,17.95
11432,5022,2023-03-26,"2:23:37 PM",131,131,"Chicken Parmesan",Italian,17.95
11500,5057,2023-03-26,"8:08:07 PM",131,131,"Chicken Parmesan",Italian,17.95
11504,5058,2023-03-26,"8:21:14 PM",131,131,"Chicken Parmesan",Italian,17.95
11526,5066,2023-03-27,"12:20:59 PM",131,131,"Chicken Parmesan",Italian,17.95
11543,5076,2023-03-27,"1:12:12 PM",131,131,"Chicken Parmesan",Italian,17.95
11592,5096,2023-03-27,"5:28:05 PM",131,131,"Chicken Parmesan",Italian,17.95
11612,5105,2023-03-27,"5:56:55 PM",131,131,"Chicken Parmesan",Italian,17.95
11613,5106,2023-03-27,"6:04:24 PM",131,131,"Chicken Parmesan",Italian,17.95
11623,5109,2023-03-27,"6:19:24 PM",131,131,"Chicken Parmesan",Italian,17.95
11664,5126,2023-03-27,"9:21:49 PM",131,131,"Chicken Parmesan",Italian,17.95
11676,5133,2023-03-28,"11:41:16 AM",131,131,"Chicken Parmesan",Italian,17.95
11695,5138,2023-03-28,"12:40:47 PM",131,131,"Chicken Parmesan",Italian,17.95
11706,5143,2023-03-28,"1:47:27 PM",131,131,"Chicken Parmesan",Italian,17.95
11722,5151,2023-03-28,"3:08:24 PM",131,131,"Chicken Parmesan",Italian,17.95
11762,5168,2023-03-28,"5:58:23 PM",131,131,"Chicken Parmesan",Italian,17.95
11797,5186,2023-03-28,"8:28:50 PM",131,131,"Chicken Parmesan",Italian,17.95
11822,5197,2023-03-29,"12:07:16 PM",131,131,"Chicken Parmesan",Italian,17.95
11837,5200,2023-03-29,"12:32:07 PM",131,131,"Chicken Parmesan",Italian,17.95
11854,5203,2023-03-29,"1:45:56 PM",131,131,"Chicken Parmesan",Italian,17.95
11870,5212,2023-03-29,"3:08:01 PM",131,131,"Chicken Parmesan",Italian,17.95
11886,5218,2023-03-29,"4:17:59 PM",131,131,"Chicken Parmesan",Italian,17.95
11980,5264,2023-03-30,"1:24:35 PM",131,131,"Chicken Parmesan",Italian,17.95
12003,5272,2023-03-30,"3:39:12 PM",131,131,"Chicken Parmesan",Italian,17.95
12013,5278,2023-03-30,"4:41:21 PM",131,131,"Chicken Parmesan",Italian,17.95
12039,5289,2023-03-30,"6:17:13 PM",131,131,"Chicken Parmesan",Italian,17.95
12175,5347,2023-03-31,"5:33:17 PM",131,131,"Chicken Parmesan",Italian,17.95
12202,5358,2023-03-31,"7:07:27 PM",131,131,"Chicken Parmesan",Italian,17.95
23,9,2023-01-01,"12:52:01 PM",132,132,"Eggplant Parmesan",Italian,16.95
70,26,2023-01-01,"2:54:26 PM",132,132,"Eggplant Parmesan",Italian,16.95
116,47,2023-01-01,"6:26:34 PM",132,132,"Eggplant Parmesan",Italian,16.95
195,82,2023-01-02,"12:45:51 PM",132,132,"Eggplant Parmesan",Italian,16.95
245,104,2023-01-02,"6:02:12 PM",132,132,"Eggplant Parmesan",Italian,16.95
254,107,2023-01-02,"6:25:09 PM",132,132,"Eggplant Parmesan",Italian,16.95
299,126,2023-01-02,"8:53:42 PM",132,132,"Eggplant Parmesan",Italian,16.95
319,135,2023-01-02,"10:29:34 PM",132,132,"Eggplant Parmesan",Italian,16.95
331,140,2023-01-03,"12:26:44 PM",132,132,"Eggplant Parmesan",Italian,16.95
341,143,2023-01-03,"1:41:36 PM",132,132,"Eggplant Parmesan",Italian,16.95
353,144,2023-01-03,"1:44:28 PM",132,132,"Eggplant Parmesan",Italian,16.95
400,168,2023-01-03,"5:02:27 PM",132,132,"Eggplant Parmesan",Italian,16.95
411,173,2023-01-03,"5:35:30 PM",132,132,"Eggplant Parmesan",Italian,16.95
424,179,2023-01-03,"6:20:14 PM",132,132,"Eggplant Parmesan",Italian,16.95
462,196,2023-01-03,"9:40:14 PM",132,132,"Eggplant Parmesan",Italian,16.95
559,242,2023-01-04,"8:15:29 PM",132,132,"Eggplant Parmesan",Italian,16.95
637,280,2023-01-05,"4:20:23 PM",132,132,"Eggplant Parmesan",Italian,16.95
659,290,2023-01-05,"5:41:16 PM",132,132,"Eggplant Parmesan",Italian,16.95
717,314,2023-01-06,"12:11:58 PM",132,132,"Eggplant Parmesan",Italian,16.95
743,325,2023-01-06,"1:07:32 PM",132,132,"Eggplant Parmesan",Italian,16.95
797,347,2023-01-06,"4:37:17 PM",132,132,"Eggplant Parmesan",Italian,16.95
813,354,2023-01-06,"6:01:44 PM",132,132,"Eggplant Parmesan",Italian,16.95
855,376,2023-01-07,"12:01:17 PM",132,132,"Eggplant Parmesan",Italian,16.95
864,382,2023-01-07,"12:33:07 PM",132,132,"Eggplant Parmesan",Italian,16.95
870,385,2023-01-07,"12:54:19 PM",132,132,"Eggplant Parmesan",Italian,16.95
884,388,2023-01-07,"1:04:56 PM",132,132,"Eggplant Parmesan",Italian,16.95
909,394,2023-01-07,"2:02:18 PM",132,132,"Eggplant Parmesan",Italian,16.95
922,401,2023-01-07,"4:08:35 PM",132,132,"Eggplant Parmesan",Italian,16.95
958,419,2023-01-07,"7:02:31 PM",132,132,"Eggplant Parmesan",Italian,16.95
986,432,2023-01-08,"11:39:07 AM",132,132,"Eggplant Parmesan",Italian,16.95
990,434,2023-01-08,"11:54:14 AM",132,132,"Eggplant Parmesan",Italian,16.95
999,438,2023-01-08,"12:08:38 PM",132,132,"Eggplant Parmesan",Italian,16.95
1016,440,2023-01-08,"12:16:34 PM",132,132,"Eggplant Parmesan",Italian,16.95
1082,470,2023-01-08,"3:49:13 PM",132,132,"Eggplant Parmesan",Italian,16.95
1095,476,2023-01-08,"5:27:56 PM",132,132,"Eggplant Parmesan",Italian,16.95
1119,488,2023-01-08,"6:46:02 PM",132,132,"Eggplant Parmesan",Italian,16.95
1140,497,2023-01-08,"7:49:26 PM",132,132,"Eggplant Parmesan",Italian,16.95
1176,516,2023-01-09,"1:09:09 PM",132,132,"Eggplant Parmesan",Italian,16.95
1270,563,2023-01-09,"10:19:03 PM",132,132,"Eggplant Parmesan",Italian,16.95
1305,577,2023-01-10,"1:45:00 PM",132,132,"Eggplant Parmesan",Italian,16.95
1328,589,2023-01-10,"5:12:39 PM",132,132,"Eggplant Parmesan",Italian,16.95
1385,616,2023-01-10,"8:20:10 PM",132,132,"Eggplant Parmesan",Italian,16.95
1404,624,2023-01-10,"9:22:44 PM",132,132,"Eggplant Parmesan",Italian,16.95
1414,628,2023-01-10,"10:47:17 PM",132,132,"Eggplant Parmesan",Italian,16.95
1438,637,2023-01-11,"12:44:10 PM",132,132,"Eggplant Parmesan",Italian,16.95
1480,656,2023-01-11,"4:44:49 PM",132,132,"Eggplant Parmesan",Italian,16.95
1485,658,2023-01-11,"4:55:24 PM",132,132,"Eggplant Parmesan",Italian,16.95
1521,676,2023-01-11,"7:44:57 PM",132,132,"Eggplant Parmesan",Italian,16.95
1639,731,2023-01-12,"7:27:47 PM",132,132,"Eggplant Parmesan",Italian,16.95
1650,736,2023-01-12,"9:35:14 PM",132,132,"Eggplant Parmesan",Italian,16.95
1680,746,2023-01-13,"1:41:13 PM",132,132,"Eggplant Parmesan",Italian,16.95
1690,751,2023-01-13,"3:07:35 PM",132,132,"Eggplant Parmesan",Italian,16.95
1703,756,2023-01-13,"3:55:11 PM",132,132,"Eggplant Parmesan",Italian,16.95
1707,757,2023-01-13,"4:10:34 PM",132,132,"Eggplant Parmesan",Italian,16.95
1761,781,2023-01-13,"8:31:17 PM",132,132,"Eggplant Parmesan",Italian,16.95
1766,783,2023-01-13,"9:17:08 PM",132,132,"Eggplant Parmesan",Italian,16.95
1785,792,2023-01-14,"12:37:48 PM",132,132,"Eggplant Parmesan",Italian,16.95
1792,797,2023-01-14,"12:50:01 PM",132,132,"Eggplant Parmesan",Italian,16.95
1829,811,2023-01-14,"2:48:56 PM",132,132,"Eggplant Parmesan",Italian,16.95
1835,814,2023-01-14,"4:21:23 PM",132,132,"Eggplant Parmesan",Italian,16.95
1838,816,2023-01-14,"5:04:08 PM",132,132,"Eggplant Parmesan",Italian,16.95
1897,838,2023-01-14,"8:33:57 PM",132,132,"Eggplant Parmesan",Italian,16.95
1905,844,2023-01-14,"9:36:58 PM",132,132,"Eggplant Parmesan",Italian,16.95
1930,855,2023-01-15,"12:56:54 PM",132,132,"Eggplant Parmesan",Italian,16.95
1935,858,2023-01-15,"1:03:42 PM",132,132,"Eggplant Parmesan",Italian,16.95
1953,864,2023-01-15,"2:04:23 PM",132,132,"Eggplant Parmesan",Italian,16.95
1976,879,2023-01-15,"4:12:57 PM",132,132,"Eggplant Parmesan",Italian,16.95
2029,905,2023-01-15,"8:12:06 PM",132,132,"Eggplant Parmesan",Italian,16.95
2040,910,2023-01-16,"11:25:40 AM",132,132,"Eggplant Parmesan",Italian,16.95
2045,914,2023-01-16,"12:14:22 PM",132,132,"Eggplant Parmesan",Italian,16.95
2072,925,2023-01-16,"1:42:47 PM",132,132,"Eggplant Parmesan",Italian,16.95
2076,926,2023-01-16,"1:51:38 PM",132,132,"Eggplant Parmesan",Italian,16.95
2133,948,2023-01-16,"6:42:17 PM",132,132,"Eggplant Parmesan",Italian,16.95
2135,949,2023-01-16,"6:52:18 PM",132,132,"Eggplant Parmesan",Italian,16.95
2221,986,2023-01-17,"2:35:25 PM",132,132,"Eggplant Parmesan",Italian,16.95
2258,1006,2023-01-17,"6:28:12 PM",132,132,"Eggplant Parmesan",Italian,16.95
2259,1007,2023-01-17,"6:35:22 PM",132,132,"Eggplant Parmesan",Italian,16.95
2300,1025,2023-01-17,"9:49:00 PM",132,132,"Eggplant Parmesan",Italian,16.95
2357,1048,2023-01-18,"2:53:25 PM",132,132,"Eggplant Parmesan",Italian,16.95
2392,1065,2023-01-18,"5:48:16 PM",132,132,"Eggplant Parmesan",Italian,16.95
2481,1096,2023-01-19,"12:56:45 PM",132,132,"Eggplant Parmesan",Italian,16.95
2545,1127,2023-01-19,"6:53:52 PM",132,132,"Eggplant Parmesan",Italian,16.95
2567,1136,2023-01-19,"9:59:06 PM",132,132,"Eggplant Parmesan",Italian,16.95
2569,1137,2023-01-19,"10:13:28 PM",132,132,"Eggplant Parmesan",Italian,16.95
2641,1164,2023-01-20,"3:13:31 PM",132,132,"Eggplant Parmesan",Italian,16.95
2644,1166,2023-01-20,"3:25:08 PM",132,132,"Eggplant Parmesan",Italian,16.95
2646,1168,2023-01-20,"3:58:05 PM",132,132,"Eggplant Parmesan",Italian,16.95
2655,1173,2023-01-20,"4:57:05 PM",132,132,"Eggplant Parmesan",Italian,16.95
2694,1193,2023-01-20,"8:26:22 PM",132,132,"Eggplant Parmesan",Italian,16.95
2714,1204,2023-01-21,"12:23:38 PM",132,132,"Eggplant Parmesan",Italian,16.95
2715,1205,2023-01-21,"12:29:13 PM",132,132,"Eggplant Parmesan",Italian,16.95
2730,1209,2023-01-21,"1:13:52 PM",132,132,"Eggplant Parmesan",Italian,16.95
2746,1214,2023-01-21,"2:00:05 PM",132,132,"Eggplant Parmesan",Italian,16.95
2747,1214,2023-01-21,"2:00:05 PM",132,132,"Eggplant Parmesan",Italian,16.95
2758,1219,2023-01-21,"3:13:10 PM",132,132,"Eggplant Parmesan",Italian,16.95
2786,1232,2023-01-21,"4:50:36 PM",132,132,"Eggplant Parmesan",Italian,16.95
2806,1240,2023-01-21,"6:40:50 PM",132,132,"Eggplant Parmesan",Italian,16.95
2842,1255,2023-01-22,"12:05:34 PM",132,132,"Eggplant Parmesan",Italian,16.95
2846,1257,2023-01-22,"12:07:53 PM",132,132,"Eggplant Parmesan",Italian,16.95
2849,1260,2023-01-22,"12:31:07 PM",132,132,"Eggplant Parmesan",Italian,16.95
2868,1265,2023-01-22,"12:59:26 PM",132,132,"Eggplant Parmesan",Italian,16.95
2876,1270,2023-01-22,"1:12:15 PM",132,132,"Eggplant Parmesan",Italian,16.95
2895,1274,2023-01-22,"1:24:14 PM",132,132,"Eggplant Parmesan",Italian,16.95
2979,1314,2023-01-22,"8:40:55 PM",132,132,"Eggplant Parmesan",Italian,16.95
3055,1349,2023-01-23,"4:03:08 PM",132,132,"Eggplant Parmesan",Italian,16.95
3082,1363,2023-01-23,"5:46:45 PM",132,132,"Eggplant Parmesan",Italian,16.95
3130,1384,2023-01-23,"8:31:01 PM",132,132,"Eggplant Parmesan",Italian,16.95
3203,1419,2023-01-24,"6:07:48 PM",132,132,"Eggplant Parmesan",Italian,16.95
3214,1424,2023-01-24,"6:43:24 PM",132,132,"Eggplant Parmesan",Italian,16.95
3223,1428,2023-01-24,"7:33:57 PM",132,132,"Eggplant Parmesan",Italian,16.95
3250,1439,2023-01-24,"7:56:32 PM",132,132,"Eggplant Parmesan",Italian,16.95
3257,1442,2023-01-24,"8:21:20 PM",132,132,"Eggplant Parmesan",Italian,16.95
3299,1457,2023-01-25,"1:35:53 PM",132,132,"Eggplant Parmesan",Italian,16.95
3331,1472,2023-01-25,"4:32:36 PM",132,132,"Eggplant Parmesan",Italian,16.95
3369,1490,2023-01-25,"8:07:13 PM",132,132,"Eggplant Parmesan",Italian,16.95
3378,1494,2023-01-25,"9:01:50 PM",132,132,"Eggplant Parmesan",Italian,16.95
3412,1505,2023-01-26,"12:47:34 PM",132,132,"Eggplant Parmesan",Italian,16.95
3443,1524,2023-01-26,"2:47:17 PM",132,132,"Eggplant Parmesan",Italian,16.95
3501,1555,2023-01-27,"12:07:54 PM",132,132,"Eggplant Parmesan",Italian,16.95
3506,1558,2023-01-27,"12:27:55 PM",132,132,"Eggplant Parmesan",Italian,16.95
3563,1580,2023-01-27,"4:27:31 PM",132,132,"Eggplant Parmesan",Italian,16.95
3624,1608,2023-01-27,"8:10:32 PM",132,132,"Eggplant Parmesan",Italian,16.95
3637,1613,2023-01-27,"9:05:59 PM",132,132,"Eggplant Parmesan",Italian,16.95
3671,1631,2023-01-28,"12:20:11 PM",132,132,"Eggplant Parmesan",Italian,16.95
3680,1636,2023-01-28,"1:07:52 PM",132,132,"Eggplant Parmesan",Italian,16.95
3709,1645,2023-01-28,"3:16:01 PM",132,132,"Eggplant Parmesan",Italian,16.95
3725,1652,2023-01-28,"4:56:19 PM",132,132,"Eggplant Parmesan",Italian,16.95
3765,1670,2023-01-29,"11:52:11 AM",132,132,"Eggplant Parmesan",Italian,16.95
3807,1686,2023-01-29,"1:37:50 PM",132,132,"Eggplant Parmesan",Italian,16.95
3835,1704,2023-01-29,"6:15:40 PM",132,132,"Eggplant Parmesan",Italian,16.95
3856,1715,2023-01-29,"7:36:45 PM",132,132,"Eggplant Parmesan",Italian,16.95
3949,1758,2023-01-30,"5:38:25 PM",132,132,"Eggplant Parmesan",Italian,16.95
4003,1787,2023-01-30,"9:25:54 PM",132,132,"Eggplant Parmesan",Italian,16.95
4019,1793,2023-01-31,"11:44:04 AM",132,132,"Eggplant Parmesan",Italian,16.95
4051,1802,2023-01-31,"2:55:20 PM",132,132,"Eggplant Parmesan",Italian,16.95
4054,1803,2023-01-31,"3:12:38 PM",132,132,"Eggplant Parmesan",Italian,16.95
4066,1808,2023-01-31,"4:07:49 PM",132,132,"Eggplant Parmesan",Italian,16.95
4074,1812,2023-01-31,"5:13:55 PM",132,132,"Eggplant Parmesan",Italian,16.95
4076,1813,2023-01-31,"5:21:03 PM",132,132,"Eggplant Parmesan",Italian,16.95
4093,1819,2023-01-31,"6:06:26 PM",132,132,"Eggplant Parmesan",Italian,16.95
4132,1836,2023-01-31,"8:46:18 PM",132,132,"Eggplant Parmesan",Italian,16.95
4136,1837,2023-01-31,"8:56:35 PM",132,132,"Eggplant Parmesan",Italian,16.95
4156,1845,2023-01-31,"10:43:07 PM",132,132,"Eggplant Parmesan",Italian,16.95
4322,1922,2023-02-01,"8:09:20 PM",132,132,"Eggplant Parmesan",Italian,16.95
4357,1940,2023-02-02,"12:30:48 PM",132,132,"Eggplant Parmesan",Italian,16.95
4389,1956,2023-02-02,"2:36:07 PM",132,132,"Eggplant Parmesan",Italian,16.95
4402,1957,2023-02-02,"2:50:01 PM",132,132,"Eggplant Parmesan",Italian,16.95
4403,1957,2023-02-02,"2:50:01 PM",132,132,"Eggplant Parmesan",Italian,16.95
4415,1964,2023-02-02,"4:09:42 PM",132,132,"Eggplant Parmesan",Italian,16.95
4459,1984,2023-02-02,"7:50:13 PM",132,132,"Eggplant Parmesan",Italian,16.95
4465,1986,2023-02-02,"8:07:17 PM",132,132,"Eggplant Parmesan",Italian,16.95
4468,1987,2023-02-02,"8:09:54 PM",132,132,"Eggplant Parmesan",Italian,16.95
4473,1989,2023-02-02,"9:15:17 PM",132,132,"Eggplant Parmesan",Italian,16.95
4479,1993,2023-02-02,"10:07:29 PM",132,132,"Eggplant Parmesan",Italian,16.95
4512,2000,2023-02-03,"12:14:27 PM",132,132,"Eggplant Parmesan",Italian,16.95
4513,2000,2023-02-03,"12:14:27 PM",132,132,"Eggplant Parmesan",Italian,16.95
4544,2011,2023-02-03,"1:01:28 PM",132,132,"Eggplant Parmesan",Italian,16.95
4574,2025,2023-02-03,"4:11:01 PM",132,132,"Eggplant Parmesan",Italian,16.95
4590,2033,2023-02-03,"5:13:15 PM",132,132,"Eggplant Parmesan",Italian,16.95
4604,2042,2023-02-03,"6:01:43 PM",132,132,"Eggplant Parmesan",Italian,16.95
4617,2049,2023-02-03,"7:00:24 PM",132,132,"Eggplant Parmesan",Italian,16.95
4638,2056,2023-02-03,"9:05:04 PM",132,132,"Eggplant Parmesan",Italian,16.95
4658,2065,2023-02-04,"12:27:21 PM",132,132,"Eggplant Parmesan",Italian,16.95
4667,2070,2023-02-04,"1:00:47 PM",132,132,"Eggplant Parmesan",Italian,16.95
4692,2075,2023-02-04,"2:03:04 PM",132,132,"Eggplant Parmesan",Italian,16.95
4693,2075,2023-02-04,"2:03:04 PM",132,132,"Eggplant Parmesan",Italian,16.95
4809,2126,2023-02-05,"1:31:29 PM",132,132,"Eggplant Parmesan",Italian,16.95
4837,2138,2023-02-05,"3:08:13 PM",132,132,"Eggplant Parmesan",Italian,16.95
4892,2166,2023-02-05,"8:41:36 PM",132,132,"Eggplant Parmesan",Italian,16.95
4896,2169,2023-02-05,"9:23:02 PM",132,132,"Eggplant Parmesan",Italian,16.95
4998,2209,2023-02-06,"5:11:37 PM",132,132,"Eggplant Parmesan",Italian,16.95
5017,2219,2023-02-06,"6:41:54 PM",132,132,"Eggplant Parmesan",Italian,16.95
5022,2221,2023-02-06,"6:47:16 PM",132,132,"Eggplant Parmesan",Italian,16.95
5032,2227,2023-02-06,"7:43:48 PM",132,132,"Eggplant Parmesan",Italian,16.95
5047,2234,2023-02-06,"9:17:17 PM",132,132,"Eggplant Parmesan",Italian,16.95
5070,2244,2023-02-07,"12:24:36 PM",132,132,"Eggplant Parmesan",Italian,16.95
5082,2252,2023-02-07,"2:32:17 PM",132,132,"Eggplant Parmesan",Italian,16.95
5092,2254,2023-02-07,"3:00:58 PM",132,132,"Eggplant Parmesan",Italian,16.95
5099,2256,2023-02-07,"3:22:04 PM",132,132,"Eggplant Parmesan",Italian,16.95
5119,2265,2023-02-07,"5:05:42 PM",132,132,"Eggplant Parmesan",Italian,16.95
5137,2274,2023-02-07,"6:35:51 PM",132,132,"Eggplant Parmesan",Italian,16.95
5146,2278,2023-02-07,"7:02:51 PM",132,132,"Eggplant Parmesan",Italian,16.95
5283,2340,2023-02-08,"6:59:56 PM",132,132,"Eggplant Parmesan",Italian,16.95
5316,2354,2023-02-08,"10:36:28 PM",132,132,"Eggplant Parmesan",Italian,16.95
5322,2359,2023-02-09,"12:16:09 PM",132,132,"Eggplant Parmesan",Italian,16.95
5341,2364,2023-02-09,"12:52:36 PM",132,132,"Eggplant Parmesan",Italian,16.95
5375,2375,2023-02-09,"3:14:42 PM",132,132,"Eggplant Parmesan",Italian,16.95
5405,2387,2023-02-09,"5:38:39 PM",132,132,"Eggplant Parmesan",Italian,16.95
5415,2393,2023-02-09,"6:06:54 PM",132,132,"Eggplant Parmesan",Italian,16.95
5437,2401,2023-02-09,"7:33:50 PM",132,132,"Eggplant Parmesan",Italian,16.95
5536,2449,2023-02-10,"5:51:44 PM",132,132,"Eggplant Parmesan",Italian,16.95
5543,2452,2023-02-10,"6:09:01 PM",132,132,"Eggplant Parmesan",Italian,16.95
5559,2458,2023-02-10,"8:09:17 PM",132,132,"Eggplant Parmesan",Italian,16.95
5572,2467,2023-02-10,"9:35:04 PM",132,132,"Eggplant Parmesan",Italian,16.95
5599,2479,2023-02-11,"12:35:27 PM",132,132,"Eggplant Parmesan",Italian,16.95
5647,2503,2023-02-11,"5:08:24 PM",132,132,"Eggplant Parmesan",Italian,16.95
5677,2515,2023-02-11,"6:46:12 PM",132,132,"Eggplant Parmesan",Italian,16.95
5697,2523,2023-02-11,"7:30:16 PM",132,132,"Eggplant Parmesan",Italian,16.95
5713,2529,2023-02-11,"8:06:11 PM",132,132,"Eggplant Parmesan",Italian,16.95
5795,2568,2023-02-12,"3:53:33 PM",132,132,"Eggplant Parmesan",Italian,16.95
5803,2571,2023-02-12,"3:58:47 PM",132,132,"Eggplant Parmesan",Italian,16.95
5849,2593,2023-02-12,"10:02:05 PM",132,132,"Eggplant Parmesan",Italian,16.95
5860,2599,2023-02-13,"11:52:09 AM",132,132,"Eggplant Parmesan",Italian,16.95
5907,2616,2023-02-13,"1:59:40 PM",132,132,"Eggplant Parmesan",Italian,16.95
5995,2655,2023-02-13,"9:34:36 PM",132,132,"Eggplant Parmesan",Italian,16.95
6021,2670,2023-02-14,"1:13:51 PM",132,132,"Eggplant Parmesan",Italian,16.95
6026,2674,2023-02-14,"2:15:01 PM",132,132,"Eggplant Parmesan",Italian,16.95
6039,2675,2023-02-14,"2:41:49 PM",132,132,"Eggplant Parmesan",Italian,16.95
6040,2675,2023-02-14,"2:41:49 PM",132,132,"Eggplant Parmesan",Italian,16.95
6060,2689,2023-02-14,"5:48:59 PM",132,132,"Eggplant Parmesan",Italian,16.95
6131,2715,2023-02-14,"9:31:51 PM",132,132,"Eggplant Parmesan",Italian,16.95
6152,2724,2023-02-15,"11:48:59 AM",132,132,"Eggplant Parmesan",Italian,16.95
6221,2753,2023-02-15,"5:34:35 PM",132,132,"Eggplant Parmesan",Italian,16.95
6236,2760,2023-02-15,"6:50:04 PM",132,132,"Eggplant Parmesan",Italian,16.95
6252,2767,2023-02-15,"7:45:33 PM",132,132,"Eggplant Parmesan",Italian,16.95
6271,2774,2023-02-15,"9:02:44 PM",132,132,"Eggplant Parmesan",Italian,16.95
6275,2776,2023-02-15,"9:44:18 PM",132,132,"Eggplant Parmesan",Italian,16.95
6290,2781,2023-02-16,"11:47:04 AM",132,132,"Eggplant Parmesan",Italian,16.95
6296,2784,2023-02-16,"12:16:21 PM",132,132,"Eggplant Parmesan",Italian,16.95
6317,2792,2023-02-16,"12:56:07 PM",132,132,"Eggplant Parmesan",Italian,16.95
6328,2797,2023-02-16,"2:19:46 PM",132,132,"Eggplant Parmesan",Italian,16.95
6417,2841,2023-02-17,"1:25:44 PM",132,132,"Eggplant Parmesan",Italian,16.95
6433,2847,2023-02-17,"2:00:42 PM",132,132,"Eggplant Parmesan",Italian,16.95
6449,2851,2023-02-17,"2:23:26 PM",132,132,"Eggplant Parmesan",Italian,16.95
6456,2854,2023-02-17,"3:24:37 PM",132,132,"Eggplant Parmesan",Italian,16.95
6492,2875,2023-02-17,"7:26:46 PM",132,132,"Eggplant Parmesan",Italian,16.95
6549,2895,2023-02-18,"12:06:59 PM",132,132,"Eggplant Parmesan",Italian,16.95
6563,2902,2023-02-18,"1:04:25 PM",132,132,"Eggplant Parmesan",Italian,16.95
6575,2907,2023-02-18,"1:51:14 PM",132,132,"Eggplant Parmesan",Italian,16.95
6612,2923,2023-02-18,"5:49:17 PM",132,132,"Eggplant Parmesan",Italian,16.95
6621,2926,2023-02-18,"6:06:26 PM",132,132,"Eggplant Parmesan",Italian,16.95
6689,2951,2023-02-19,"11:39:10 AM",132,132,"Eggplant Parmesan",Italian,16.95
6720,2961,2023-02-19,"1:13:54 PM",132,132,"Eggplant Parmesan",Italian,16.95
6755,2980,2023-02-19,"4:48:44 PM",132,132,"Eggplant Parmesan",Italian,16.95
6762,2985,2023-02-19,"5:36:55 PM",132,132,"Eggplant Parmesan",Italian,16.95
6781,2995,2023-02-19,"6:59:05 PM",132,132,"Eggplant Parmesan",Italian,16.95
6845,3022,2023-02-20,"1:24:12 PM",132,132,"Eggplant Parmesan",Italian,16.95
6903,3046,2023-02-20,"5:35:34 PM",132,132,"Eggplant Parmesan",Italian,16.95
6907,3047,2023-02-20,"5:42:09 PM",132,132,"Eggplant Parmesan",Italian,16.95
6917,3052,2023-02-20,"5:57:21 PM",132,132,"Eggplant Parmesan",Italian,16.95
6921,3053,2023-02-20,"5:58:01 PM",132,132,"Eggplant Parmesan",Italian,16.95
6941,3063,2023-02-20,"8:03:43 PM",132,132,"Eggplant Parmesan",Italian,16.95
7052,3109,2023-02-21,"5:30:27 PM",132,132,"Eggplant Parmesan",Italian,16.95
7059,3112,2023-02-21,"6:12:32 PM",132,132,"Eggplant Parmesan",Italian,16.95
7063,3115,2023-02-21,"6:15:34 PM",132,132,"Eggplant Parmesan",Italian,16.95
7082,3125,2023-02-21,"8:12:37 PM",132,132,"Eggplant Parmesan",Italian,16.95
7086,3127,2023-02-21,"8:40:10 PM",132,132,"Eggplant Parmesan",Italian,16.95
7149,3151,2023-02-22,"4:34:34 PM",132,132,"Eggplant Parmesan",Italian,16.95
7155,3153,2023-02-22,"5:00:52 PM",132,132,"Eggplant Parmesan",Italian,16.95
7164,3159,2023-02-22,"7:38:44 PM",132,132,"Eggplant Parmesan",Italian,16.95
7212,3181,2023-02-23,"12:51:43 PM",132,132,"Eggplant Parmesan",Italian,16.95
7218,3185,2023-02-23,"1:22:07 PM",132,132,"Eggplant Parmesan",Italian,16.95
7244,3190,2023-02-23,"2:24:16 PM",132,132,"Eggplant Parmesan",Italian,16.95
7246,3191,2023-02-23,"3:11:01 PM",132,132,"Eggplant Parmesan",Italian,16.95
7257,3198,2023-02-23,"4:40:05 PM",132,132,"Eggplant Parmesan",Italian,16.95
7265,3201,2023-02-23,"5:21:33 PM",132,132,"Eggplant Parmesan",Italian,16.95
7271,3203,2023-02-23,"5:23:12 PM",132,132,"Eggplant Parmesan",Italian,16.95
7314,3223,2023-02-23,"10:05:27 PM",132,132,"Eggplant Parmesan",Italian,16.95
7366,3245,2023-02-24,"2:08:37 PM",132,132,"Eggplant Parmesan",Italian,16.95
7387,3255,2023-02-24,"4:41:21 PM",132,132,"Eggplant Parmesan",Italian,16.95
7399,3260,2023-02-24,"5:41:19 PM",132,132,"Eggplant Parmesan",Italian,16.95
7455,3286,2023-02-25,"11:50:16 AM",132,132,"Eggplant Parmesan",Italian,16.95
7465,3289,2023-02-25,"12:22:27 PM",132,132,"Eggplant Parmesan",Italian,16.95
7485,3294,2023-02-25,"12:43:23 PM",132,132,"Eggplant Parmesan",Italian,16.95
7522,3311,2023-02-25,"3:44:27 PM",132,132,"Eggplant Parmesan",Italian,16.95
7531,3316,2023-02-25,"4:38:42 PM",132,132,"Eggplant Parmesan",Italian,16.95
7559,3329,2023-02-25,"6:49:43 PM",132,132,"Eggplant Parmesan",Italian,16.95
7648,3366,2023-02-26,"2:18:48 PM",132,132,"Eggplant Parmesan",Italian,16.95
7678,3381,2023-02-26,"5:22:05 PM",132,132,"Eggplant Parmesan",Italian,16.95
7710,3394,2023-02-26,"7:03:13 PM",132,132,"Eggplant Parmesan",Italian,16.95
7789,3424,2023-02-27,"2:14:57 PM",132,132,"Eggplant Parmesan",Italian,16.95
7801,3430,2023-02-27,"4:25:27 PM",132,132,"Eggplant Parmesan",Italian,16.95
7809,3433,2023-02-27,"4:37:35 PM",132,132,"Eggplant Parmesan",Italian,16.95
7838,3446,2023-02-27,"6:09:37 PM",132,132,"Eggplant Parmesan",Italian,16.95
7890,3467,2023-02-27,"9:22:02 PM",132,132,"Eggplant Parmesan",Italian,16.95
7910,3473,2023-02-28,"11:49:43 AM",132,132,"Eggplant Parmesan",Italian,16.95
7962,3498,2023-02-28,"5:19:47 PM",132,132,"Eggplant Parmesan",Italian,16.95
7975,3502,2023-02-28,"6:02:19 PM",132,132,"Eggplant Parmesan",Italian,16.95
8014,3516,2023-02-28,"8:05:17 PM",132,132,"Eggplant Parmesan",Italian,16.95
8022,3520,2023-02-28,"8:47:42 PM",132,132,"Eggplant Parmesan",Italian,16.95
8032,3524,2023-02-28,"9:14:22 PM",132,132,"Eggplant Parmesan",Italian,16.95
8048,3530,2023-02-28,"11:05:17 PM",132,132,"Eggplant Parmesan",Italian,16.95
8053,3533,2023-03-01,"12:08:01 PM",132,132,"Eggplant Parmesan",Italian,16.95
8057,3535,2023-03-01,"12:47:14 PM",132,132,"Eggplant Parmesan",Italian,16.95
8066,3538,2023-03-01,"1:25:47 PM",132,132,"Eggplant Parmesan",Italian,16.95
8073,3541,2023-03-01,"2:39:01 PM",132,132,"Eggplant Parmesan",Italian,16.95
8083,3546,2023-03-01,"3:20:14 PM",132,132,"Eggplant Parmesan",Italian,16.95
8140,3575,2023-03-01,"9:10:58 PM",132,132,"Eggplant Parmesan",Italian,16.95
8181,3589,2023-03-02,"12:46:49 PM",132,132,"Eggplant Parmesan",Italian,16.95
8182,3589,2023-03-02,"12:46:49 PM",132,132,"Eggplant Parmesan",Italian,16.95
8234,3616,2023-03-02,"5:19:07 PM",132,132,"Eggplant Parmesan",Italian,16.95
8237,3617,2023-03-02,"5:31:32 PM",132,132,"Eggplant Parmesan",Italian,16.95
8267,3629,2023-03-02,"7:09:34 PM",132,132,"Eggplant Parmesan",Italian,16.95
8347,3659,2023-03-03,"2:03:25 PM",132,132,"Eggplant Parmesan",Italian,16.95
8348,3659,2023-03-03,"2:03:25 PM",132,132,"Eggplant Parmesan",Italian,16.95
8378,3670,2023-03-03,"5:27:05 PM",132,132,"Eggplant Parmesan",Italian,16.95
8397,3679,2023-03-03,"6:45:59 PM",132,132,"Eggplant Parmesan",Italian,16.95
8486,3715,2023-03-04,"2:51:20 PM",132,132,"Eggplant Parmesan",Italian,16.95
8522,3732,2023-03-04,"6:13:25 PM",132,132,"Eggplant Parmesan",Italian,16.95
8526,3733,2023-03-04,"6:19:59 PM",132,132,"Eggplant Parmesan",Italian,16.95
8591,3765,2023-03-05,"1:21:27 PM",132,132,"Eggplant Parmesan",Italian,16.95
8597,3769,2023-03-05,"1:28:39 PM",132,132,"Eggplant Parmesan",Italian,16.95
8614,3774,2023-03-05,"1:47:15 PM",132,132,"Eggplant Parmesan",Italian,16.95
8659,3793,2023-03-05,"5:04:01 PM",132,132,"Eggplant Parmesan",Italian,16.95
8674,3799,2023-03-05,"5:25:14 PM",132,132,"Eggplant Parmesan",Italian,16.95
8696,3809,2023-03-05,"6:52:11 PM",132,132,"Eggplant Parmesan",Italian,16.95
8702,3813,2023-03-05,"9:01:23 PM",132,132,"Eggplant Parmesan",Italian,16.95
8703,3814,2023-03-06,"11:31:55 AM",132,132,"Eggplant Parmesan",Italian,16.95
8741,3828,2023-03-06,"12:48:55 PM",132,132,"Eggplant Parmesan",Italian,16.95
8758,3840,2023-03-06,"3:18:05 PM",132,132,"Eggplant Parmesan",Italian,16.95
8764,3843,2023-03-06,"3:46:23 PM",132,132,"Eggplant Parmesan",Italian,16.95
8775,3850,2023-03-06,"5:12:49 PM",132,132,"Eggplant Parmesan",Italian,16.95
8801,3860,2023-03-06,"6:59:18 PM",132,132,"Eggplant Parmesan",Italian,16.95
8829,3870,2023-03-06,"8:34:43 PM",132,132,"Eggplant Parmesan",Italian,16.95
8879,3891,2023-03-07,"2:42:35 PM",132,132,"Eggplant Parmesan",Italian,16.95
8884,3893,2023-03-07,"3:06:30 PM",132,132,"Eggplant Parmesan",Italian,16.95
8890,3895,2023-03-07,"4:08:09 PM",132,132,"Eggplant Parmesan",Italian,16.95
8998,3940,2023-03-08,"12:29:28 PM",132,132,"Eggplant Parmesan",Italian,16.95
8999,3940,2023-03-08,"12:29:28 PM",132,132,"Eggplant Parmesan",Italian,16.95
9000,3940,2023-03-08,"12:29:28 PM",132,132,"Eggplant Parmesan",Italian,16.95
9054,3970,2023-03-08,"5:07:58 PM",132,132,"Eggplant Parmesan",Italian,16.95
9194,4027,2023-03-09,"4:50:50 PM",132,132,"Eggplant Parmesan",Italian,16.95
9197,4029,2023-03-09,"5:08:55 PM",132,132,"Eggplant Parmesan",Italian,16.95
9282,4064,2023-03-10,"12:39:50 PM",132,132,"Eggplant Parmesan",Italian,16.95
9300,4073,2023-03-10,"1:25:22 PM",132,132,"Eggplant Parmesan",Italian,16.95
9313,4077,2023-03-10,"1:55:11 PM",132,132,"Eggplant Parmesan",Italian,16.95
9317,4078,2023-03-10,"2:06:41 PM",132,132,"Eggplant Parmesan",Italian,16.95
9373,4105,2023-03-10,"7:30:41 PM",132,132,"Eggplant Parmesan",Italian,16.95
9397,4115,2023-03-11,"12:01:41 PM",132,132,"Eggplant Parmesan",Italian,16.95
9410,4122,2023-03-11,"12:44:34 PM",132,132,"Eggplant Parmesan",Italian,16.95
9440,4131,2023-03-11,"1:45:13 PM",132,132,"Eggplant Parmesan",Italian,16.95
9454,4136,2023-03-11,"2:33:24 PM",132,132,"Eggplant Parmesan",Italian,16.95
9495,4159,2023-03-11,"5:37:24 PM",132,132,"Eggplant Parmesan",Italian,16.95
9515,4167,2023-03-11,"6:46:52 PM",132,132,"Eggplant Parmesan",Italian,16.95
9522,4171,2023-03-11,"9:35:22 PM",132,132,"Eggplant Parmesan",Italian,16.95
9583,4198,2023-03-12,"3:38:35 PM",132,132,"Eggplant Parmesan",Italian,16.95
9601,4206,2023-03-12,"4:28:16 PM",132,132,"Eggplant Parmesan",Italian,16.95
9610,4209,2023-03-12,"5:06:27 PM",132,132,"Eggplant Parmesan",Italian,16.95
9632,4220,2023-03-12,"6:55:05 PM",132,132,"Eggplant Parmesan",Italian,16.95
9635,4223,2023-03-12,"7:39:15 PM",132,132,"Eggplant Parmesan",Italian,16.95
9683,4240,2023-03-13,"1:06:51 PM",132,132,"Eggplant Parmesan",Italian,16.95
9714,4254,2023-03-13,"4:59:32 PM",132,132,"Eggplant Parmesan",Italian,16.95
9729,4261,2023-03-13,"5:39:14 PM",132,132,"Eggplant Parmesan",Italian,16.95
9772,4279,2023-03-13,"7:35:26 PM",132,132,"Eggplant Parmesan",Italian,16.95
9840,4305,2023-03-14,"1:09:20 PM",132,132,"Eggplant Parmesan",Italian,16.95
9859,4314,2023-03-14,"2:37:47 PM",132,132,"Eggplant Parmesan",Italian,16.95
9860,4314,2023-03-14,"2:37:47 PM",132,132,"Eggplant Parmesan",Italian,16.95
9861,4314,2023-03-14,"2:37:47 PM",132,132,"Eggplant Parmesan",Italian,16.95
9924,4348,2023-03-14,"8:37:13 PM",132,132,"Eggplant Parmesan",Italian,16.95
9953,4359,2023-03-15,"12:42:51 PM",132,132,"Eggplant Parmesan",Italian,16.95
9976,4365,2023-03-15,"1:55:25 PM",132,132,"Eggplant Parmesan",Italian,16.95
10038,4392,2023-03-15,"6:44:40 PM",132,132,"Eggplant Parmesan",Italian,16.95
10056,4400,2023-03-15,"8:49:02 PM",132,132,"Eggplant Parmesan",Italian,16.95
10070,4407,2023-03-16,"12:10:54 PM",132,132,"Eggplant Parmesan",Italian,16.95
10085,4416,2023-03-16,"12:33:50 PM",132,132,"Eggplant Parmesan",Italian,16.95
10128,4434,2023-03-16,"4:01:07 PM",132,132,"Eggplant Parmesan",Italian,16.95
10154,4445,2023-03-16,"5:33:20 PM",132,132,"Eggplant Parmesan",Italian,16.95
10159,4447,2023-03-16,"5:46:16 PM",132,132,"Eggplant Parmesan",Italian,16.95
10199,4468,2023-03-16,"9:13:23 PM",132,132,"Eggplant Parmesan",Italian,16.95
10202,4469,2023-03-16,"10:47:49 PM",132,132,"Eggplant Parmesan",Italian,16.95
10249,4482,2023-03-17,"1:57:38 PM",132,132,"Eggplant Parmesan",Italian,16.95
10274,4494,2023-03-17,"4:07:40 PM",132,132,"Eggplant Parmesan",Italian,16.95
10305,4507,2023-03-17,"5:25:02 PM",132,132,"Eggplant Parmesan",Italian,16.95
10336,4521,2023-03-17,"7:18:43 PM",132,132,"Eggplant Parmesan",Italian,16.95
10394,4548,2023-03-18,"12:29:44 PM",132,132,"Eggplant Parmesan",Italian,16.95
10424,4563,2023-03-18,"2:03:10 PM",132,132,"Eggplant Parmesan",Italian,16.95
10427,4565,2023-03-18,"2:22:15 PM",132,132,"Eggplant Parmesan",Italian,16.95
10446,4575,2023-03-18,"5:27:18 PM",132,132,"Eggplant Parmesan",Italian,16.95
10483,4593,2023-03-18,"8:08:10 PM",132,132,"Eggplant Parmesan",Italian,16.95
10539,4619,2023-03-19,"1:21:51 PM",132,132,"Eggplant Parmesan",Italian,16.95
10546,4622,2023-03-19,"2:31:45 PM",132,132,"Eggplant Parmesan",Italian,16.95
10669,4668,2023-03-20,"12:53:37 PM",132,132,"Eggplant Parmesan",Italian,16.95
10681,4672,2023-03-20,"1:09:27 PM",132,132,"Eggplant Parmesan",Italian,16.95
10713,4692,2023-03-20,"5:35:37 PM",132,132,"Eggplant Parmesan",Italian,16.95
10727,4698,2023-03-20,"6:29:47 PM",132,132,"Eggplant Parmesan",Italian,16.95
10734,4702,2023-03-20,"6:54:47 PM",132,132,"Eggplant Parmesan",Italian,16.95
10746,4707,2023-03-20,"7:27:09 PM",132,132,"Eggplant Parmesan",Italian,16.95
10822,4735,2023-03-21,"1:20:32 PM",132,132,"Eggplant Parmesan",Italian,16.95
10855,4751,2023-03-21,"3:21:55 PM",132,132,"Eggplant Parmesan",Italian,16.95
10864,4756,2023-03-21,"4:51:43 PM",132,132,"Eggplant Parmesan",Italian,16.95
10910,4775,2023-03-21,"8:15:09 PM",132,132,"Eggplant Parmesan",Italian,16.95
10926,4784,2023-03-22,"12:23:54 PM",132,132,"Eggplant Parmesan",Italian,16.95
10947,4794,2023-03-22,"3:54:26 PM",132,132,"Eggplant Parmesan",Italian,16.95
10959,4800,2023-03-22,"4:49:55 PM",132,132,"Eggplant Parmesan",Italian,16.95
10969,4805,2023-03-22,"6:10:30 PM",132,132,"Eggplant Parmesan",Italian,16.95
11102,4865,2023-03-23,"6:58:05 PM",132,132,"Eggplant Parmesan",Italian,16.95
11105,4867,2023-03-23,"7:21:09 PM",132,132,"Eggplant Parmesan",Italian,16.95
11142,4887,2023-03-24,"12:04:00 PM",132,132,"Eggplant Parmesan",Italian,16.95
11198,4912,2023-03-24,"4:58:45 PM",132,132,"Eggplant Parmesan",Italian,16.95
11224,4927,2023-03-24,"7:38:31 PM",132,132,"Eggplant Parmesan",Italian,16.95
11257,4940,2023-03-24,"10:20:25 PM",132,132,"Eggplant Parmesan",Italian,16.95
11310,4968,2023-03-25,"5:07:45 PM",132,132,"Eggplant Parmesan",Italian,16.95
11320,4971,2023-03-25,"5:37:50 PM",132,132,"Eggplant Parmesan",Italian,16.95
11321,4971,2023-03-25,"5:37:50 PM",132,132,"Eggplant Parmesan",Italian,16.95
11389,5006,2023-03-26,"12:24:39 PM",132,132,"Eggplant Parmesan",Italian,16.95
11527,5066,2023-03-27,"12:20:59 PM",132,132,"Eggplant Parmesan",Italian,16.95
11559,5080,2023-03-27,"1:43:35 PM",132,132,"Eggplant Parmesan",Italian,16.95
11565,5085,2023-03-27,"2:57:13 PM",132,132,"Eggplant Parmesan",Italian,16.95
11620,5108,2023-03-27,"6:16:47 PM",132,132,"Eggplant Parmesan",Italian,16.95
11624,5109,2023-03-27,"6:19:24 PM",132,132,"Eggplant Parmesan",Italian,16.95
11627,5110,2023-03-27,"6:26:20 PM",132,132,"Eggplant Parmesan",Italian,16.95
11638,5116,2023-03-27,"7:30:46 PM",132,132,"Eggplant Parmesan",Italian,16.95
11698,5140,2023-03-28,"12:45:45 PM",132,132,"Eggplant Parmesan",Italian,16.95
11708,5145,2023-03-28,"2:15:53 PM",132,132,"Eggplant Parmesan",Italian,16.95
11763,5169,2023-03-28,"6:04:45 PM",132,132,"Eggplant Parmesan",Italian,16.95
11780,5178,2023-03-28,"7:37:09 PM",132,132,"Eggplant Parmesan",Italian,16.95
11804,5188,2023-03-28,"8:43:58 PM",132,132,"Eggplant Parmesan",Italian,16.95
11819,5196,2023-03-29,"12:03:04 PM",132,132,"Eggplant Parmesan",Italian,16.95
11851,5202,2023-03-29,"1:00:19 PM",132,132,"Eggplant Parmesan",Italian,16.95
11858,5205,2023-03-29,"1:54:15 PM",132,132,"Eggplant Parmesan",Italian,16.95
11888,5218,2023-03-29,"4:17:59 PM",132,132,"Eggplant Parmesan",Italian,16.95
11908,5226,2023-03-29,"5:43:56 PM",132,132,"Eggplant Parmesan",Italian,16.95
11957,5251,2023-03-30,"11:52:18 AM",132,132,"Eggplant Parmesan",Italian,16.95
11992,5266,2023-03-30,"1:53:43 PM",132,132,"Eggplant Parmesan",Italian,16.95
12042,5290,2023-03-30,"6:18:27 PM",132,132,"Eggplant Parmesan",Italian,16.95
12120,5322,2023-03-31,"1:35:58 PM",132,132,"Eggplant Parmesan",Italian,16.95
12126,5326,2023-03-31,"1:50:17 PM",132,132,"Eggplant Parmesan",Italian,16.95
12149,5334,2023-03-31,"3:29:36 PM",132,132,"Eggplant Parmesan",Italian,16.95
12169,5344,2023-03-31,"5:22:40 PM",132,132,"Eggplant Parmesan",Italian,16.95
12194,5355,2023-03-31,"6:51:00 PM",132,132,"Eggplant Parmesan",Italian,16.95
